generation_id,operation_id,every_km,every_months,source
1,1,15000,12,template_economy
1,4,80000,60,template_economy
1,5,60000,24,template_economy
1,9,15000,12,template_economy
1,10,30000,24,template_economy
1,11,15000,12,template_economy
1,12,60000,48,template_economy
1,13,40000,,template_economy
1,14,60000,,template_economy
1,15,80000,,template_economy
1,18,90000,72,template_economy
1,19,60000,60,template_economy
1,21,30000,36,template_economy
1,23,,48,template_economy
1,25,,12,template_economy
1,26,,12,template_economy
1,28,15000,12,template_economy
1,30,20000,,template_economy
1,31,,6,template_economy
1,32,,24,template_economy
2,1,15000,12,template_economy
2,4,80000,60,template_economy
2,5,60000,24,template_economy
2,9,15000,12,template_economy
2,10,30000,24,template_economy
2,11,15000,12,template_economy
2,12,60000,48,template_economy
2,13,40000,,template_economy
2,14,60000,,template_economy
2,15,80000,,template_economy
2,18,90000,72,template_economy
2,19,60000,60,template_economy
2,21,30000,36,template_economy
2,23,,48,template_economy
2,25,,12,template_economy
2,26,,12,template_economy
2,28,15000,12,template_economy
2,30,20000,,template_economy
2,31,,6,template_economy
2,32,,24,template_economy
3,1,10000,12,template_suv
3,2,60000,48,template_suv
3,3,60000,60,template_suv
3,4,60000,36,template_suv
3,5,40000,24,template_suv
3,7,40000,36,template_suv
3,9,10000,12,template_suv
3,10,15000,24,template_suv
3,11,15000,12,template_suv
3,12,40000,48,template_suv
3,13,40000,,template_suv
3,14,60000,,template_suv
3,15,80000,,template_suv
3,18,90000,72,template_suv
3,19,60000,60,template_suv
3,21,30000,36,template_suv
3,23,,36,template_suv
3,25,,12,template_suv
3,26,,12,template_suv
3,28,10000,12,template_suv
3,29,20000,,template_suv
3,30,15000,,template_suv
3,31,,6,template_suv
3,32,,24,template_suv
4,1,15000,12,template_crossover
4,2,60000,48,template_crossover
4,4,80000,48,template_crossover
4,5,60000,24,template_crossover
4,7,60000,60,template_crossover
4,9,15000,12,template_crossover
4,10,30000,24,template_crossover
4,11,15000,12,template_crossover
4,12,60000,48,template_crossover
4,13,50000,,template_crossover
4,14,70000,,template_crossover
4,15,100000,,template_crossover
4,18,100000,72,template_crossover
4,19,80000,60,template_crossover
4,21,60000,60,template_crossover
4,23,,48,template_crossover
4,25,,12,template_crossover
4,26,,12,template_crossover
4,28,15000,12,template_crossover
4,29,30000,,template_crossover
4,30,20000,,template_crossover
4,31,,6,template_crossover
4,32,,24,template_crossover
5,1,15000,12,template_crossover
5,2,60000,48,template_crossover
5,4,80000,48,template_crossover
5,5,60000,24,template_crossover
5,7,60000,60,template_crossover
5,9,15000,12,template_crossover
5,10,30000,24,template_crossover
5,11,15000,12,template_crossover
5,12,60000,48,template_crossover
5,13,50000,,template_crossover
5,14,70000,,template_crossover
5,15,100000,,template_crossover
5,18,100000,72,template_crossover
5,19,80000,60,template_crossover
5,21,60000,60,template_crossover
5,23,,48,template_crossover
5,25,,12,template_crossover
5,26,,12,template_crossover
5,28,15000,12,template_crossover
5,29,30000,,template_crossover
5,30,20000,,template_crossover
5,31,,6,template_crossover
5,32,,24,template_crossover
6,1,15000,12,template_economy
6,4,80000,60,template_economy
6,5,60000,24,template_economy
6,9,15000,12,template_economy
6,10,30000,24,template_economy
6,11,15000,12,template_economy
6,12,60000,48,template_economy
6,13,40000,,template_economy
6,14,60000,,template_economy
6,15,80000,,template_economy
6,18,90000,72,template_economy
6,19,60000,60,template_economy
6,21,30000,36,template_economy
6,23,,48,template_economy
6,25,,12,template_economy
6,26,,12,template_economy
6,28,15000,12,template_economy
6,30,20000,,template_economy
6,31,,6,template_economy
6,32,,24,template_economy
7,1,15000,12,template_crossover
7,2,60000,48,template_crossover
7,4,80000,48,template_crossover
7,5,60000,24,template_crossover
7,7,60000,60,template_crossover
7,9,15000,12,template_crossover
7,10,30000,24,template_crossover
7,11,15000,12,template_crossover
7,12,60000,48,template_crossover
7,13,50000,,template_crossover
7,14,70000,,template_crossover
7,15,100000,,template_crossover
7,18,100000,72,template_crossover
7,19,80000,60,template_crossover
7,21,60000,60,template_crossover
7,23,,48,template_crossover
7,25,,12,template_crossover
7,26,,12,template_crossover
7,28,15000,12,template_crossover
7,29,30000,,template_crossover
7,30,20000,,template_crossover
7,31,,6,template_crossover
7,32,,24,template_crossover
8,1,15000,12,template_mid_size
8,2,80000,60,template_mid_size
8,4,120000,60,template_mid_size
8,5,60000,24,template_mid_size
8,6,120000,84,template_mid_size
8,9,15000,12,template_mid_size
8,10,30000,24,template_mid_size
8,11,15000,12,template_mid_size
8,12,60000,48,template_mid_size
8,13,50000,,template_mid_size
8,14,70000,,template_mid_size
8,15,100000,,template_mid_size
8,18,100000,72,template_mid_size
8,19,80000,60,template_mid_size
8,21,60000,60,template_mid_size
8,23,,48,template_mid_size
8,25,,12,template_mid_size
8,26,,12,template_mid_size
8,28,15000,12,template_mid_size
8,30,20000,,template_mid_size
8,31,,6,template_mid_size
8,32,,24,template_mid_size
9,1,15000,12,template_economy
9,4,80000,60,template_economy
9,5,60000,24,template_economy
9,9,15000,12,template_economy
9,10,30000,24,template_economy
9,11,15000,12,template_economy
9,12,60000,48,template_economy
9,13,40000,,template_economy
9,14,60000,,template_economy
9,15,80000,,template_economy
9,18,90000,72,template_economy
9,19,60000,60,template_economy
9,21,30000,36,template_economy
9,23,,48,template_economy
9,25,,12,template_economy
9,26,,12,template_economy
9,28,15000,12,template_economy
9,30,20000,,template_economy
9,31,,6,template_economy
9,32,,24,template_economy
10,1,15000,12,template_economy
10,4,80000,60,template_economy
10,5,60000,24,template_economy
10,9,15000,12,template_economy
10,10,30000,24,template_economy
10,11,15000,12,template_economy
10,12,60000,48,template_economy
10,13,40000,,template_economy
10,14,60000,,template_economy
10,15,80000,,template_economy
10,18,90000,72,template_economy
10,19,60000,60,template_economy
10,21,30000,36,template_economy
10,23,,48,template_economy
10,25,,12,template_economy
10,26,,12,template_economy
10,28,15000,12,template_economy
10,30,20000,,template_economy
10,31,,6,template_economy
10,32,,24,template_economy
11,1,10000,12,template_suv
11,2,60000,48,template_suv
11,3,60000,60,template_suv
11,4,60000,36,template_suv
11,5,40000,24,template_suv
11,7,40000,36,template_suv
11,9,10000,12,template_suv
11,10,15000,24,template_suv
11,11,15000,12,template_suv
11,12,40000,48,template_suv
11,13,40000,,template_suv
11,14,60000,,template_suv
11,15,80000,,template_suv
11,18,90000,72,template_suv
11,19,60000,60,template_suv
11,21,30000,36,template_suv
11,23,,36,template_suv
11,25,,12,template_suv
11,26,,12,template_suv
11,28,10000,12,template_suv
11,29,20000,,template_suv
11,30,15000,,template_suv
11,31,,6,template_suv
11,32,,24,template_suv
12,1,10000,12,template_suv
12,2,60000,48,template_suv
12,3,60000,60,template_suv
12,4,60000,36,template_suv
12,5,40000,24,template_suv
12,7,40000,36,template_suv
12,9,10000,12,template_suv
12,10,15000,24,template_suv
12,11,15000,12,template_suv
12,12,40000,48,template_suv
12,13,40000,,template_suv
12,14,60000,,template_suv
12,15,80000,,template_suv
12,18,90000,72,template_suv
12,19,60000,60,template_suv
12,21,30000,36,template_suv
12,23,,36,template_suv
12,25,,12,template_suv
12,26,,12,template_suv
12,28,10000,12,template_suv
12,29,20000,,template_suv
12,30,15000,,template_suv
12,31,,6,template_suv
12,32,,24,template_suv
13,1,10000,12,template_lcv
13,3,60000,60,template_lcv
13,4,60000,48,template_lcv
13,5,40000,24,template_lcv
13,9,10000,12,template_lcv
13,10,20000,24,template_lcv
13,11,10000,12,template_lcv
13,12,40000,48,template_lcv
13,13,30000,,template_lcv
13,14,50000,,template_lcv
13,15,60000,,template_lcv
13,18,80000,60,template_lcv
13,19,60000,60,template_lcv
13,21,30000,36,template_lcv
13,23,,36,template_lcv
13,25,,12,template_lcv
13,26,,12,template_lcv
13,28,10000,12,template_lcv
13,29,20000,,template_lcv
13,30,20000,,template_lcv
13,31,,6,template_lcv
14,1,10000,12,template_suv
14,2,60000,48,template_suv
14,3,60000,60,template_suv
14,4,60000,36,template_suv
14,5,40000,24,template_suv
14,7,40000,36,template_suv
14,9,10000,12,template_suv
14,10,15000,24,template_suv
14,11,15000,12,template_suv
14,12,40000,48,template_suv
14,13,40000,,template_suv
14,14,60000,,template_suv
14,15,80000,,template_suv
14,18,90000,72,template_suv
14,19,60000,60,template_suv
14,21,30000,36,template_suv
14,23,,36,template_suv
14,25,,12,template_suv
14,26,,12,template_suv
14,28,10000,12,template_suv
14,29,20000,,template_suv
14,30,15000,,template_suv
14,31,,6,template_suv
14,32,,24,template_suv
15,1,10000,12,template_lcv
15,3,60000,60,template_lcv
15,4,60000,48,template_lcv
15,5,40000,24,template_lcv
15,9,10000,12,template_lcv
15,10,20000,24,template_lcv
15,11,10000,12,template_lcv
15,12,40000,48,template_lcv
15,13,30000,,template_lcv
15,14,50000,,template_lcv
15,15,60000,,template_lcv
15,18,80000,60,template_lcv
15,19,60000,60,template_lcv
15,21,30000,36,template_lcv
15,23,,36,template_lcv
15,25,,12,template_lcv
15,26,,12,template_lcv
15,28,10000,12,template_lcv
15,29,20000,,template_lcv
15,30,20000,,template_lcv
15,31,,6,template_lcv
16,1,10000,12,template_lcv
16,3,60000,60,template_lcv
16,4,60000,48,template_lcv
16,5,40000,24,template_lcv
16,9,10000,12,template_lcv
16,10,20000,24,template_lcv
16,11,10000,12,template_lcv
16,12,40000,48,template_lcv
16,13,30000,,template_lcv
16,14,50000,,template_lcv
16,15,60000,,template_lcv
16,18,80000,60,template_lcv
16,19,60000,60,template_lcv
16,21,30000,36,template_lcv
16,23,,36,template_lcv
16,25,,12,template_lcv
16,26,,12,template_lcv
16,28,10000,12,template_lcv
16,29,20000,,template_lcv
16,30,20000,,template_lcv
16,31,,6,template_lcv
17,1,10000,12,template_lcv
17,3,60000,60,template_lcv
17,4,60000,48,template_lcv
17,5,40000,24,template_lcv
17,9,10000,12,template_lcv
17,10,20000,24,template_lcv
17,11,10000,12,template_lcv
17,12,40000,48,template_lcv
17,13,30000,,template_lcv
17,14,50000,,template_lcv
17,15,60000,,template_lcv
17,18,80000,60,template_lcv
17,19,60000,60,template_lcv
17,21,30000,36,template_lcv
17,23,,36,template_lcv
17,25,,12,template_lcv
17,26,,12,template_lcv
17,28,10000,12,template_lcv
17,29,20000,,template_lcv
17,30,20000,,template_lcv
17,31,,6,template_lcv
18,1,10000,12,template_lcv
18,3,60000,60,template_lcv
18,4,60000,48,template_lcv
18,5,40000,24,template_lcv
18,9,10000,12,template_lcv
18,10,20000,24,template_lcv
18,11,10000,12,template_lcv
18,12,40000,48,template_lcv
18,13,30000,,template_lcv
18,14,50000,,template_lcv
18,15,60000,,template_lcv
18,18,80000,60,template_lcv
18,19,60000,60,template_lcv
18,21,30000,36,template_lcv
18,23,,36,template_lcv
18,25,,12,template_lcv
18,26,,12,template_lcv
18,28,10000,12,template_lcv
18,29,20000,,template_lcv
18,30,20000,,template_lcv
18,31,,6,template_lcv
19,1,15000,12,template_crossover
19,2,60000,48,template_crossover
19,4,80000,48,template_crossover
19,5,60000,24,template_crossover
19,7,60000,60,template_crossover
19,9,15000,12,template_crossover
19,10,30000,24,template_crossover
19,11,15000,12,template_crossover
19,12,60000,48,template_crossover
19,13,50000,,template_crossover
19,14,70000,,template_crossover
19,15,100000,,template_crossover
19,18,100000,72,template_crossover
19,19,80000,60,template_crossover
19,21,60000,60,template_crossover
19,23,,48,template_crossover
19,25,,12,template_crossover
19,26,,12,template_crossover
19,28,15000,12,template_crossover
19,29,30000,,template_crossover
19,30,20000,,template_crossover
19,31,,6,template_crossover
19,32,,24,template_crossover
20,1,15000,12,template_crossover
20,2,60000,48,template_crossover
20,4,80000,48,template_crossover
20,5,60000,24,template_crossover
20,7,60000,60,template_crossover
20,9,15000,12,template_crossover
20,10,30000,24,template_crossover
20,11,15000,12,template_crossover
20,12,60000,48,template_crossover
20,13,50000,,template_crossover
20,14,70000,,template_crossover
20,15,100000,,template_crossover
20,18,100000,72,template_crossover
20,19,80000,60,template_crossover
20,21,60000,60,template_crossover
20,23,,48,template_crossover
20,25,,12,template_crossover
20,26,,12,template_crossover
20,28,15000,12,template_crossover
20,29,30000,,template_crossover
20,30,20000,,template_crossover
20,31,,6,template_crossover
20,32,,24,template_crossover
21,1,15000,12,template_mid_size
21,2,80000,60,template_mid_size
21,4,120000,60,template_mid_size
21,5,60000,24,template_mid_size
21,6,120000,84,template_mid_size
21,9,15000,12,template_mid_size
21,10,30000,24,template_mid_size
21,11,15000,12,template_mid_size
21,12,60000,48,template_mid_size
21,13,50000,,template_mid_size
21,14,70000,,template_mid_size
21,15,100000,,template_mid_size
21,18,100000,72,template_mid_size
21,19,80000,60,template_mid_size
21,21,60000,60,template_mid_size
21,23,,48,template_mid_size
21,25,,12,template_mid_size
21,26,,12,template_mid_size
21,28,15000,12,template_mid_size
21,30,20000,,template_mid_size
21,31,,6,template_mid_size
21,32,,24,template_mid_size
22,1,15000,12,template_crossover
22,2,60000,48,template_crossover
22,4,80000,48,template_crossover
22,5,60000,24,template_crossover
22,7,60000,60,template_crossover
22,9,15000,12,template_crossover
22,10,30000,24,template_crossover
22,11,15000,12,template_crossover
22,12,60000,48,template_crossover
22,13,50000,,template_crossover
22,14,70000,,template_crossover
22,15,100000,,template_crossover
22,18,100000,72,template_crossover
22,19,80000,60,template_crossover
22,21,60000,60,template_crossover
22,23,,48,template_crossover
22,25,,12,template_crossover
22,26,,12,template_crossover
22,28,15000,12,template_crossover
22,29,30000,,template_crossover
22,30,20000,,template_crossover
22,31,,6,template_crossover
22,32,,24,template_crossover
23,1,15000,12,template_mid_size
23,2,80000,60,template_mid_size
23,4,120000,60,template_mid_size
23,5,60000,24,template_mid_size
23,6,120000,84,template_mid_size
23,9,15000,12,template_mid_size
23,10,30000,24,template_mid_size
23,11,15000,12,template_mid_size
23,12,60000,48,template_mid_size
23,13,50000,,template_mid_size
23,14,70000,,template_mid_size
23,15,100000,,template_mid_size
23,18,100000,72,template_mid_size
23,19,80000,60,template_mid_size
23,21,60000,60,template_mid_size
23,23,,48,template_mid_size
23,25,,12,template_mid_size
23,26,,12,template_mid_size
23,28,15000,12,template_mid_size
23,30,20000,,template_mid_size
23,31,,6,template_mid_size
23,32,,24,template_mid_size
24,1,15000,12,template_crossover
24,2,60000,48,template_crossover
24,4,80000,48,template_crossover
24,5,60000,24,template_crossover
24,7,60000,60,template_crossover
24,9,15000,12,template_crossover
24,10,30000,24,template_crossover
24,11,15000,12,template_crossover
24,12,60000,48,template_crossover
24,13,50000,,template_crossover
24,14,70000,,template_crossover
24,15,100000,,template_crossover
24,18,100000,72,template_crossover
24,19,80000,60,template_crossover
24,21,60000,60,template_crossover
24,23,,48,template_crossover
24,25,,12,template_crossover
24,26,,12,template_crossover
24,28,15000,12,template_crossover
24,29,30000,,template_crossover
24,30,20000,,template_crossover
24,31,,6,template_crossover
24,32,,24,template_crossover
25,1,10000,12,template_lcv
25,3,60000,60,template_lcv
25,4,60000,48,template_lcv
25,5,40000,24,template_lcv
25,9,10000,12,template_lcv
25,10,20000,24,template_lcv
25,11,10000,12,template_lcv
25,12,40000,48,template_lcv
25,13,30000,,template_lcv
25,14,50000,,template_lcv
25,15,60000,,template_lcv
25,18,80000,60,template_lcv
25,19,60000,60,template_lcv
25,21,30000,36,template_lcv
25,23,,36,template_lcv
25,25,,12,template_lcv
25,26,,12,template_lcv
25,28,10000,12,template_lcv
25,29,20000,,template_lcv
25,30,20000,,template_lcv
25,31,,6,template_lcv
26,1,10000,12,template_lcv
26,3,60000,60,template_lcv
26,4,60000,48,template_lcv
26,5,40000,24,template_lcv
26,9,10000,12,template_lcv
26,10,20000,24,template_lcv
26,11,10000,12,template_lcv
26,12,40000,48,template_lcv
26,13,30000,,template_lcv
26,14,50000,,template_lcv
26,15,60000,,template_lcv
26,18,80000,60,template_lcv
26,19,60000,60,template_lcv
26,21,30000,36,template_lcv
26,23,,36,template_lcv
26,25,,12,template_lcv
26,26,,12,template_lcv
26,28,10000,12,template_lcv
26,29,20000,,template_lcv
26,30,20000,,template_lcv
26,31,,6,template_lcv
27,1,15000,12,template_mid_size
27,2,80000,60,template_mid_size
27,4,120000,60,template_mid_size
27,5,60000,24,template_mid_size
27,6,120000,84,template_mid_size
27,9,15000,12,template_mid_size
27,10,30000,24,template_mid_size
27,11,15000,12,template_mid_size
27,12,60000,48,template_mid_size
27,13,50000,,template_mid_size
27,14,70000,,template_mid_size
27,15,100000,,template_mid_size
27,18,100000,72,template_mid_size
27,19,80000,60,template_mid_size
27,21,60000,60,template_mid_size
27,23,,48,template_mid_size
27,25,,12,template_mid_size
27,26,,12,template_mid_size
27,28,15000,12,template_mid_size
27,30,20000,,template_mid_size
27,31,,6,template_mid_size
27,32,,24,template_mid_size
28,1,15000,12,template_mid_size
28,2,80000,60,template_mid_size
28,4,120000,60,template_mid_size
28,5,60000,24,template_mid_size
28,6,120000,84,template_mid_size
28,9,15000,12,template_mid_size
28,10,30000,24,template_mid_size
28,11,15000,12,template_mid_size
28,12,60000,48,template_mid_size
28,13,50000,,template_mid_size
28,14,70000,,template_mid_size
28,15,100000,,template_mid_size
28,18,100000,72,template_mid_size
28,19,80000,60,template_mid_size
28,21,60000,60,template_mid_size
28,23,,48,template_mid_size
28,25,,12,template_mid_size
28,26,,12,template_mid_size
28,28,15000,12,template_mid_size
28,30,20000,,template_mid_size
28,31,,6,template_mid_size
28,32,,24,template_mid_size
29,1,15000,12,template_economy
29,4,80000,60,template_economy
29,5,60000,24,template_economy
29,9,15000,12,template_economy
29,10,30000,24,template_economy
29,11,15000,12,template_economy
29,12,60000,48,template_economy
29,13,40000,,template_economy
29,14,60000,,template_economy
29,15,80000,,template_economy
29,18,90000,72,template_economy
29,19,60000,60,template_economy
29,21,30000,36,template_economy
29,23,,48,template_economy
29,25,,12,template_economy
29,26,,12,template_economy
29,28,15000,12,template_economy
29,30,20000,,template_economy
29,31,,6,template_economy
29,32,,24,template_economy
30,1,15000,12,template_economy
30,4,80000,60,template_economy
30,5,60000,24,template_economy
30,9,15000,12,template_economy
30,10,30000,24,template_economy
30,11,15000,12,template_economy
30,12,60000,48,template_economy
30,13,40000,,template_economy
30,14,60000,,template_economy
30,15,80000,,template_economy
30,18,90000,72,template_economy
30,19,60000,60,template_economy
30,21,30000,36,template_economy
30,23,,48,template_economy
30,25,,12,template_economy
30,26,,12,template_economy
30,28,15000,12,template_economy
30,30,20000,,template_economy
30,31,,6,template_economy
30,32,,24,template_economy
31,1,15000,12,template_crossover
31,2,60000,48,template_crossover
31,4,80000,48,template_crossover
31,5,60000,24,template_crossover
31,7,60000,60,template_crossover
31,9,15000,12,template_crossover
31,10,30000,24,template_crossover
31,11,15000,12,template_crossover
31,12,60000,48,template_crossover
31,13,50000,,template_crossover
31,14,70000,,template_crossover
31,15,100000,,template_crossover
31,18,100000,72,template_crossover
31,19,80000,60,template_crossover
31,21,60000,60,template_crossover
31,23,,48,template_crossover
31,25,,12,template_crossover
31,26,,12,template_crossover
31,28,15000,12,template_crossover
31,29,30000,,template_crossover
31,30,20000,,template_crossover
31,31,,6,template_crossover
31,32,,24,template_crossover
32,1,15000,12,template_crossover
32,2,60000,48,template_crossover
32,4,80000,48,template_crossover
32,5,60000,24,template_crossover
32,7,60000,60,template_crossover
32,9,15000,12,template_crossover
32,10,30000,24,template_crossover
32,11,15000,12,template_crossover
32,12,60000,48,template_crossover
32,13,50000,,template_crossover
32,14,70000,,template_crossover
32,15,100000,,template_crossover
32,18,100000,72,template_crossover
32,19,80000,60,template_crossover
32,21,60000,60,template_crossover
32,23,,48,template_crossover
32,25,,12,template_crossover
32,26,,12,template_crossover
32,28,15000,12,template_crossover
32,29,30000,,template_crossover
32,30,20000,,template_crossover
32,31,,6,template_crossover
32,32,,24,template_crossover
33,1,15000,12,template_crossover
33,2,60000,48,template_crossover
33,4,80000,48,template_crossover
33,5,60000,24,template_crossover
33,7,60000,60,template_crossover
33,9,15000,12,template_crossover
33,10,30000,24,template_crossover
33,11,15000,12,template_crossover
33,12,60000,48,template_crossover
33,13,50000,,template_crossover
33,14,70000,,template_crossover
33,15,100000,,template_crossover
33,18,100000,72,template_crossover
33,19,80000,60,template_crossover
33,21,60000,60,template_crossover
33,23,,48,template_crossover
33,25,,12,template_crossover
33,26,,12,template_crossover
33,28,15000,12,template_crossover
33,29,30000,,template_crossover
33,30,20000,,template_crossover
33,31,,6,template_crossover
33,32,,24,template_crossover
34,1,15000,12,template_crossover
34,2,60000,48,template_crossover
34,4,80000,48,template_crossover
34,5,60000,24,template_crossover
34,7,60000,60,template_crossover
34,9,15000,12,template_crossover
34,10,30000,24,template_crossover
34,11,15000,12,template_crossover
34,12,60000,48,template_crossover
34,13,50000,,template_crossover
34,14,70000,,template_crossover
34,15,100000,,template_crossover
34,18,100000,72,template_crossover
34,19,80000,60,template_crossover
34,21,60000,60,template_crossover
34,23,,48,template_crossover
34,25,,12,template_crossover
34,26,,12,template_crossover
34,28,15000,12,template_crossover
34,29,30000,,template_crossover
34,30,20000,,template_crossover
34,31,,6,template_crossover
34,32,,24,template_crossover
35,1,15000,12,template_mid_size
35,2,80000,60,template_mid_size
35,4,120000,60,template_mid_size
35,5,60000,24,template_mid_size
35,6,120000,84,template_mid_size
35,9,15000,12,template_mid_size
35,10,30000,24,template_mid_size
35,11,15000,12,template_mid_size
35,12,60000,48,template_mid_size
35,13,50000,,template_mid_size
35,14,70000,,template_mid_size
35,15,100000,,template_mid_size
35,18,100000,72,template_mid_size
35,19,80000,60,template_mid_size
35,21,60000,60,template_mid_size
35,23,,48,template_mid_size
35,25,,12,template_mid_size
35,26,,12,template_mid_size
35,28,15000,12,template_mid_size
35,30,20000,,template_mid_size
35,31,,6,template_mid_size
35,32,,24,template_mid_size
36,1,15000,12,template_mid_size
36,2,80000,60,template_mid_size
36,4,120000,60,template_mid_size
36,5,60000,24,template_mid_size
36,6,120000,84,template_mid_size
36,9,15000,12,template_mid_size
36,10,30000,24,template_mid_size
36,11,15000,12,template_mid_size
36,12,60000,48,template_mid_size
36,13,50000,,template_mid_size
36,14,70000,,template_mid_size
36,15,100000,,template_mid_size
36,18,100000,72,template_mid_size
36,19,80000,60,template_mid_size
36,21,60000,60,template_mid_size
36,23,,48,template_mid_size
36,25,,12,template_mid_size
36,26,,12,template_mid_size
36,28,15000,12,template_mid_size
36,30,20000,,template_mid_size
36,31,,6,template_mid_size
36,32,,24,template_mid_size
37,1,15000,12,template_economy
37,4,80000,60,template_economy
37,5,60000,24,template_economy
37,9,15000,12,template_economy
37,10,30000,24,template_economy
37,11,15000,12,template_economy
37,12,60000,48,template_economy
37,13,40000,,template_economy
37,14,60000,,template_economy
37,15,80000,,template_economy
37,18,90000,72,template_economy
37,19,60000,60,template_economy
37,21,30000,36,template_economy
37,23,,48,template_economy
37,25,,12,template_economy
37,26,,12,template_economy
37,28,15000,12,template_economy
37,30,20000,,template_economy
37,31,,6,template_economy
37,32,,24,template_economy
38,1,15000,12,template_mid_size
38,2,80000,60,template_mid_size
38,4,120000,60,template_mid_size
38,5,60000,24,template_mid_size
38,6,120000,84,template_mid_size
38,9,15000,12,template_mid_size
38,10,30000,24,template_mid_size
38,11,15000,12,template_mid_size
38,12,60000,48,template_mid_size
38,13,50000,,template_mid_size
38,14,70000,,template_mid_size
38,15,100000,,template_mid_size
38,18,100000,72,template_mid_size
38,19,80000,60,template_mid_size
38,21,60000,60,template_mid_size
38,23,,48,template_mid_size
38,25,,12,template_mid_size
38,26,,12,template_mid_size
38,28,15000,12,template_mid_size
38,30,20000,,template_mid_size
38,31,,6,template_mid_size
38,32,,24,template_mid_size
39,1,15000,12,template_mid_size
39,2,80000,60,template_mid_size
39,4,120000,60,template_mid_size
39,5,60000,24,template_mid_size
39,6,120000,84,template_mid_size
39,9,15000,12,template_mid_size
39,10,30000,24,template_mid_size
39,11,15000,12,template_mid_size
39,12,60000,48,template_mid_size
39,13,50000,,template_mid_size
39,14,70000,,template_mid_size
39,15,100000,,template_mid_size
39,18,100000,72,template_mid_size
39,19,80000,60,template_mid_size
39,21,60000,60,template_mid_size
39,23,,48,template_mid_size
39,25,,12,template_mid_size
39,26,,12,template_mid_size
39,28,15000,12,template_mid_size
39,30,20000,,template_mid_size
39,31,,6,template_mid_size
39,32,,24,template_mid_size
40,1,15000,12,template_mid_size
40,2,80000,60,template_mid_size
40,4,120000,60,template_mid_size
40,5,60000,24,template_mid_size
40,6,120000,84,template_mid_size
40,9,15000,12,template_mid_size
40,10,30000,24,template_mid_size
40,11,15000,12,template_mid_size
40,12,60000,48,template_mid_size
40,13,50000,,template_mid_size
40,14,70000,,template_mid_size
40,15,100000,,template_mid_size
40,18,100000,72,template_mid_size
40,19,80000,60,template_mid_size
40,21,60000,60,template_mid_size
40,23,,48,template_mid_size
40,25,,12,template_mid_size
40,26,,12,template_mid_size
40,28,15000,12,template_mid_size
40,30,20000,,template_mid_size
40,31,,6,template_mid_size
40,32,,24,template_mid_size
41,1,15000,12,template_crossover
41,2,60000,48,template_crossover
41,4,80000,48,template_crossover
41,5,60000,24,template_crossover
41,7,60000,60,template_crossover
41,9,15000,12,template_crossover
41,10,30000,24,template_crossover
41,11,15000,12,template_crossover
41,12,60000,48,template_crossover
41,13,50000,,template_crossover
41,14,70000,,template_crossover
41,15,100000,,template_crossover
41,18,100000,72,template_crossover
41,19,80000,60,template_crossover
41,21,60000,60,template_crossover
41,23,,48,template_crossover
41,25,,12,template_crossover
41,26,,12,template_crossover
41,28,15000,12,template_crossover
41,29,30000,,template_crossover
41,30,20000,,template_crossover
41,31,,6,template_crossover
41,32,,24,template_crossover
42,1,15000,12,template_crossover
42,2,60000,48,template_crossover
42,4,80000,48,template_crossover
42,5,60000,24,template_crossover
42,7,60000,60,template_crossover
42,9,15000,12,template_crossover
42,10,30000,24,template_crossover
42,11,15000,12,template_crossover
42,12,60000,48,template_crossover
42,13,50000,,template_crossover
42,14,70000,,template_crossover
42,15,100000,,template_crossover
42,18,100000,72,template_crossover
42,19,80000,60,template_crossover
42,21,60000,60,template_crossover
42,23,,48,template_crossover
42,25,,12,template_crossover
42,26,,12,template_crossover
42,28,15000,12,template_crossover
42,29,30000,,template_crossover
42,30,20000,,template_crossover
42,31,,6,template_crossover
42,32,,24,template_crossover
43,1,15000,12,template_crossover
43,2,60000,48,template_crossover
43,4,80000,48,template_crossover
43,5,60000,24,template_crossover
43,7,60000,60,template_crossover
43,9,15000,12,template_crossover
43,10,30000,24,template_crossover
43,11,15000,12,template_crossover
43,12,60000,48,template_crossover
43,13,50000,,template_crossover
43,14,70000,,template_crossover
43,15,100000,,template_crossover
43,18,100000,72,template_crossover
43,19,80000,60,template_crossover
43,21,60000,60,template_crossover
43,23,,48,template_crossover
43,25,,12,template_crossover
43,26,,12,template_crossover
43,28,15000,12,template_crossover
43,29,30000,,template_crossover
43,30,20000,,template_crossover
43,31,,6,template_crossover
43,32,,24,template_crossover
44,1,15000,12,template_crossover
44,2,60000,48,template_crossover
44,4,80000,48,template_crossover
44,5,60000,24,template_crossover
44,7,60000,60,template_crossover
44,9,15000,12,template_crossover
44,10,30000,24,template_crossover
44,11,15000,12,template_crossover
44,12,60000,48,template_crossover
44,13,50000,,template_crossover
44,14,70000,,template_crossover
44,15,100000,,template_crossover
44,18,100000,72,template_crossover
44,19,80000,60,template_crossover
44,21,60000,60,template_crossover
44,23,,48,template_crossover
44,25,,12,template_crossover
44,26,,12,template_crossover
44,28,15000,12,template_crossover
44,29,30000,,template_crossover
44,30,20000,,template_crossover
44,31,,6,template_crossover
44,32,,24,template_crossover
45,1,15000,12,template_economy
45,4,80000,60,template_economy
45,5,60000,24,template_economy
45,9,15000,12,template_economy
45,10,30000,24,template_economy
45,11,15000,12,template_economy
45,12,60000,48,template_economy
45,13,40000,,template_economy
45,14,60000,,template_economy
45,15,80000,,template_economy
45,18,90000,72,template_economy
45,19,60000,60,template_economy
45,21,30000,36,template_economy
45,23,,48,template_economy
45,25,,12,template_economy
45,26,,12,template_economy
45,28,15000,12,template_economy
45,30,20000,,template_economy
45,31,,6,template_economy
45,32,,24,template_economy
46,1,15000,12,template_mid_size
46,2,80000,60,template_mid_size
46,4,120000,60,template_mid_size
46,5,60000,24,template_mid_size
46,6,120000,84,template_mid_size
46,9,15000,12,template_mid_size
46,10,30000,24,template_mid_size
46,11,15000,12,template_mid_size
46,12,60000,48,template_mid_size
46,13,50000,,template_mid_size
46,14,70000,,template_mid_size
46,15,100000,,template_mid_size
46,18,100000,72,template_mid_size
46,19,80000,60,template_mid_size
46,21,60000,60,template_mid_size
46,23,,48,template_mid_size
46,25,,12,template_mid_size
46,26,,12,template_mid_size
46,28,15000,12,template_mid_size
46,30,20000,,template_mid_size
46,31,,6,template_mid_size
46,32,,24,template_mid_size
47,1,15000,12,template_crossover
47,2,60000,48,template_crossover
47,4,80000,48,template_crossover
47,5,60000,24,template_crossover
47,7,60000,60,template_crossover
47,9,15000,12,template_crossover
47,10,30000,24,template_crossover
47,11,15000,12,template_crossover
47,12,60000,48,template_crossover
47,13,50000,,template_crossover
47,14,70000,,template_crossover
47,15,100000,,template_crossover
47,18,100000,72,template_crossover
47,19,80000,60,template_crossover
47,21,60000,60,template_crossover
47,23,,48,template_crossover
47,25,,12,template_crossover
47,26,,12,template_crossover
47,28,15000,12,template_crossover
47,29,30000,,template_crossover
47,30,20000,,template_crossover
47,31,,6,template_crossover
47,32,,24,template_crossover
48,1,15000,12,template_economy
48,4,80000,60,template_economy
48,5,60000,24,template_economy
48,9,15000,12,template_economy
48,10,30000,24,template_economy
48,11,15000,12,template_economy
48,12,60000,48,template_economy
48,13,40000,,template_economy
48,14,60000,,template_economy
48,15,80000,,template_economy
48,18,90000,72,template_economy
48,19,60000,60,template_economy
48,21,30000,36,template_economy
48,23,,48,template_economy
48,25,,12,template_economy
48,26,,12,template_economy
48,28,15000,12,template_economy
48,30,20000,,template_economy
48,31,,6,template_economy
48,32,,24,template_economy
49,1,15000,12,template_crossover
49,2,60000,48,template_crossover
49,4,80000,48,template_crossover
49,5,60000,24,template_crossover
49,7,60000,60,template_crossover
49,9,15000,12,template_crossover
49,10,30000,24,template_crossover
49,11,15000,12,template_crossover
49,12,60000,48,template_crossover
49,13,50000,,template_crossover
49,14,70000,,template_crossover
49,15,100000,,template_crossover
49,18,100000,72,template_crossover
49,19,80000,60,template_crossover
49,21,60000,60,template_crossover
49,23,,48,template_crossover
49,25,,12,template_crossover
49,26,,12,template_crossover
49,28,15000,12,template_crossover
49,29,30000,,template_crossover
49,30,20000,,template_crossover
49,31,,6,template_crossover
49,32,,24,template_crossover
50,1,15000,12,template_economy
50,4,80000,60,template_economy
50,5,60000,24,template_economy
50,9,15000,12,template_economy
50,10,30000,24,template_economy
50,11,15000,12,template_economy
50,12,60000,48,template_economy
50,13,40000,,template_economy
50,14,60000,,template_economy
50,15,80000,,template_economy
50,18,90000,72,template_economy
50,19,60000,60,template_economy
50,21,30000,36,template_economy
50,23,,48,template_economy
50,25,,12,template_economy
50,26,,12,template_economy
50,28,15000,12,template_economy
50,30,20000,,template_economy
50,31,,6,template_economy
50,32,,24,template_economy
51,1,15000,12,template_mid_size
51,2,80000,60,template_mid_size
51,4,120000,60,template_mid_size
51,5,60000,24,template_mid_size
51,6,120000,84,template_mid_size
51,9,15000,12,template_mid_size
51,10,30000,24,template_mid_size
51,11,15000,12,template_mid_size
51,12,60000,48,template_mid_size
51,13,50000,,template_mid_size
51,14,70000,,template_mid_size
51,15,100000,,template_mid_size
51,18,100000,72,template_mid_size
51,19,80000,60,template_mid_size
51,21,60000,60,template_mid_size
51,23,,48,template_mid_size
51,25,,12,template_mid_size
51,26,,12,template_mid_size
51,28,15000,12,template_mid_size
51,30,20000,,template_mid_size
51,31,,6,template_mid_size
51,32,,24,template_mid_size
52,1,15000,12,template_mid_size
52,2,80000,60,template_mid_size
52,4,120000,60,template_mid_size
52,5,60000,24,template_mid_size
52,6,120000,84,template_mid_size
52,9,15000,12,template_mid_size
52,10,30000,24,template_mid_size
52,11,15000,12,template_mid_size
52,12,60000,48,template_mid_size
52,13,50000,,template_mid_size
52,14,70000,,template_mid_size
52,15,100000,,template_mid_size
52,18,100000,72,template_mid_size
52,19,80000,60,template_mid_size
52,21,60000,60,template_mid_size
52,23,,48,template_mid_size
52,25,,12,template_mid_size
52,26,,12,template_mid_size
52,28,15000,12,template_mid_size
52,30,20000,,template_mid_size
52,31,,6,template_mid_size
52,32,,24,template_mid_size
53,1,15000,12,template_crossover
53,2,60000,48,template_crossover
53,4,80000,48,template_crossover
53,5,60000,24,template_crossover
53,7,60000,60,template_crossover
53,9,15000,12,template_crossover
53,10,30000,24,template_crossover
53,11,15000,12,template_crossover
53,12,60000,48,template_crossover
53,13,50000,,template_crossover
53,14,70000,,template_crossover
53,15,100000,,template_crossover
53,18,100000,72,template_crossover
53,19,80000,60,template_crossover
53,21,60000,60,template_crossover
53,23,,48,template_crossover
53,25,,12,template_crossover
53,26,,12,template_crossover
53,28,15000,12,template_crossover
53,29,30000,,template_crossover
53,30,20000,,template_crossover
53,31,,6,template_crossover
53,32,,24,template_crossover
54,1,15000,12,template_crossover
54,2,60000,48,template_crossover
54,4,80000,48,template_crossover
54,5,60000,24,template_crossover
54,7,60000,60,template_crossover
54,9,15000,12,template_crossover
54,10,30000,24,template_crossover
54,11,15000,12,template_crossover
54,12,60000,48,template_crossover
54,13,50000,,template_crossover
54,14,70000,,template_crossover
54,15,100000,,template_crossover
54,18,100000,72,template_crossover
54,19,80000,60,template_crossover
54,21,60000,60,template_crossover
54,23,,48,template_crossover
54,25,,12,template_crossover
54,26,,12,template_crossover
54,28,15000,12,template_crossover
54,29,30000,,template_crossover
54,30,20000,,template_crossover
54,31,,6,template_crossover
54,32,,24,template_crossover
55,1,15000,12,template_crossover
55,2,60000,48,template_crossover
55,4,80000,48,template_crossover
55,5,60000,24,template_crossover
55,7,60000,60,template_crossover
55,9,15000,12,template_crossover
55,10,30000,24,template_crossover
55,11,15000,12,template_crossover
55,12,60000,48,template_crossover
55,13,50000,,template_crossover
55,14,70000,,template_crossover
55,15,100000,,template_crossover
55,18,100000,72,template_crossover
55,19,80000,60,template_crossover
55,21,60000,60,template_crossover
55,23,,48,template_crossover
55,25,,12,template_crossover
55,26,,12,template_crossover
55,28,15000,12,template_crossover
55,29,30000,,template_crossover
55,30,20000,,template_crossover
55,31,,6,template_crossover
55,32,,24,template_crossover
56,1,15000,12,template_crossover
56,2,60000,48,template_crossover
56,4,80000,48,template_crossover
56,5,60000,24,template_crossover
56,7,60000,60,template_crossover
56,9,15000,12,template_crossover
56,10,30000,24,template_crossover
56,11,15000,12,template_crossover
56,12,60000,48,template_crossover
56,13,50000,,template_crossover
56,14,70000,,template_crossover
56,15,100000,,template_crossover
56,18,100000,72,template_crossover
56,19,80000,60,template_crossover
56,21,60000,60,template_crossover
56,23,,48,template_crossover
56,25,,12,template_crossover
56,26,,12,template_crossover
56,28,15000,12,template_crossover
56,29,30000,,template_crossover
56,30,20000,,template_crossover
56,31,,6,template_crossover
56,32,,24,template_crossover
57,1,15000,12,template_economy
57,4,80000,60,template_economy
57,5,60000,24,template_economy
57,9,15000,12,template_economy
57,10,30000,24,template_economy
57,11,15000,12,template_economy
57,12,60000,48,template_economy
57,13,40000,,template_economy
57,14,60000,,template_economy
57,15,80000,,template_economy
57,18,90000,72,template_economy
57,19,60000,60,template_economy
57,21,30000,36,template_economy
57,23,,48,template_economy
57,25,,12,template_economy
57,26,,12,template_economy
57,28,15000,12,template_economy
57,30,20000,,template_economy
57,31,,6,template_economy
57,32,,24,template_economy
58,1,15000,12,template_economy
58,4,80000,60,template_economy
58,5,60000,24,template_economy
58,9,15000,12,template_economy
58,10,30000,24,template_economy
58,11,15000,12,template_economy
58,12,60000,48,template_economy
58,13,40000,,template_economy
58,14,60000,,template_economy
58,15,80000,,template_economy
58,18,90000,72,template_economy
58,19,60000,60,template_economy
58,21,30000,36,template_economy
58,23,,48,template_economy
58,25,,12,template_economy
58,26,,12,template_economy
58,28,15000,12,template_economy
58,30,20000,,template_economy
58,31,,6,template_economy
58,32,,24,template_economy
59,1,15000,12,template_mid_size
59,2,80000,60,template_mid_size
59,4,120000,60,template_mid_size
59,5,60000,24,template_mid_size
59,6,120000,84,template_mid_size
59,9,15000,12,template_mid_size
59,10,30000,24,template_mid_size
59,11,15000,12,template_mid_size
59,12,60000,48,template_mid_size
59,13,50000,,template_mid_size
59,14,70000,,template_mid_size
59,15,100000,,template_mid_size
59,18,100000,72,template_mid_size
59,19,80000,60,template_mid_size
59,21,60000,60,template_mid_size
59,23,,48,template_mid_size
59,25,,12,template_mid_size
59,26,,12,template_mid_size
59,28,15000,12,template_mid_size
59,30,20000,,template_mid_size
59,31,,6,template_mid_size
59,32,,24,template_mid_size
60,1,15000,12,template_mid_size
60,2,80000,60,template_mid_size
60,4,120000,60,template_mid_size
60,5,60000,24,template_mid_size
60,6,120000,84,template_mid_size
60,9,15000,12,template_mid_size
60,10,30000,24,template_mid_size
60,11,15000,12,template_mid_size
60,12,60000,48,template_mid_size
60,13,50000,,template_mid_size
60,14,70000,,template_mid_size
60,15,100000,,template_mid_size
60,18,100000,72,template_mid_size
60,19,80000,60,template_mid_size
60,21,60000,60,template_mid_size
60,23,,48,template_mid_size
60,25,,12,template_mid_size
60,26,,12,template_mid_size
60,28,15000,12,template_mid_size
60,30,20000,,template_mid_size
60,31,,6,template_mid_size
60,32,,24,template_mid_size
61,1,15000,12,template_mid_size
61,2,80000,60,template_mid_size
61,4,120000,60,template_mid_size
61,5,60000,24,template_mid_size
61,6,120000,84,template_mid_size
61,9,15000,12,template_mid_size
61,10,30000,24,template_mid_size
61,11,15000,12,template_mid_size
61,12,60000,48,template_mid_size
61,13,50000,,template_mid_size
61,14,70000,,template_mid_size
61,15,100000,,template_mid_size
61,18,100000,72,template_mid_size
61,19,80000,60,template_mid_size
61,21,60000,60,template_mid_size
61,23,,48,template_mid_size
61,25,,12,template_mid_size
61,26,,12,template_mid_size
61,28,15000,12,template_mid_size
61,30,20000,,template_mid_size
61,31,,6,template_mid_size
61,32,,24,template_mid_size
62,1,15000,12,template_crossover
62,2,60000,48,template_crossover
62,4,80000,48,template_crossover
62,5,60000,24,template_crossover
62,7,60000,60,template_crossover
62,9,15000,12,template_crossover
62,10,30000,24,template_crossover
62,11,15000,12,template_crossover
62,12,60000,48,template_crossover
62,13,50000,,template_crossover
62,14,70000,,template_crossover
62,15,100000,,template_crossover
62,18,100000,72,template_crossover
62,19,80000,60,template_crossover
62,21,60000,60,template_crossover
62,23,,48,template_crossover
62,25,,12,template_crossover
62,26,,12,template_crossover
62,28,15000,12,template_crossover
62,29,30000,,template_crossover
62,30,20000,,template_crossover
62,31,,6,template_crossover
62,32,,24,template_crossover
63,1,15000,12,template_crossover
63,2,60000,48,template_crossover
63,4,80000,48,template_crossover
63,5,60000,24,template_crossover
63,7,60000,60,template_crossover
63,9,15000,12,template_crossover
63,10,30000,24,template_crossover
63,11,15000,12,template_crossover
63,12,60000,48,template_crossover
63,13,50000,,template_crossover
63,14,70000,,template_crossover
63,15,100000,,template_crossover
63,18,100000,72,template_crossover
63,19,80000,60,template_crossover
63,21,60000,60,template_crossover
63,23,,48,template_crossover
63,25,,12,template_crossover
63,26,,12,template_crossover
63,28,15000,12,template_crossover
63,29,30000,,template_crossover
63,30,20000,,template_crossover
63,31,,6,template_crossover
63,32,,24,template_crossover
64,1,15000,12,template_crossover
64,2,60000,48,template_crossover
64,4,80000,48,template_crossover
64,5,60000,24,template_crossover
64,7,60000,60,template_crossover
64,9,15000,12,template_crossover
64,10,30000,24,template_crossover
64,11,15000,12,template_crossover
64,12,60000,48,template_crossover
64,13,50000,,template_crossover
64,14,70000,,template_crossover
64,15,100000,,template_crossover
64,18,100000,72,template_crossover
64,19,80000,60,template_crossover
64,21,60000,60,template_crossover
64,23,,48,template_crossover
64,25,,12,template_crossover
64,26,,12,template_crossover
64,28,15000,12,template_crossover
64,29,30000,,template_crossover
64,30,20000,,template_crossover
64,31,,6,template_crossover
64,32,,24,template_crossover
65,1,15000,12,template_crossover
65,2,60000,48,template_crossover
65,4,80000,48,template_crossover
65,5,60000,24,template_crossover
65,7,60000,60,template_crossover
65,9,15000,12,template_crossover
65,10,30000,24,template_crossover
65,11,15000,12,template_crossover
65,12,60000,48,template_crossover
65,13,50000,,template_crossover
65,14,70000,,template_crossover
65,15,100000,,template_crossover
65,18,100000,72,template_crossover
65,19,80000,60,template_crossover
65,21,60000,60,template_crossover
65,23,,48,template_crossover
65,25,,12,template_crossover
65,26,,12,template_crossover
65,28,15000,12,template_crossover
65,29,30000,,template_crossover
65,30,20000,,template_crossover
65,31,,6,template_crossover
65,32,,24,template_crossover
66,1,15000,12,template_crossover
66,2,60000,48,template_crossover
66,4,80000,48,template_crossover
66,5,60000,24,template_crossover
66,7,60000,60,template_crossover
66,9,15000,12,template_crossover
66,10,30000,24,template_crossover
66,11,15000,12,template_crossover
66,12,60000,48,template_crossover
66,13,50000,,template_crossover
66,14,70000,,template_crossover
66,15,100000,,template_crossover
66,18,100000,72,template_crossover
66,19,80000,60,template_crossover
66,21,60000,60,template_crossover
66,23,,48,template_crossover
66,25,,12,template_crossover
66,26,,12,template_crossover
66,28,15000,12,template_crossover
66,29,30000,,template_crossover
66,30,20000,,template_crossover
66,31,,6,template_crossover
66,32,,24,template_crossover
67,1,15000,12,template_mid_size
67,2,80000,60,template_mid_size
67,4,120000,60,template_mid_size
67,5,60000,24,template_mid_size
67,6,120000,84,template_mid_size
67,9,15000,12,template_mid_size
67,10,30000,24,template_mid_size
67,11,15000,12,template_mid_size
67,12,60000,48,template_mid_size
67,13,50000,,template_mid_size
67,14,70000,,template_mid_size
67,15,100000,,template_mid_size
67,18,100000,72,template_mid_size
67,19,80000,60,template_mid_size
67,21,60000,60,template_mid_size
67,23,,48,template_mid_size
67,25,,12,template_mid_size
67,26,,12,template_mid_size
67,28,15000,12,template_mid_size
67,30,20000,,template_mid_size
67,31,,6,template_mid_size
67,32,,24,template_mid_size
68,1,15000,12,template_mid_size
68,2,80000,60,template_mid_size
68,4,120000,60,template_mid_size
68,5,60000,24,template_mid_size
68,6,120000,84,template_mid_size
68,9,15000,12,template_mid_size
68,10,30000,24,template_mid_size
68,11,15000,12,template_mid_size
68,12,60000,48,template_mid_size
68,13,50000,,template_mid_size
68,14,70000,,template_mid_size
68,15,100000,,template_mid_size
68,18,100000,72,template_mid_size
68,19,80000,60,template_mid_size
68,21,60000,60,template_mid_size
68,23,,48,template_mid_size
68,25,,12,template_mid_size
68,26,,12,template_mid_size
68,28,15000,12,template_mid_size
68,30,20000,,template_mid_size
68,31,,6,template_mid_size
68,32,,24,template_mid_size
69,1,15000,12,template_crossover
69,2,60000,48,template_crossover
69,4,80000,48,template_crossover
69,5,60000,24,template_crossover
69,7,60000,60,template_crossover
69,9,15000,12,template_crossover
69,10,30000,24,template_crossover
69,11,15000,12,template_crossover
69,12,60000,48,template_crossover
69,13,50000,,template_crossover
69,14,70000,,template_crossover
69,15,100000,,template_crossover
69,18,100000,72,template_crossover
69,19,80000,60,template_crossover
69,21,60000,60,template_crossover
69,23,,48,template_crossover
69,25,,12,template_crossover
69,26,,12,template_crossover
69,28,15000,12,template_crossover
69,29,30000,,template_crossover
69,30,20000,,template_crossover
69,31,,6,template_crossover
69,32,,24,template_crossover
70,1,15000,12,template_crossover
70,2,60000,48,template_crossover
70,4,80000,48,template_crossover
70,5,60000,24,template_crossover
70,7,60000,60,template_crossover
70,9,15000,12,template_crossover
70,10,30000,24,template_crossover
70,11,15000,12,template_crossover
70,12,60000,48,template_crossover
70,13,50000,,template_crossover
70,14,70000,,template_crossover
70,15,100000,,template_crossover
70,18,100000,72,template_crossover
70,19,80000,60,template_crossover
70,21,60000,60,template_crossover
70,23,,48,template_crossover
70,25,,12,template_crossover
70,26,,12,template_crossover
70,28,15000,12,template_crossover
70,29,30000,,template_crossover
70,30,20000,,template_crossover
70,31,,6,template_crossover
70,32,,24,template_crossover
71,1,15000,12,template_crossover
71,2,60000,48,template_crossover
71,4,80000,48,template_crossover
71,5,60000,24,template_crossover
71,7,60000,60,template_crossover
71,9,15000,12,template_crossover
71,10,30000,24,template_crossover
71,11,15000,12,template_crossover
71,12,60000,48,template_crossover
71,13,50000,,template_crossover
71,14,70000,,template_crossover
71,15,100000,,template_crossover
71,18,100000,72,template_crossover
71,19,80000,60,template_crossover
71,21,60000,60,template_crossover
71,23,,48,template_crossover
71,25,,12,template_crossover
71,26,,12,template_crossover
71,28,15000,12,template_crossover
71,29,30000,,template_crossover
71,30,20000,,template_crossover
71,31,,6,template_crossover
71,32,,24,template_crossover
72,1,15000,12,template_mid_size
72,2,80000,60,template_mid_size
72,4,120000,60,template_mid_size
72,5,60000,24,template_mid_size
72,6,120000,84,template_mid_size
72,9,15000,12,template_mid_size
72,10,30000,24,template_mid_size
72,11,15000,12,template_mid_size
72,12,60000,48,template_mid_size
72,13,50000,,template_mid_size
72,14,70000,,template_mid_size
72,15,100000,,template_mid_size
72,18,100000,72,template_mid_size
72,19,80000,60,template_mid_size
72,21,60000,60,template_mid_size
72,23,,48,template_mid_size
72,25,,12,template_mid_size
72,26,,12,template_mid_size
72,28,15000,12,template_mid_size
72,30,20000,,template_mid_size
72,31,,6,template_mid_size
72,32,,24,template_mid_size
73,1,15000,12,template_economy
73,4,80000,60,template_economy
73,5,60000,24,template_economy
73,9,15000,12,template_economy
73,10,30000,24,template_economy
73,11,15000,12,template_economy
73,12,60000,48,template_economy
73,13,40000,,template_economy
73,14,60000,,template_economy
73,15,80000,,template_economy
73,18,90000,72,template_economy
73,19,60000,60,template_economy
73,21,30000,36,template_economy
73,23,,48,template_economy
73,25,,12,template_economy
73,26,,12,template_economy
73,28,15000,12,template_economy
73,30,20000,,template_economy
73,31,,6,template_economy
73,32,,24,template_economy
74,1,15000,12,template_crossover
74,2,60000,48,template_crossover
74,4,80000,48,template_crossover
74,5,60000,24,template_crossover
74,7,60000,60,template_crossover
74,9,15000,12,template_crossover
74,10,30000,24,template_crossover
74,11,15000,12,template_crossover
74,12,60000,48,template_crossover
74,13,50000,,template_crossover
74,14,70000,,template_crossover
74,15,100000,,template_crossover
74,18,100000,72,template_crossover
74,19,80000,60,template_crossover
74,21,60000,60,template_crossover
74,23,,48,template_crossover
74,25,,12,template_crossover
74,26,,12,template_crossover
74,28,15000,12,template_crossover
74,29,30000,,template_crossover
74,30,20000,,template_crossover
74,31,,6,template_crossover
74,32,,24,template_crossover
75,1,15000,12,template_economy
75,4,80000,60,template_economy
75,5,60000,24,template_economy
75,9,15000,12,template_economy
75,10,30000,24,template_economy
75,11,15000,12,template_economy
75,12,60000,48,template_economy
75,13,40000,,template_economy
75,14,60000,,template_economy
75,15,80000,,template_economy
75,18,90000,72,template_economy
75,19,60000,60,template_economy
75,21,30000,36,template_economy
75,23,,48,template_economy
75,25,,12,template_economy
75,26,,12,template_economy
75,28,15000,12,template_economy
75,30,20000,,template_economy
75,31,,6,template_economy
75,32,,24,template_economy
76,1,15000,12,template_economy
76,4,80000,60,template_economy
76,5,60000,24,template_economy
76,9,15000,12,template_economy
76,10,30000,24,template_economy
76,11,15000,12,template_economy
76,12,60000,48,template_economy
76,13,40000,,template_economy
76,14,60000,,template_economy
76,15,80000,,template_economy
76,18,90000,72,template_economy
76,19,60000,60,template_economy
76,21,30000,36,template_economy
76,23,,48,template_economy
76,25,,12,template_economy
76,26,,12,template_economy
76,28,15000,12,template_economy
76,30,20000,,template_economy
76,31,,6,template_economy
76,32,,24,template_economy
77,1,15000,12,template_crossover
77,2,60000,48,template_crossover
77,4,80000,48,template_crossover
77,5,60000,24,template_crossover
77,7,60000,60,template_crossover
77,9,15000,12,template_crossover
77,10,30000,24,template_crossover
77,11,15000,12,template_crossover
77,12,60000,48,template_crossover
77,13,50000,,template_crossover
77,14,70000,,template_crossover
77,15,100000,,template_crossover
77,18,100000,72,template_crossover
77,19,80000,60,template_crossover
77,21,60000,60,template_crossover
77,23,,48,template_crossover
77,25,,12,template_crossover
77,26,,12,template_crossover
77,28,15000,12,template_crossover
77,29,30000,,template_crossover
77,30,20000,,template_crossover
77,31,,6,template_crossover
77,32,,24,template_crossover
78,1,15000,12,template_economy
78,4,80000,60,template_economy
78,5,60000,24,template_economy
78,9,15000,12,template_economy
78,10,30000,24,template_economy
78,11,15000,12,template_economy
78,12,60000,48,template_economy
78,13,40000,,template_economy
78,14,60000,,template_economy
78,15,80000,,template_economy
78,18,90000,72,template_economy
78,19,60000,60,template_economy
78,21,30000,36,template_economy
78,23,,48,template_economy
78,25,,12,template_economy
78,26,,12,template_economy
78,28,15000,12,template_economy
78,30,20000,,template_economy
78,31,,6,template_economy
78,32,,24,template_economy
79,1,15000,12,template_economy
79,4,80000,60,template_economy
79,5,60000,24,template_economy
79,9,15000,12,template_economy
79,10,30000,24,template_economy
79,11,15000,12,template_economy
79,12,60000,48,template_economy
79,13,40000,,template_economy
79,14,60000,,template_economy
79,15,80000,,template_economy
79,18,90000,72,template_economy
79,19,60000,60,template_economy
79,21,30000,36,template_economy
79,23,,48,template_economy
79,25,,12,template_economy
79,26,,12,template_economy
79,28,15000,12,template_economy
79,30,20000,,template_economy
79,31,,6,template_economy
79,32,,24,template_economy
80,1,15000,12,template_mid_size
80,2,80000,60,template_mid_size
80,4,120000,60,template_mid_size
80,5,60000,24,template_mid_size
80,6,120000,84,template_mid_size
80,9,15000,12,template_mid_size
80,10,30000,24,template_mid_size
80,11,15000,12,template_mid_size
80,12,60000,48,template_mid_size
80,13,50000,,template_mid_size
80,14,70000,,template_mid_size
80,15,100000,,template_mid_size
80,18,100000,72,template_mid_size
80,19,80000,60,template_mid_size
80,21,60000,60,template_mid_size
80,23,,48,template_mid_size
80,25,,12,template_mid_size
80,26,,12,template_mid_size
80,28,15000,12,template_mid_size
80,30,20000,,template_mid_size
80,31,,6,template_mid_size
80,32,,24,template_mid_size
81,1,15000,12,template_economy
81,4,80000,60,template_economy
81,5,60000,24,template_economy
81,9,15000,12,template_economy
81,10,30000,24,template_economy
81,11,15000,12,template_economy
81,12,60000,48,template_economy
81,13,40000,,template_economy
81,14,60000,,template_economy
81,15,80000,,template_economy
81,18,90000,72,template_economy
81,19,60000,60,template_economy
81,21,30000,36,template_economy
81,23,,48,template_economy
81,25,,12,template_economy
81,26,,12,template_economy
81,28,15000,12,template_economy
81,30,20000,,template_economy
81,31,,6,template_economy
81,32,,24,template_economy
82,1,15000,12,template_mid_size
82,2,80000,60,template_mid_size
82,4,120000,60,template_mid_size
82,5,60000,24,template_mid_size
82,6,120000,84,template_mid_size
82,9,15000,12,template_mid_size
82,10,30000,24,template_mid_size
82,11,15000,12,template_mid_size
82,12,60000,48,template_mid_size
82,13,50000,,template_mid_size
82,14,70000,,template_mid_size
82,15,100000,,template_mid_size
82,18,100000,72,template_mid_size
82,19,80000,60,template_mid_size
82,21,60000,60,template_mid_size
82,23,,48,template_mid_size
82,25,,12,template_mid_size
82,26,,12,template_mid_size
82,28,15000,12,template_mid_size
82,30,20000,,template_mid_size
82,31,,6,template_mid_size
82,32,,24,template_mid_size
83,1,15000,12,template_mid_size
83,2,80000,60,template_mid_size
83,4,120000,60,template_mid_size
83,5,60000,24,template_mid_size
83,6,120000,84,template_mid_size
83,9,15000,12,template_mid_size
83,10,30000,24,template_mid_size
83,11,15000,12,template_mid_size
83,12,60000,48,template_mid_size
83,13,50000,,template_mid_size
83,14,70000,,template_mid_size
83,15,100000,,template_mid_size
83,18,100000,72,template_mid_size
83,19,80000,60,template_mid_size
83,21,60000,60,template_mid_size
83,23,,48,template_mid_size
83,25,,12,template_mid_size
83,26,,12,template_mid_size
83,28,15000,12,template_mid_size
83,30,20000,,template_mid_size
83,31,,6,template_mid_size
83,32,,24,template_mid_size
84,1,15000,12,template_economy
84,4,80000,60,template_economy
84,5,60000,24,template_economy
84,9,15000,12,template_economy
84,10,30000,24,template_economy
84,11,15000,12,template_economy
84,12,60000,48,template_economy
84,13,40000,,template_economy
84,14,60000,,template_economy
84,15,80000,,template_economy
84,18,90000,72,template_economy
84,19,60000,60,template_economy
84,21,30000,36,template_economy
84,23,,48,template_economy
84,25,,12,template_economy
84,26,,12,template_economy
84,28,15000,12,template_economy
84,30,20000,,template_economy
84,31,,6,template_economy
84,32,,24,template_economy
85,1,15000,12,template_crossover
85,2,60000,48,template_crossover
85,4,80000,48,template_crossover
85,5,60000,24,template_crossover
85,7,60000,60,template_crossover
85,9,15000,12,template_crossover
85,10,30000,24,template_crossover
85,11,15000,12,template_crossover
85,12,60000,48,template_crossover
85,13,50000,,template_crossover
85,14,70000,,template_crossover
85,15,100000,,template_crossover
85,18,100000,72,template_crossover
85,19,80000,60,template_crossover
85,21,60000,60,template_crossover
85,23,,48,template_crossover
85,25,,12,template_crossover
85,26,,12,template_crossover
85,28,15000,12,template_crossover
85,29,30000,,template_crossover
85,30,20000,,template_crossover
85,31,,6,template_crossover
85,32,,24,template_crossover
86,1,15000,12,template_crossover
86,2,60000,48,template_crossover
86,4,80000,48,template_crossover
86,5,60000,24,template_crossover
86,7,60000,60,template_crossover
86,9,15000,12,template_crossover
86,10,30000,24,template_crossover
86,11,15000,12,template_crossover
86,12,60000,48,template_crossover
86,13,50000,,template_crossover
86,14,70000,,template_crossover
86,15,100000,,template_crossover
86,18,100000,72,template_crossover
86,19,80000,60,template_crossover
86,21,60000,60,template_crossover
86,23,,48,template_crossover
86,25,,12,template_crossover
86,26,,12,template_crossover
86,28,15000,12,template_crossover
86,29,30000,,template_crossover
86,30,20000,,template_crossover
86,31,,6,template_crossover
86,32,,24,template_crossover
87,1,15000,12,template_crossover
87,2,60000,48,template_crossover
87,4,80000,48,template_crossover
87,5,60000,24,template_crossover
87,7,60000,60,template_crossover
87,9,15000,12,template_crossover
87,10,30000,24,template_crossover
87,11,15000,12,template_crossover
87,12,60000,48,template_crossover
87,13,50000,,template_crossover
87,14,70000,,template_crossover
87,15,100000,,template_crossover
87,18,100000,72,template_crossover
87,19,80000,60,template_crossover
87,21,60000,60,template_crossover
87,23,,48,template_crossover
87,25,,12,template_crossover
87,26,,12,template_crossover
87,28,15000,12,template_crossover
87,29,30000,,template_crossover
87,30,20000,,template_crossover
87,31,,6,template_crossover
87,32,,24,template_crossover
88,1,15000,12,template_crossover
88,2,60000,48,template_crossover
88,4,80000,48,template_crossover
88,5,60000,24,template_crossover
88,7,60000,60,template_crossover
88,9,15000,12,template_crossover
88,10,30000,24,template_crossover
88,11,15000,12,template_crossover
88,12,60000,48,template_crossover
88,13,50000,,template_crossover
88,14,70000,,template_crossover
88,15,100000,,template_crossover
88,18,100000,72,template_crossover
88,19,80000,60,template_crossover
88,21,60000,60,template_crossover
88,23,,48,template_crossover
88,25,,12,template_crossover
88,26,,12,template_crossover
88,28,15000,12,template_crossover
88,29,30000,,template_crossover
88,30,20000,,template_crossover
88,31,,6,template_crossover
88,32,,24,template_crossover
89,1,15000,12,template_mid_size
89,2,80000,60,template_mid_size
89,4,120000,60,template_mid_size
89,5,60000,24,template_mid_size
89,6,120000,84,template_mid_size
89,9,15000,12,template_mid_size
89,10,30000,24,template_mid_size
89,11,15000,12,template_mid_size
89,12,60000,48,template_mid_size
89,13,50000,,template_mid_size
89,14,70000,,template_mid_size
89,15,100000,,template_mid_size
89,18,100000,72,template_mid_size
89,19,80000,60,template_mid_size
89,21,60000,60,template_mid_size
89,23,,48,template_mid_size
89,25,,12,template_mid_size
89,26,,12,template_mid_size
89,28,15000,12,template_mid_size
89,30,20000,,template_mid_size
89,31,,6,template_mid_size
89,32,,24,template_mid_size
90,1,15000,12,template_mid_size
90,2,80000,60,template_mid_size
90,4,120000,60,template_mid_size
90,5,60000,24,template_mid_size
90,6,120000,84,template_mid_size
90,9,15000,12,template_mid_size
90,10,30000,24,template_mid_size
90,11,15000,12,template_mid_size
90,12,60000,48,template_mid_size
90,13,50000,,template_mid_size
90,14,70000,,template_mid_size
90,15,100000,,template_mid_size
90,18,100000,72,template_mid_size
90,19,80000,60,template_mid_size
90,21,60000,60,template_mid_size
90,23,,48,template_mid_size
90,25,,12,template_mid_size
90,26,,12,template_mid_size
90,28,15000,12,template_mid_size
90,30,20000,,template_mid_size
90,31,,6,template_mid_size
90,32,,24,template_mid_size
91,1,15000,12,template_economy
91,4,80000,60,template_economy
91,5,60000,24,template_economy
91,9,15000,12,template_economy
91,10,30000,24,template_economy
91,11,15000,12,template_economy
91,12,60000,48,template_economy
91,13,40000,,template_economy
91,14,60000,,template_economy
91,15,80000,,template_economy
91,18,90000,72,template_economy
91,19,60000,60,template_economy
91,21,30000,36,template_economy
91,23,,48,template_economy
91,25,,12,template_economy
91,26,,12,template_economy
91,28,15000,12,template_economy
91,30,20000,,template_economy
91,31,,6,template_economy
91,32,,24,template_economy
92,1,15000,12,template_mid_size
92,2,80000,60,template_mid_size
92,4,120000,60,template_mid_size
92,5,60000,24,template_mid_size
92,6,120000,84,template_mid_size
92,9,15000,12,template_mid_size
92,10,30000,24,template_mid_size
92,11,15000,12,template_mid_size
92,12,60000,48,template_mid_size
92,13,50000,,template_mid_size
92,14,70000,,template_mid_size
92,15,100000,,template_mid_size
92,18,100000,72,template_mid_size
92,19,80000,60,template_mid_size
92,21,60000,60,template_mid_size
92,23,,48,template_mid_size
92,25,,12,template_mid_size
92,26,,12,template_mid_size
92,28,15000,12,template_mid_size
92,30,20000,,template_mid_size
92,31,,6,template_mid_size
92,32,,24,template_mid_size
93,1,10000,12,template_suv
93,2,60000,48,template_suv
93,3,60000,60,template_suv
93,4,60000,36,template_suv
93,5,40000,24,template_suv
93,7,40000,36,template_suv
93,9,10000,12,template_suv
93,10,15000,24,template_suv
93,11,15000,12,template_suv
93,12,40000,48,template_suv
93,13,40000,,template_suv
93,14,60000,,template_suv
93,15,80000,,template_suv
93,18,90000,72,template_suv
93,19,60000,60,template_suv
93,21,30000,36,template_suv
93,23,,36,template_suv
93,25,,12,template_suv
93,26,,12,template_suv
93,28,10000,12,template_suv
93,29,20000,,template_suv
93,30,15000,,template_suv
93,31,,6,template_suv
93,32,,24,template_suv
94,1,15000,12,template_crossover
94,2,60000,48,template_crossover
94,4,80000,48,template_crossover
94,5,60000,24,template_crossover
94,7,60000,60,template_crossover
94,9,15000,12,template_crossover
94,10,30000,24,template_crossover
94,11,15000,12,template_crossover
94,12,60000,48,template_crossover
94,13,50000,,template_crossover
94,14,70000,,template_crossover
94,15,100000,,template_crossover
94,18,100000,72,template_crossover
94,19,80000,60,template_crossover
94,21,60000,60,template_crossover
94,23,,48,template_crossover
94,25,,12,template_crossover
94,26,,12,template_crossover
94,28,15000,12,template_crossover
94,29,30000,,template_crossover
94,30,20000,,template_crossover
94,31,,6,template_crossover
94,32,,24,template_crossover
95,1,10000,12,template_suv
95,2,60000,48,template_suv
95,3,60000,60,template_suv
95,4,60000,36,template_suv
95,5,40000,24,template_suv
95,7,40000,36,template_suv
95,9,10000,12,template_suv
95,10,15000,24,template_suv
95,11,15000,12,template_suv
95,12,40000,48,template_suv
95,13,40000,,template_suv
95,14,60000,,template_suv
95,15,80000,,template_suv
95,18,90000,72,template_suv
95,19,60000,60,template_suv
95,21,30000,36,template_suv
95,23,,36,template_suv
95,25,,12,template_suv
95,26,,12,template_suv
95,28,10000,12,template_suv
95,29,20000,,template_suv
95,30,15000,,template_suv
95,31,,6,template_suv
95,32,,24,template_suv
96,1,15000,12,template_mid_size
96,2,80000,60,template_mid_size
96,4,120000,60,template_mid_size
96,5,60000,24,template_mid_size
96,6,120000,84,template_mid_size
96,9,15000,12,template_mid_size
96,10,30000,24,template_mid_size
96,11,15000,12,template_mid_size
96,12,60000,48,template_mid_size
96,13,50000,,template_mid_size
96,14,70000,,template_mid_size
96,15,100000,,template_mid_size
96,18,100000,72,template_mid_size
96,19,80000,60,template_mid_size
96,21,60000,60,template_mid_size
96,23,,48,template_mid_size
96,25,,12,template_mid_size
96,26,,12,template_mid_size
96,28,15000,12,template_mid_size
96,30,20000,,template_mid_size
96,31,,6,template_mid_size
96,32,,24,template_mid_size
97,1,15000,12,template_mid_size
97,2,80000,60,template_mid_size
97,4,120000,60,template_mid_size
97,5,60000,24,template_mid_size
97,6,120000,84,template_mid_size
97,9,15000,12,template_mid_size
97,10,30000,24,template_mid_size
97,11,15000,12,template_mid_size
97,12,60000,48,template_mid_size
97,13,50000,,template_mid_size
97,14,70000,,template_mid_size
97,15,100000,,template_mid_size
97,18,100000,72,template_mid_size
97,19,80000,60,template_mid_size
97,21,60000,60,template_mid_size
97,23,,48,template_mid_size
97,25,,12,template_mid_size
97,26,,12,template_mid_size
97,28,15000,12,template_mid_size
97,30,20000,,template_mid_size
97,31,,6,template_mid_size
97,32,,24,template_mid_size
98,1,15000,12,template_mid_size
98,2,80000,60,template_mid_size
98,4,120000,60,template_mid_size
98,5,60000,24,template_mid_size
98,6,120000,84,template_mid_size
98,9,15000,12,template_mid_size
98,10,30000,24,template_mid_size
98,11,15000,12,template_mid_size
98,12,60000,48,template_mid_size
98,13,50000,,template_mid_size
98,14,70000,,template_mid_size
98,15,100000,,template_mid_size
98,18,100000,72,template_mid_size
98,19,80000,60,template_mid_size
98,21,60000,60,template_mid_size
98,23,,48,template_mid_size
98,25,,12,template_mid_size
98,26,,12,template_mid_size
98,28,15000,12,template_mid_size
98,30,20000,,template_mid_size
98,31,,6,template_mid_size
98,32,,24,template_mid_size
99,1,10000,12,template_lcv
99,3,60000,60,template_lcv
99,4,60000,48,template_lcv
99,5,40000,24,template_lcv
99,9,10000,12,template_lcv
99,10,20000,24,template_lcv
99,11,10000,12,template_lcv
99,12,40000,48,template_lcv
99,13,30000,,template_lcv
99,14,50000,,template_lcv
99,15,60000,,template_lcv
99,18,80000,60,template_lcv
99,19,60000,60,template_lcv
99,21,30000,36,template_lcv
99,23,,36,template_lcv
99,25,,12,template_lcv
99,26,,12,template_lcv
99,28,10000,12,template_lcv
99,29,20000,,template_lcv
99,30,20000,,template_lcv
99,31,,6,template_lcv
100,1,10000,12,template_suv
100,2,60000,48,template_suv
100,3,60000,60,template_suv
100,4,60000,36,template_suv
100,5,40000,24,template_suv
100,7,40000,36,template_suv
100,9,10000,12,template_suv
100,10,15000,24,template_suv
100,11,15000,12,template_suv
100,12,40000,48,template_suv
100,13,40000,,template_suv
100,14,60000,,template_suv
100,15,80000,,template_suv
100,18,90000,72,template_suv
100,19,60000,60,template_suv
100,21,30000,36,template_suv
100,23,,36,template_suv
100,25,,12,template_suv
100,26,,12,template_suv
100,28,10000,12,template_suv
100,29,20000,,template_suv
100,30,15000,,template_suv
100,31,,6,template_suv
100,32,,24,template_suv
101,1,15000,12,template_mid_size
101,2,80000,60,template_mid_size
101,4,120000,60,template_mid_size
101,5,60000,24,template_mid_size
101,6,120000,84,template_mid_size
101,9,15000,12,template_mid_size
101,10,30000,24,template_mid_size
101,11,15000,12,template_mid_size
101,12,60000,48,template_mid_size
101,13,50000,,template_mid_size
101,14,70000,,template_mid_size
101,15,100000,,template_mid_size
101,18,100000,72,template_mid_size
101,19,80000,60,template_mid_size
101,21,60000,60,template_mid_size
101,23,,48,template_mid_size
101,25,,12,template_mid_size
101,26,,12,template_mid_size
101,28,15000,12,template_mid_size
101,30,20000,,template_mid_size
101,31,,6,template_mid_size
101,32,,24,template_mid_size
102,1,15000,12,template_crossover
102,2,60000,48,template_crossover
102,4,80000,48,template_crossover
102,5,60000,24,template_crossover
102,7,60000,60,template_crossover
102,9,15000,12,template_crossover
102,10,30000,24,template_crossover
102,11,15000,12,template_crossover
102,12,60000,48,template_crossover
102,13,50000,,template_crossover
102,14,70000,,template_crossover
102,15,100000,,template_crossover
102,18,100000,72,template_crossover
102,19,80000,60,template_crossover
102,21,60000,60,template_crossover
102,23,,48,template_crossover
102,25,,12,template_crossover
102,26,,12,template_crossover
102,28,15000,12,template_crossover
102,29,30000,,template_crossover
102,30,20000,,template_crossover
102,31,,6,template_crossover
102,32,,24,template_crossover
103,1,10000,12,template_suv
103,2,60000,48,template_suv
103,3,60000,60,template_suv
103,4,60000,36,template_suv
103,5,40000,24,template_suv
103,7,40000,36,template_suv
103,9,10000,12,template_suv
103,10,15000,24,template_suv
103,11,15000,12,template_suv
103,12,40000,48,template_suv
103,13,40000,,template_suv
103,14,60000,,template_suv
103,15,80000,,template_suv
103,18,90000,72,template_suv
103,19,60000,60,template_suv
103,21,30000,36,template_suv
103,23,,36,template_suv
103,25,,12,template_suv
103,26,,12,template_suv
103,28,10000,12,template_suv
103,29,20000,,template_suv
103,30,15000,,template_suv
103,31,,6,template_suv
103,32,,24,template_suv
104,1,15000,12,template_crossover
104,2,60000,48,template_crossover
104,4,80000,48,template_crossover
104,5,60000,24,template_crossover
104,7,60000,60,template_crossover
104,9,15000,12,template_crossover
104,10,30000,24,template_crossover
104,11,15000,12,template_crossover
104,12,60000,48,template_crossover
104,13,50000,,template_crossover
104,14,70000,,template_crossover
104,15,100000,,template_crossover
104,18,100000,72,template_crossover
104,19,80000,60,template_crossover
104,21,60000,60,template_crossover
104,23,,48,template_crossover
104,25,,12,template_crossover
104,26,,12,template_crossover
104,28,15000,12,template_crossover
104,29,30000,,template_crossover
104,30,20000,,template_crossover
104,31,,6,template_crossover
104,32,,24,template_crossover
105,1,10000,12,template_suv
105,2,60000,48,template_suv
105,3,60000,60,template_suv
105,4,60000,36,template_suv
105,5,40000,24,template_suv
105,7,40000,36,template_suv
105,9,10000,12,template_suv
105,10,15000,24,template_suv
105,11,15000,12,template_suv
105,12,40000,48,template_suv
105,13,40000,,template_suv
105,14,60000,,template_suv
105,15,80000,,template_suv
105,18,90000,72,template_suv
105,19,60000,60,template_suv
105,21,30000,36,template_suv
105,23,,36,template_suv
105,25,,12,template_suv
105,26,,12,template_suv
105,28,10000,12,template_suv
105,29,20000,,template_suv
105,30,15000,,template_suv
105,31,,6,template_suv
105,32,,24,template_suv
106,1,15000,12,template_crossover
106,2,60000,48,template_crossover
106,4,80000,48,template_crossover
106,5,60000,24,template_crossover
106,7,60000,60,template_crossover
106,9,15000,12,template_crossover
106,10,30000,24,template_crossover
106,11,15000,12,template_crossover
106,12,60000,48,template_crossover
106,13,50000,,template_crossover
106,14,70000,,template_crossover
106,15,100000,,template_crossover
106,18,100000,72,template_crossover
106,19,80000,60,template_crossover
106,21,60000,60,template_crossover
106,23,,48,template_crossover
106,25,,12,template_crossover
106,26,,12,template_crossover
106,28,15000,12,template_crossover
106,29,30000,,template_crossover
106,30,20000,,template_crossover
106,31,,6,template_crossover
106,32,,24,template_crossover
107,1,15000,12,template_crossover
107,2,60000,48,template_crossover
107,4,80000,48,template_crossover
107,5,60000,24,template_crossover
107,7,60000,60,template_crossover
107,9,15000,12,template_crossover
107,10,30000,24,template_crossover
107,11,15000,12,template_crossover
107,12,60000,48,template_crossover
107,13,50000,,template_crossover
107,14,70000,,template_crossover
107,15,100000,,template_crossover
107,18,100000,72,template_crossover
107,19,80000,60,template_crossover
107,21,60000,60,template_crossover
107,23,,48,template_crossover
107,25,,12,template_crossover
107,26,,12,template_crossover
107,28,15000,12,template_crossover
107,29,30000,,template_crossover
107,30,20000,,template_crossover
107,31,,6,template_crossover
107,32,,24,template_crossover
108,1,15000,12,template_economy
108,4,80000,60,template_economy
108,5,60000,24,template_economy
108,9,15000,12,template_economy
108,10,30000,24,template_economy
108,11,15000,12,template_economy
108,12,60000,48,template_economy
108,13,40000,,template_economy
108,14,60000,,template_economy
108,15,80000,,template_economy
108,18,90000,72,template_economy
108,19,60000,60,template_economy
108,21,30000,36,template_economy
108,23,,48,template_economy
108,25,,12,template_economy
108,26,,12,template_economy
108,28,15000,12,template_economy
108,30,20000,,template_economy
108,31,,6,template_economy
108,32,,24,template_economy
109,1,15000,12,template_crossover
109,2,60000,48,template_crossover
109,4,80000,48,template_crossover
109,5,60000,24,template_crossover
109,7,60000,60,template_crossover
109,9,15000,12,template_crossover
109,10,30000,24,template_crossover
109,11,15000,12,template_crossover
109,12,60000,48,template_crossover
109,13,50000,,template_crossover
109,14,70000,,template_crossover
109,15,100000,,template_crossover
109,18,100000,72,template_crossover
109,19,80000,60,template_crossover
109,21,60000,60,template_crossover
109,23,,48,template_crossover
109,25,,12,template_crossover
109,26,,12,template_crossover
109,28,15000,12,template_crossover
109,29,30000,,template_crossover
109,30,20000,,template_crossover
109,31,,6,template_crossover
109,32,,24,template_crossover
110,1,15000,12,template_economy
110,4,80000,60,template_economy
110,5,60000,24,template_economy
110,9,15000,12,template_economy
110,10,30000,24,template_economy
110,11,15000,12,template_economy
110,12,60000,48,template_economy
110,13,40000,,template_economy
110,14,60000,,template_economy
110,15,80000,,template_economy
110,18,90000,72,template_economy
110,19,60000,60,template_economy
110,21,30000,36,template_economy
110,23,,48,template_economy
110,25,,12,template_economy
110,26,,12,template_economy
110,28,15000,12,template_economy
110,30,20000,,template_economy
110,31,,6,template_economy
110,32,,24,template_economy
111,1,15000,12,template_economy
111,4,80000,60,template_economy
111,5,60000,24,template_economy
111,9,15000,12,template_economy
111,10,30000,24,template_economy
111,11,15000,12,template_economy
111,12,60000,48,template_economy
111,13,40000,,template_economy
111,14,60000,,template_economy
111,15,80000,,template_economy
111,18,90000,72,template_economy
111,19,60000,60,template_economy
111,21,30000,36,template_economy
111,23,,48,template_economy
111,25,,12,template_economy
111,26,,12,template_economy
111,28,15000,12,template_economy
111,30,20000,,template_economy
111,31,,6,template_economy
111,32,,24,template_economy
112,1,15000,12,template_economy
112,4,80000,60,template_economy
112,5,60000,24,template_economy
112,9,15000,12,template_economy
112,10,30000,24,template_economy
112,11,15000,12,template_economy
112,12,60000,48,template_economy
112,13,40000,,template_economy
112,14,60000,,template_economy
112,15,80000,,template_economy
112,18,90000,72,template_economy
112,19,60000,60,template_economy
112,21,30000,36,template_economy
112,23,,48,template_economy
112,25,,12,template_economy
112,26,,12,template_economy
112,28,15000,12,template_economy
112,30,20000,,template_economy
112,31,,6,template_economy
112,32,,24,template_economy
113,1,15000,12,template_mid_size+chain_override
113,2,80000,60,template_mid_size+chain_override
113,4,120000,60,template_mid_size+chain_override
113,5,60000,24,template_mid_size+chain_override
113,6,120000,84,template_mid_size+chain_override
113,9,15000,12,template_mid_size+chain_override
113,10,30000,24,template_mid_size+chain_override
113,11,15000,12,template_mid_size+chain_override
113,12,60000,48,template_mid_size+chain_override
113,13,50000,,template_mid_size+chain_override
113,14,70000,,template_mid_size+chain_override
113,15,100000,,template_mid_size+chain_override
113,19,80000,60,template_mid_size+chain_override
113,20,60000,,template_mid_size+chain_override
113,21,60000,60,template_mid_size+chain_override
113,23,,48,template_mid_size+chain_override
113,25,,12,template_mid_size+chain_override
113,26,,12,template_mid_size+chain_override
113,28,15000,12,template_mid_size+chain_override
113,30,20000,,template_mid_size+chain_override
113,31,,6,template_mid_size+chain_override
113,32,,24,template_mid_size+chain_override
114,1,15000,12,template_mid_size+chain_override
114,2,80000,60,template_mid_size+chain_override
114,4,120000,60,template_mid_size+chain_override
114,5,60000,24,template_mid_size+chain_override
114,6,120000,84,template_mid_size+chain_override
114,9,15000,12,template_mid_size+chain_override
114,10,30000,24,template_mid_size+chain_override
114,11,15000,12,template_mid_size+chain_override
114,12,60000,48,template_mid_size+chain_override
114,13,50000,,template_mid_size+chain_override
114,14,70000,,template_mid_size+chain_override
114,15,100000,,template_mid_size+chain_override
114,19,80000,60,template_mid_size+chain_override
114,20,60000,,template_mid_size+chain_override
114,21,60000,60,template_mid_size+chain_override
114,23,,48,template_mid_size+chain_override
114,25,,12,template_mid_size+chain_override
114,26,,12,template_mid_size+chain_override
114,28,15000,12,template_mid_size+chain_override
114,30,20000,,template_mid_size+chain_override
114,31,,6,template_mid_size+chain_override
114,32,,24,template_mid_size+chain_override
115,1,15000,12,template_crossover+chain_override
115,2,60000,48,template_crossover+chain_override
115,4,80000,48,template_crossover+chain_override
115,5,60000,24,template_crossover+chain_override
115,7,60000,60,template_crossover+chain_override
115,9,15000,12,template_crossover+chain_override
115,10,30000,24,template_crossover+chain_override
115,11,15000,12,template_crossover+chain_override
115,12,60000,48,template_crossover+chain_override
115,13,50000,,template_crossover+chain_override
115,14,70000,,template_crossover+chain_override
115,15,100000,,template_crossover+chain_override
115,19,80000,60,template_crossover+chain_override
115,20,60000,,template_crossover+chain_override
115,21,60000,60,template_crossover+chain_override
115,23,,48,template_crossover+chain_override
115,25,,12,template_crossover+chain_override
115,26,,12,template_crossover+chain_override
115,28,15000,12,template_crossover+chain_override
115,29,30000,,template_crossover+chain_override
115,30,20000,,template_crossover+chain_override
115,31,,6,template_crossover+chain_override
115,32,,24,template_crossover+chain_override
116,1,10000,12,template_suv
116,2,60000,48,template_suv
116,3,60000,60,template_suv
116,4,60000,36,template_suv
116,5,40000,24,template_suv
116,7,40000,36,template_suv
116,9,10000,12,template_suv
116,10,15000,24,template_suv
116,11,15000,12,template_suv
116,12,40000,48,template_suv
116,13,40000,,template_suv
116,14,60000,,template_suv
116,15,80000,,template_suv
116,18,90000,72,template_suv
116,19,60000,60,template_suv
116,21,30000,36,template_suv
116,23,,36,template_suv
116,25,,12,template_suv
116,26,,12,template_suv
116,28,10000,12,template_suv
116,29,20000,,template_suv
116,30,15000,,template_suv
116,31,,6,template_suv
116,32,,24,template_suv
117,1,10000,12,template_suv
117,2,60000,48,template_suv
117,3,60000,60,template_suv
117,4,60000,36,template_suv
117,5,40000,24,template_suv
117,7,40000,36,template_suv
117,9,10000,12,template_suv
117,10,15000,24,template_suv
117,11,15000,12,template_suv
117,12,40000,48,template_suv
117,13,40000,,template_suv
117,14,60000,,template_suv
117,15,80000,,template_suv
117,18,90000,72,template_suv
117,19,60000,60,template_suv
117,21,30000,36,template_suv
117,23,,36,template_suv
117,25,,12,template_suv
117,26,,12,template_suv
117,28,10000,12,template_suv
117,29,20000,,template_suv
117,30,15000,,template_suv
117,31,,6,template_suv
117,32,,24,template_suv
118,1,15000,12,template_crossover
118,2,60000,48,template_crossover
118,4,80000,48,template_crossover
118,5,60000,24,template_crossover
118,7,60000,60,template_crossover
118,9,15000,12,template_crossover
118,10,30000,24,template_crossover
118,11,15000,12,template_crossover
118,12,60000,48,template_crossover
118,13,50000,,template_crossover
118,14,70000,,template_crossover
118,15,100000,,template_crossover
118,18,100000,72,template_crossover
118,19,80000,60,template_crossover
118,21,60000,60,template_crossover
118,23,,48,template_crossover
118,25,,12,template_crossover
118,26,,12,template_crossover
118,28,15000,12,template_crossover
118,29,30000,,template_crossover
118,30,20000,,template_crossover
118,31,,6,template_crossover
118,32,,24,template_crossover
119,1,10000,12,template_lcv
119,3,60000,60,template_lcv
119,4,60000,48,template_lcv
119,5,40000,24,template_lcv
119,9,10000,12,template_lcv
119,10,20000,24,template_lcv
119,11,10000,12,template_lcv
119,12,40000,48,template_lcv
119,13,30000,,template_lcv
119,14,50000,,template_lcv
119,15,60000,,template_lcv
119,18,80000,60,template_lcv
119,19,60000,60,template_lcv
119,21,30000,36,template_lcv
119,23,,36,template_lcv
119,25,,12,template_lcv
119,26,,12,template_lcv
119,28,10000,12,template_lcv
119,29,20000,,template_lcv
119,30,20000,,template_lcv
119,31,,6,template_lcv
120,1,10000,12,template_suv
120,2,60000,48,template_suv
120,3,60000,60,template_suv
120,4,60000,36,template_suv
120,5,40000,24,template_suv
120,7,40000,36,template_suv
120,9,10000,12,template_suv
120,10,15000,24,template_suv
120,11,15000,12,template_suv
120,12,40000,48,template_suv
120,13,40000,,template_suv
120,14,60000,,template_suv
120,15,80000,,template_suv
120,18,90000,72,template_suv
120,19,60000,60,template_suv
120,21,30000,36,template_suv
120,23,,36,template_suv
120,25,,12,template_suv
120,26,,12,template_suv
120,28,10000,12,template_suv
120,29,20000,,template_suv
120,30,15000,,template_suv
120,31,,6,template_suv
120,32,,24,template_suv
121,1,15000,12,template_crossover
121,2,60000,48,template_crossover
121,4,80000,48,template_crossover
121,5,60000,24,template_crossover
121,7,60000,60,template_crossover
121,9,15000,12,template_crossover
121,10,30000,24,template_crossover
121,11,15000,12,template_crossover
121,12,60000,48,template_crossover
121,13,50000,,template_crossover
121,14,70000,,template_crossover
121,15,100000,,template_crossover
121,18,100000,72,template_crossover
121,19,80000,60,template_crossover
121,21,60000,60,template_crossover
121,23,,48,template_crossover
121,25,,12,template_crossover
121,26,,12,template_crossover
121,28,15000,12,template_crossover
121,29,30000,,template_crossover
121,30,20000,,template_crossover
121,31,,6,template_crossover
121,32,,24,template_crossover
122,1,15000,12,template_economy
122,4,80000,60,template_economy
122,5,60000,24,template_economy
122,9,15000,12,template_economy
122,10,30000,24,template_economy
122,11,15000,12,template_economy
122,12,60000,48,template_economy
122,13,40000,,template_economy
122,14,60000,,template_economy
122,15,80000,,template_economy
122,18,90000,72,template_economy
122,19,60000,60,template_economy
122,21,30000,36,template_economy
122,23,,48,template_economy
122,25,,12,template_economy
122,26,,12,template_economy
122,28,15000,12,template_economy
122,30,20000,,template_economy
122,31,,6,template_economy
122,32,,24,template_economy
123,1,15000,12,template_mid_size
123,2,80000,60,template_mid_size
123,4,120000,60,template_mid_size
123,5,60000,24,template_mid_size
123,6,120000,84,template_mid_size
123,9,15000,12,template_mid_size
123,10,30000,24,template_mid_size
123,11,15000,12,template_mid_size
123,12,60000,48,template_mid_size
123,13,50000,,template_mid_size
123,14,70000,,template_mid_size
123,15,100000,,template_mid_size
123,18,100000,72,template_mid_size
123,19,80000,60,template_mid_size
123,21,60000,60,template_mid_size
123,23,,48,template_mid_size
123,25,,12,template_mid_size
123,26,,12,template_mid_size
123,28,15000,12,template_mid_size
123,30,20000,,template_mid_size
123,31,,6,template_mid_size
123,32,,24,template_mid_size
124,1,15000,12,template_mid_size
124,2,80000,60,template_mid_size
124,4,120000,60,template_mid_size
124,5,60000,24,template_mid_size
124,6,120000,84,template_mid_size
124,9,15000,12,template_mid_size
124,10,30000,24,template_mid_size
124,11,15000,12,template_mid_size
124,12,60000,48,template_mid_size
124,13,50000,,template_mid_size
124,14,70000,,template_mid_size
124,15,100000,,template_mid_size
124,18,100000,72,template_mid_size
124,19,80000,60,template_mid_size
124,21,60000,60,template_mid_size
124,23,,48,template_mid_size
124,25,,12,template_mid_size
124,26,,12,template_mid_size
124,28,15000,12,template_mid_size
124,30,20000,,template_mid_size
124,31,,6,template_mid_size
124,32,,24,template_mid_size
125,1,15000,12,template_crossover
125,2,60000,48,template_crossover
125,4,80000,48,template_crossover
125,5,60000,24,template_crossover
125,7,60000,60,template_crossover
125,9,15000,12,template_crossover
125,10,30000,24,template_crossover
125,11,15000,12,template_crossover
125,12,60000,48,template_crossover
125,13,50000,,template_crossover
125,14,70000,,template_crossover
125,15,100000,,template_crossover
125,18,100000,72,template_crossover
125,19,80000,60,template_crossover
125,21,60000,60,template_crossover
125,23,,48,template_crossover
125,25,,12,template_crossover
125,26,,12,template_crossover
125,28,15000,12,template_crossover
125,29,30000,,template_crossover
125,30,20000,,template_crossover
125,31,,6,template_crossover
125,32,,24,template_crossover
126,1,15000,12,template_mid_size
126,2,80000,60,template_mid_size
126,4,120000,60,template_mid_size
126,5,60000,24,template_mid_size
126,6,120000,84,template_mid_size
126,9,15000,12,template_mid_size
126,10,30000,24,template_mid_size
126,11,15000,12,template_mid_size
126,12,60000,48,template_mid_size
126,13,50000,,template_mid_size
126,14,70000,,template_mid_size
126,15,100000,,template_mid_size
126,18,100000,72,template_mid_size
126,19,80000,60,template_mid_size
126,21,60000,60,template_mid_size
126,23,,48,template_mid_size
126,25,,12,template_mid_size
126,26,,12,template_mid_size
126,28,15000,12,template_mid_size
126,30,20000,,template_mid_size
126,31,,6,template_mid_size
126,32,,24,template_mid_size
127,1,15000,12,template_mid_size
127,2,80000,60,template_mid_size
127,4,120000,60,template_mid_size
127,5,60000,24,template_mid_size
127,6,120000,84,template_mid_size
127,9,15000,12,template_mid_size
127,10,30000,24,template_mid_size
127,11,15000,12,template_mid_size
127,12,60000,48,template_mid_size
127,13,50000,,template_mid_size
127,14,70000,,template_mid_size
127,15,100000,,template_mid_size
127,18,100000,72,template_mid_size
127,19,80000,60,template_mid_size
127,21,60000,60,template_mid_size
127,23,,48,template_mid_size
127,25,,12,template_mid_size
127,26,,12,template_mid_size
127,28,15000,12,template_mid_size
127,30,20000,,template_mid_size
127,31,,6,template_mid_size
127,32,,24,template_mid_size
128,1,15000,12,template_crossover
128,2,60000,48,template_crossover
128,4,80000,48,template_crossover
128,5,60000,24,template_crossover
128,7,60000,60,template_crossover
128,9,15000,12,template_crossover
128,10,30000,24,template_crossover
128,11,15000,12,template_crossover
128,12,60000,48,template_crossover
128,13,50000,,template_crossover
128,14,70000,,template_crossover
128,15,100000,,template_crossover
128,18,100000,72,template_crossover
128,19,80000,60,template_crossover
128,21,60000,60,template_crossover
128,23,,48,template_crossover
128,25,,12,template_crossover
128,26,,12,template_crossover
128,28,15000,12,template_crossover
128,29,30000,,template_crossover
128,30,20000,,template_crossover
128,31,,6,template_crossover
128,32,,24,template_crossover
129,1,15000,12,template_crossover
129,2,60000,48,template_crossover
129,4,80000,48,template_crossover
129,5,60000,24,template_crossover
129,7,60000,60,template_crossover
129,9,15000,12,template_crossover
129,10,30000,24,template_crossover
129,11,15000,12,template_crossover
129,12,60000,48,template_crossover
129,13,50000,,template_crossover
129,14,70000,,template_crossover
129,15,100000,,template_crossover
129,18,100000,72,template_crossover
129,19,80000,60,template_crossover
129,21,60000,60,template_crossover
129,23,,48,template_crossover
129,25,,12,template_crossover
129,26,,12,template_crossover
129,28,15000,12,template_crossover
129,29,30000,,template_crossover
129,30,20000,,template_crossover
129,31,,6,template_crossover
129,32,,24,template_crossover
130,1,15000,12,template_crossover
130,2,60000,48,template_crossover
130,4,80000,48,template_crossover
130,5,60000,24,template_crossover
130,7,60000,60,template_crossover
130,9,15000,12,template_crossover
130,10,30000,24,template_crossover
130,11,15000,12,template_crossover
130,12,60000,48,template_crossover
130,13,50000,,template_crossover
130,14,70000,,template_crossover
130,15,100000,,template_crossover
130,18,100000,72,template_crossover
130,19,80000,60,template_crossover
130,21,60000,60,template_crossover
130,23,,48,template_crossover
130,25,,12,template_crossover
130,26,,12,template_crossover
130,28,15000,12,template_crossover
130,29,30000,,template_crossover
130,30,20000,,template_crossover
130,31,,6,template_crossover
130,32,,24,template_crossover
131,1,15000,12,template_economy
131,4,80000,60,template_economy
131,5,60000,24,template_economy
131,9,15000,12,template_economy
131,10,30000,24,template_economy
131,11,15000,12,template_economy
131,12,60000,48,template_economy
131,13,40000,,template_economy
131,14,60000,,template_economy
131,15,80000,,template_economy
131,18,90000,72,template_economy
131,19,60000,60,template_economy
131,21,30000,36,template_economy
131,23,,48,template_economy
131,25,,12,template_economy
131,26,,12,template_economy
131,28,15000,12,template_economy
131,30,20000,,template_economy
131,31,,6,template_economy
131,32,,24,template_economy
132,1,15000,12,template_crossover
132,2,60000,48,template_crossover
132,4,80000,48,template_crossover
132,5,60000,24,template_crossover
132,7,60000,60,template_crossover
132,9,15000,12,template_crossover
132,10,30000,24,template_crossover
132,11,15000,12,template_crossover
132,12,60000,48,template_crossover
132,13,50000,,template_crossover
132,14,70000,,template_crossover
132,15,100000,,template_crossover
132,18,100000,72,template_crossover
132,19,80000,60,template_crossover
132,21,60000,60,template_crossover
132,23,,48,template_crossover
132,25,,12,template_crossover
132,26,,12,template_crossover
132,28,15000,12,template_crossover
132,29,30000,,template_crossover
132,30,20000,,template_crossover
132,31,,6,template_crossover
132,32,,24,template_crossover
133,1,15000,12,template_mid_size
133,2,80000,60,template_mid_size
133,4,120000,60,template_mid_size
133,5,60000,24,template_mid_size
133,6,120000,84,template_mid_size
133,9,15000,12,template_mid_size
133,10,30000,24,template_mid_size
133,11,15000,12,template_mid_size
133,12,60000,48,template_mid_size
133,13,50000,,template_mid_size
133,14,70000,,template_mid_size
133,15,100000,,template_mid_size
133,18,100000,72,template_mid_size
133,19,80000,60,template_mid_size
133,21,60000,60,template_mid_size
133,23,,48,template_mid_size
133,25,,12,template_mid_size
133,26,,12,template_mid_size
133,28,15000,12,template_mid_size
133,30,20000,,template_mid_size
133,31,,6,template_mid_size
133,32,,24,template_mid_size
134,1,15000,12,template_mid_size
134,2,80000,60,template_mid_size
134,4,120000,60,template_mid_size
134,5,60000,24,template_mid_size
134,6,120000,84,template_mid_size
134,9,15000,12,template_mid_size
134,10,30000,24,template_mid_size
134,11,15000,12,template_mid_size
134,12,60000,48,template_mid_size
134,13,50000,,template_mid_size
134,14,70000,,template_mid_size
134,15,100000,,template_mid_size
134,18,100000,72,template_mid_size
134,19,80000,60,template_mid_size
134,21,60000,60,template_mid_size
134,23,,48,template_mid_size
134,25,,12,template_mid_size
134,26,,12,template_mid_size
134,28,15000,12,template_mid_size
134,30,20000,,template_mid_size
134,31,,6,template_mid_size
134,32,,24,template_mid_size
135,1,15000,12,template_crossover+chain_override
135,2,60000,48,template_crossover+chain_override
135,4,80000,48,template_crossover+chain_override
135,5,60000,24,template_crossover+chain_override
135,7,60000,60,template_crossover+chain_override
135,9,15000,12,template_crossover+chain_override
135,10,30000,24,template_crossover+chain_override
135,11,15000,12,template_crossover+chain_override
135,12,60000,48,template_crossover+chain_override
135,13,50000,,template_crossover+chain_override
135,14,70000,,template_crossover+chain_override
135,15,100000,,template_crossover+chain_override
135,19,80000,60,template_crossover+chain_override
135,20,60000,,template_crossover+chain_override
135,21,60000,60,template_crossover+chain_override
135,23,,48,template_crossover+chain_override
135,25,,12,template_crossover+chain_override
135,26,,12,template_crossover+chain_override
135,28,15000,12,template_crossover+chain_override
135,29,30000,,template_crossover+chain_override
135,30,20000,,template_crossover+chain_override
135,31,,6,template_crossover+chain_override
135,32,,24,template_crossover+chain_override
136,1,15000,12,template_crossover
136,2,60000,48,template_crossover
136,4,80000,48,template_crossover
136,5,60000,24,template_crossover
136,7,60000,60,template_crossover
136,9,15000,12,template_crossover
136,10,30000,24,template_crossover
136,11,15000,12,template_crossover
136,12,60000,48,template_crossover
136,13,50000,,template_crossover
136,14,70000,,template_crossover
136,15,100000,,template_crossover
136,18,100000,72,template_crossover
136,19,80000,60,template_crossover
136,21,60000,60,template_crossover
136,23,,48,template_crossover
136,25,,12,template_crossover
136,26,,12,template_crossover
136,28,15000,12,template_crossover
136,29,30000,,template_crossover
136,30,20000,,template_crossover
136,31,,6,template_crossover
136,32,,24,template_crossover
137,1,15000,12,template_crossover
137,2,60000,48,template_crossover
137,4,80000,48,template_crossover
137,5,60000,24,template_crossover
137,7,60000,60,template_crossover
137,9,15000,12,template_crossover
137,10,30000,24,template_crossover
137,11,15000,12,template_crossover
137,12,60000,48,template_crossover
137,13,50000,,template_crossover
137,14,70000,,template_crossover
137,15,100000,,template_crossover
137,18,100000,72,template_crossover
137,19,80000,60,template_crossover
137,21,60000,60,template_crossover
137,23,,48,template_crossover
137,25,,12,template_crossover
137,26,,12,template_crossover
137,28,15000,12,template_crossover
137,29,30000,,template_crossover
137,30,20000,,template_crossover
137,31,,6,template_crossover
137,32,,24,template_crossover
138,1,15000,12,template_mid_size
138,2,80000,60,template_mid_size
138,4,120000,60,template_mid_size
138,5,60000,24,template_mid_size
138,6,120000,84,template_mid_size
138,9,15000,12,template_mid_size
138,10,30000,24,template_mid_size
138,11,15000,12,template_mid_size
138,12,60000,48,template_mid_size
138,13,50000,,template_mid_size
138,14,70000,,template_mid_size
138,15,100000,,template_mid_size
138,18,100000,72,template_mid_size
138,19,80000,60,template_mid_size
138,21,60000,60,template_mid_size
138,23,,48,template_mid_size
138,25,,12,template_mid_size
138,26,,12,template_mid_size
138,28,15000,12,template_mid_size
138,30,20000,,template_mid_size
138,31,,6,template_mid_size
138,32,,24,template_mid_size
139,1,15000,12,template_crossover+chain_override
139,2,60000,48,template_crossover+chain_override
139,4,80000,48,template_crossover+chain_override
139,5,60000,24,template_crossover+chain_override
139,7,60000,60,template_crossover+chain_override
139,9,15000,12,template_crossover+chain_override
139,10,30000,24,template_crossover+chain_override
139,11,15000,12,template_crossover+chain_override
139,12,60000,48,template_crossover+chain_override
139,13,50000,,template_crossover+chain_override
139,14,70000,,template_crossover+chain_override
139,15,100000,,template_crossover+chain_override
139,19,80000,60,template_crossover+chain_override
139,20,60000,,template_crossover+chain_override
139,21,60000,60,template_crossover+chain_override
139,23,,48,template_crossover+chain_override
139,25,,12,template_crossover+chain_override
139,26,,12,template_crossover+chain_override
139,28,15000,12,template_crossover+chain_override
139,29,30000,,template_crossover+chain_override
139,30,20000,,template_crossover+chain_override
139,31,,6,template_crossover+chain_override
139,32,,24,template_crossover+chain_override
140,1,15000,12,template_crossover+chain_override
140,2,60000,48,template_crossover+chain_override
140,4,80000,48,template_crossover+chain_override
140,5,60000,24,template_crossover+chain_override
140,7,60000,60,template_crossover+chain_override
140,9,15000,12,template_crossover+chain_override
140,10,30000,24,template_crossover+chain_override
140,11,15000,12,template_crossover+chain_override
140,12,60000,48,template_crossover+chain_override
140,13,50000,,template_crossover+chain_override
140,14,70000,,template_crossover+chain_override
140,15,100000,,template_crossover+chain_override
140,19,80000,60,template_crossover+chain_override
140,20,60000,,template_crossover+chain_override
140,21,60000,60,template_crossover+chain_override
140,23,,48,template_crossover+chain_override
140,25,,12,template_crossover+chain_override
140,26,,12,template_crossover+chain_override
140,28,15000,12,template_crossover+chain_override
140,29,30000,,template_crossover+chain_override
140,30,20000,,template_crossover+chain_override
140,31,,6,template_crossover+chain_override
140,32,,24,template_crossover+chain_override
141,1,15000,12,template_mid_size
141,2,80000,60,template_mid_size
141,4,120000,60,template_mid_size
141,5,60000,24,template_mid_size
141,6,120000,84,template_mid_size
141,9,15000,12,template_mid_size
141,10,30000,24,template_mid_size
141,11,15000,12,template_mid_size
141,12,60000,48,template_mid_size
141,13,50000,,template_mid_size
141,14,70000,,template_mid_size
141,15,100000,,template_mid_size
141,18,100000,72,template_mid_size
141,19,80000,60,template_mid_size
141,21,60000,60,template_mid_size
141,23,,48,template_mid_size
141,25,,12,template_mid_size
141,26,,12,template_mid_size
141,28,15000,12,template_mid_size
141,30,20000,,template_mid_size
141,31,,6,template_mid_size
141,32,,24,template_mid_size
142,1,15000,12,template_crossover
142,2,60000,48,template_crossover
142,4,80000,48,template_crossover
142,5,60000,24,template_crossover
142,7,60000,60,template_crossover
142,9,15000,12,template_crossover
142,10,30000,24,template_crossover
142,11,15000,12,template_crossover
142,12,60000,48,template_crossover
142,13,50000,,template_crossover
142,14,70000,,template_crossover
142,15,100000,,template_crossover
142,18,100000,72,template_crossover
142,19,80000,60,template_crossover
142,21,60000,60,template_crossover
142,23,,48,template_crossover
142,25,,12,template_crossover
142,26,,12,template_crossover
142,28,15000,12,template_crossover
142,29,30000,,template_crossover
142,30,20000,,template_crossover
142,31,,6,template_crossover
142,32,,24,template_crossover
143,1,15000,12,template_mid_size
143,2,80000,60,template_mid_size
143,4,120000,60,template_mid_size
143,5,60000,24,template_mid_size
143,6,120000,84,template_mid_size
143,9,15000,12,template_mid_size
143,10,30000,24,template_mid_size
143,11,15000,12,template_mid_size
143,12,60000,48,template_mid_size
143,13,50000,,template_mid_size
143,14,70000,,template_mid_size
143,15,100000,,template_mid_size
143,18,100000,72,template_mid_size
143,19,80000,60,template_mid_size
143,21,60000,60,template_mid_size
143,23,,48,template_mid_size
143,25,,12,template_mid_size
143,26,,12,template_mid_size
143,28,15000,12,template_mid_size
143,30,20000,,template_mid_size
143,31,,6,template_mid_size
143,32,,24,template_mid_size
144,1,15000,12,template_mid_size
144,2,80000,60,template_mid_size
144,4,120000,60,template_mid_size
144,5,60000,24,template_mid_size
144,6,120000,84,template_mid_size
144,9,15000,12,template_mid_size
144,10,30000,24,template_mid_size
144,11,15000,12,template_mid_size
144,12,60000,48,template_mid_size
144,13,50000,,template_mid_size
144,14,70000,,template_mid_size
144,15,100000,,template_mid_size
144,18,100000,72,template_mid_size
144,19,80000,60,template_mid_size
144,21,60000,60,template_mid_size
144,23,,48,template_mid_size
144,25,,12,template_mid_size
144,26,,12,template_mid_size
144,28,15000,12,template_mid_size
144,30,20000,,template_mid_size
144,31,,6,template_mid_size
144,32,,24,template_mid_size
145,1,15000,12,template_economy
145,4,80000,60,template_economy
145,5,60000,24,template_economy
145,9,15000,12,template_economy
145,10,30000,24,template_economy
145,11,15000,12,template_economy
145,12,60000,48,template_economy
145,13,40000,,template_economy
145,14,60000,,template_economy
145,15,80000,,template_economy
145,18,90000,72,template_economy
145,19,60000,60,template_economy
145,21,30000,36,template_economy
145,23,,48,template_economy
145,25,,12,template_economy
145,26,,12,template_economy
145,28,15000,12,template_economy
145,30,20000,,template_economy
145,31,,6,template_economy
145,32,,24,template_economy
146,1,15000,12,template_crossover+chain_override
146,2,60000,48,template_crossover+chain_override
146,4,80000,48,template_crossover+chain_override
146,5,60000,24,template_crossover+chain_override
146,7,60000,60,template_crossover+chain_override
146,9,15000,12,template_crossover+chain_override
146,10,30000,24,template_crossover+chain_override
146,11,15000,12,template_crossover+chain_override
146,12,60000,48,template_crossover+chain_override
146,13,50000,,template_crossover+chain_override
146,14,70000,,template_crossover+chain_override
146,15,100000,,template_crossover+chain_override
146,19,80000,60,template_crossover+chain_override
146,20,60000,,template_crossover+chain_override
146,21,60000,60,template_crossover+chain_override
146,23,,48,template_crossover+chain_override
146,25,,12,template_crossover+chain_override
146,26,,12,template_crossover+chain_override
146,28,15000,12,template_crossover+chain_override
146,29,30000,,template_crossover+chain_override
146,30,20000,,template_crossover+chain_override
146,31,,6,template_crossover+chain_override
146,32,,24,template_crossover+chain_override
147,1,15000,12,template_crossover
147,2,60000,48,template_crossover
147,4,80000,48,template_crossover
147,5,60000,24,template_crossover
147,7,60000,60,template_crossover
147,9,15000,12,template_crossover
147,10,30000,24,template_crossover
147,11,15000,12,template_crossover
147,12,60000,48,template_crossover
147,13,50000,,template_crossover
147,14,70000,,template_crossover
147,15,100000,,template_crossover
147,18,100000,72,template_crossover
147,19,80000,60,template_crossover
147,21,60000,60,template_crossover
147,23,,48,template_crossover
147,25,,12,template_crossover
147,26,,12,template_crossover
147,28,15000,12,template_crossover
147,29,30000,,template_crossover
147,30,20000,,template_crossover
147,31,,6,template_crossover
147,32,,24,template_crossover
148,1,15000,12,template_crossover
148,2,60000,48,template_crossover
148,4,80000,48,template_crossover
148,5,60000,24,template_crossover
148,7,60000,60,template_crossover
148,9,15000,12,template_crossover
148,10,30000,24,template_crossover
148,11,15000,12,template_crossover
148,12,60000,48,template_crossover
148,13,50000,,template_crossover
148,14,70000,,template_crossover
148,15,100000,,template_crossover
148,18,100000,72,template_crossover
148,19,80000,60,template_crossover
148,21,60000,60,template_crossover
148,23,,48,template_crossover
148,25,,12,template_crossover
148,26,,12,template_crossover
148,28,15000,12,template_crossover
148,29,30000,,template_crossover
148,30,20000,,template_crossover
148,31,,6,template_crossover
148,32,,24,template_crossover
149,1,10000,12,template_suv
149,2,60000,48,template_suv
149,3,60000,60,template_suv
149,4,60000,36,template_suv
149,5,40000,24,template_suv
149,7,40000,36,template_suv
149,9,10000,12,template_suv
149,10,15000,24,template_suv
149,11,15000,12,template_suv
149,12,40000,48,template_suv
149,13,40000,,template_suv
149,14,60000,,template_suv
149,15,80000,,template_suv
149,18,90000,72,template_suv
149,19,60000,60,template_suv
149,21,30000,36,template_suv
149,23,,36,template_suv
149,25,,12,template_suv
149,26,,12,template_suv
149,28,10000,12,template_suv
149,29,20000,,template_suv
149,30,15000,,template_suv
149,31,,6,template_suv
149,32,,24,template_suv
150,1,15000,12,template_crossover
150,2,60000,48,template_crossover
150,4,80000,48,template_crossover
150,5,60000,24,template_crossover
150,7,60000,60,template_crossover
150,9,15000,12,template_crossover
150,10,30000,24,template_crossover
150,11,15000,12,template_crossover
150,12,60000,48,template_crossover
150,13,50000,,template_crossover
150,14,70000,,template_crossover
150,15,100000,,template_crossover
150,18,100000,72,template_crossover
150,19,80000,60,template_crossover
150,21,60000,60,template_crossover
150,23,,48,template_crossover
150,25,,12,template_crossover
150,26,,12,template_crossover
150,28,15000,12,template_crossover
150,29,30000,,template_crossover
150,30,20000,,template_crossover
150,31,,6,template_crossover
150,32,,24,template_crossover
151,1,15000,12,template_crossover
151,2,60000,48,template_crossover
151,4,80000,48,template_crossover
151,5,60000,24,template_crossover
151,7,60000,60,template_crossover
151,9,15000,12,template_crossover
151,10,30000,24,template_crossover
151,11,15000,12,template_crossover
151,12,60000,48,template_crossover
151,13,50000,,template_crossover
151,14,70000,,template_crossover
151,15,100000,,template_crossover
151,18,100000,72,template_crossover
151,19,80000,60,template_crossover
151,21,60000,60,template_crossover
151,23,,48,template_crossover
151,25,,12,template_crossover
151,26,,12,template_crossover
151,28,15000,12,template_crossover
151,29,30000,,template_crossover
151,30,20000,,template_crossover
151,31,,6,template_crossover
151,32,,24,template_crossover
152,1,15000,12,template_economy
152,4,80000,60,template_economy
152,5,60000,24,template_economy
152,9,15000,12,template_economy
152,10,30000,24,template_economy
152,11,15000,12,template_economy
152,12,60000,48,template_economy
152,13,40000,,template_economy
152,14,60000,,template_economy
152,15,80000,,template_economy
152,18,90000,72,template_economy
152,19,60000,60,template_economy
152,21,30000,36,template_economy
152,23,,48,template_economy
152,25,,12,template_economy
152,26,,12,template_economy
152,28,15000,12,template_economy
152,30,20000,,template_economy
152,31,,6,template_economy
152,32,,24,template_economy
153,1,15000,12,template_mid_size
153,2,80000,60,template_mid_size
153,4,120000,60,template_mid_size
153,5,60000,24,template_mid_size
153,6,120000,84,template_mid_size
153,9,15000,12,template_mid_size
153,10,30000,24,template_mid_size
153,11,15000,12,template_mid_size
153,12,60000,48,template_mid_size
153,13,50000,,template_mid_size
153,14,70000,,template_mid_size
153,15,100000,,template_mid_size
153,18,100000,72,template_mid_size
153,19,80000,60,template_mid_size
153,21,60000,60,template_mid_size
153,23,,48,template_mid_size
153,25,,12,template_mid_size
153,26,,12,template_mid_size
153,28,15000,12,template_mid_size
153,30,20000,,template_mid_size
153,31,,6,template_mid_size
153,32,,24,template_mid_size
154,1,15000,12,template_crossover
154,2,60000,48,template_crossover
154,4,80000,48,template_crossover
154,5,60000,24,template_crossover
154,7,60000,60,template_crossover
154,9,15000,12,template_crossover
154,10,30000,24,template_crossover
154,11,15000,12,template_crossover
154,12,60000,48,template_crossover
154,13,50000,,template_crossover
154,14,70000,,template_crossover
154,15,100000,,template_crossover
154,18,100000,72,template_crossover
154,19,80000,60,template_crossover
154,21,60000,60,template_crossover
154,23,,48,template_crossover
154,25,,12,template_crossover
154,26,,12,template_crossover
154,28,15000,12,template_crossover
154,29,30000,,template_crossover
154,30,20000,,template_crossover
154,31,,6,template_crossover
154,32,,24,template_crossover
155,1,15000,12,template_mid_size
155,2,80000,60,template_mid_size
155,4,120000,60,template_mid_size
155,5,60000,24,template_mid_size
155,6,120000,84,template_mid_size
155,9,15000,12,template_mid_size
155,10,30000,24,template_mid_size
155,11,15000,12,template_mid_size
155,12,60000,48,template_mid_size
155,13,50000,,template_mid_size
155,14,70000,,template_mid_size
155,15,100000,,template_mid_size
155,18,100000,72,template_mid_size
155,19,80000,60,template_mid_size
155,21,60000,60,template_mid_size
155,23,,48,template_mid_size
155,25,,12,template_mid_size
155,26,,12,template_mid_size
155,28,15000,12,template_mid_size
155,30,20000,,template_mid_size
155,31,,6,template_mid_size
155,32,,24,template_mid_size
156,2,80000,60,template_mid_size+ev_override
156,4,120000,60,template_mid_size+ev_override
156,5,60000,24,template_mid_size+ev_override
156,6,120000,84,template_mid_size+ev_override
156,10,30000,24,template_mid_size+ev_override
156,11,15000,12,template_mid_size+ev_override
156,13,50000,,template_mid_size+ev_override
156,14,70000,,template_mid_size+ev_override
156,15,100000,,template_mid_size+ev_override
156,23,,48,template_mid_size+ev_override
156,25,,12,template_mid_size+ev_override
156,26,,12,template_mid_size+ev_override
156,28,15000,12,template_mid_size+ev_override
156,30,20000,,template_mid_size+ev_override
156,31,,6,template_mid_size+ev_override
156,32,,24,template_mid_size+ev_override
157,1,15000,12,template_mid_size
157,2,80000,60,template_mid_size
157,4,120000,60,template_mid_size
157,5,60000,24,template_mid_size
157,6,120000,84,template_mid_size
157,9,15000,12,template_mid_size
157,10,30000,24,template_mid_size
157,11,15000,12,template_mid_size
157,12,60000,48,template_mid_size
157,13,50000,,template_mid_size
157,14,70000,,template_mid_size
157,15,100000,,template_mid_size
157,18,100000,72,template_mid_size
157,19,80000,60,template_mid_size
157,21,60000,60,template_mid_size
157,23,,48,template_mid_size
157,25,,12,template_mid_size
157,26,,12,template_mid_size
157,28,15000,12,template_mid_size
157,30,20000,,template_mid_size
157,31,,6,template_mid_size
157,32,,24,template_mid_size
158,1,15000,12,template_crossover+chain_override
158,2,60000,48,template_crossover+chain_override
158,4,80000,48,template_crossover+chain_override
158,5,60000,24,template_crossover+chain_override
158,7,60000,60,template_crossover+chain_override
158,9,15000,12,template_crossover+chain_override
158,10,30000,24,template_crossover+chain_override
158,11,15000,12,template_crossover+chain_override
158,12,60000,48,template_crossover+chain_override
158,13,50000,,template_crossover+chain_override
158,14,70000,,template_crossover+chain_override
158,15,100000,,template_crossover+chain_override
158,19,80000,60,template_crossover+chain_override
158,20,60000,,template_crossover+chain_override
158,21,60000,60,template_crossover+chain_override
158,23,,48,template_crossover+chain_override
158,25,,12,template_crossover+chain_override
158,26,,12,template_crossover+chain_override
158,28,15000,12,template_crossover+chain_override
158,29,30000,,template_crossover+chain_override
158,30,20000,,template_crossover+chain_override
158,31,,6,template_crossover+chain_override
158,32,,24,template_crossover+chain_override
159,1,15000,12,template_crossover
159,2,60000,48,template_crossover
159,4,80000,48,template_crossover
159,5,60000,24,template_crossover
159,7,60000,60,template_crossover
159,9,15000,12,template_crossover
159,10,30000,24,template_crossover
159,11,15000,12,template_crossover
159,12,60000,48,template_crossover
159,13,50000,,template_crossover
159,14,70000,,template_crossover
159,15,100000,,template_crossover
159,18,100000,72,template_crossover
159,19,80000,60,template_crossover
159,21,60000,60,template_crossover
159,23,,48,template_crossover
159,25,,12,template_crossover
159,26,,12,template_crossover
159,28,15000,12,template_crossover
159,29,30000,,template_crossover
159,30,20000,,template_crossover
159,31,,6,template_crossover
159,32,,24,template_crossover
160,1,10000,12,template_suv
160,2,60000,48,template_suv
160,3,60000,60,template_suv
160,4,60000,36,template_suv
160,5,40000,24,template_suv
160,7,40000,36,template_suv
160,9,10000,12,template_suv
160,10,15000,24,template_suv
160,11,15000,12,template_suv
160,12,40000,48,template_suv
160,13,40000,,template_suv
160,14,60000,,template_suv
160,15,80000,,template_suv
160,18,90000,72,template_suv
160,19,60000,60,template_suv
160,21,30000,36,template_suv
160,23,,36,template_suv
160,25,,12,template_suv
160,26,,12,template_suv
160,28,10000,12,template_suv
160,29,20000,,template_suv
160,30,15000,,template_suv
160,31,,6,template_suv
160,32,,24,template_suv
161,1,10000,12,template_suv
161,2,60000,48,template_suv
161,3,60000,60,template_suv
161,4,60000,36,template_suv
161,5,40000,24,template_suv
161,7,40000,36,template_suv
161,9,10000,12,template_suv
161,10,15000,24,template_suv
161,11,15000,12,template_suv
161,12,40000,48,template_suv
161,13,40000,,template_suv
161,14,60000,,template_suv
161,15,80000,,template_suv
161,18,90000,72,template_suv
161,19,60000,60,template_suv
161,21,30000,36,template_suv
161,23,,36,template_suv
161,25,,12,template_suv
161,26,,12,template_suv
161,28,10000,12,template_suv
161,29,20000,,template_suv
161,30,15000,,template_suv
161,31,,6,template_suv
161,32,,24,template_suv
162,1,10000,12,template_lcv
162,3,60000,60,template_lcv
162,4,60000,48,template_lcv
162,5,40000,24,template_lcv
162,9,10000,12,template_lcv
162,10,20000,24,template_lcv
162,11,10000,12,template_lcv
162,12,40000,48,template_lcv
162,13,30000,,template_lcv
162,14,50000,,template_lcv
162,15,60000,,template_lcv
162,18,80000,60,template_lcv
162,19,60000,60,template_lcv
162,21,30000,36,template_lcv
162,23,,36,template_lcv
162,25,,12,template_lcv
162,26,,12,template_lcv
162,28,10000,12,template_lcv
162,29,20000,,template_lcv
162,30,20000,,template_lcv
162,31,,6,template_lcv
163,1,15000,12,template_crossover
163,2,60000,48,template_crossover
163,4,80000,48,template_crossover
163,5,60000,24,template_crossover
163,7,60000,60,template_crossover
163,9,15000,12,template_crossover
163,10,30000,24,template_crossover
163,11,15000,12,template_crossover
163,12,60000,48,template_crossover
163,13,50000,,template_crossover
163,14,70000,,template_crossover
163,15,100000,,template_crossover
163,18,100000,72,template_crossover
163,19,80000,60,template_crossover
163,21,60000,60,template_crossover
163,23,,48,template_crossover
163,25,,12,template_crossover
163,26,,12,template_crossover
163,28,15000,12,template_crossover
163,29,30000,,template_crossover
163,30,20000,,template_crossover
163,31,,6,template_crossover
163,32,,24,template_crossover
164,1,15000,12,template_crossover
164,2,60000,48,template_crossover
164,4,80000,48,template_crossover
164,5,60000,24,template_crossover
164,7,60000,60,template_crossover
164,9,15000,12,template_crossover
164,10,30000,24,template_crossover
164,11,15000,12,template_crossover
164,12,60000,48,template_crossover
164,13,50000,,template_crossover
164,14,70000,,template_crossover
164,15,100000,,template_crossover
164,18,100000,72,template_crossover
164,19,80000,60,template_crossover
164,21,60000,60,template_crossover
164,23,,48,template_crossover
164,25,,12,template_crossover
164,26,,12,template_crossover
164,28,15000,12,template_crossover
164,29,30000,,template_crossover
164,30,20000,,template_crossover
164,31,,6,template_crossover
164,32,,24,template_crossover
165,1,15000,12,template_crossover
165,2,60000,48,template_crossover
165,4,80000,48,template_crossover
165,5,60000,24,template_crossover
165,7,60000,60,template_crossover
165,9,15000,12,template_crossover
165,10,30000,24,template_crossover
165,11,15000,12,template_crossover
165,12,60000,48,template_crossover
165,13,50000,,template_crossover
165,14,70000,,template_crossover
165,15,100000,,template_crossover
165,18,100000,72,template_crossover
165,19,80000,60,template_crossover
165,21,60000,60,template_crossover
165,23,,48,template_crossover
165,25,,12,template_crossover
165,26,,12,template_crossover
165,28,15000,12,template_crossover
165,29,30000,,template_crossover
165,30,20000,,template_crossover
165,31,,6,template_crossover
165,32,,24,template_crossover
166,1,10000,12,template_suv
166,2,60000,48,template_suv
166,3,60000,60,template_suv
166,4,60000,36,template_suv
166,5,40000,24,template_suv
166,7,40000,36,template_suv
166,9,10000,12,template_suv
166,10,15000,24,template_suv
166,11,15000,12,template_suv
166,12,40000,48,template_suv
166,13,40000,,template_suv
166,14,60000,,template_suv
166,15,80000,,template_suv
166,18,90000,72,template_suv
166,19,60000,60,template_suv
166,21,30000,36,template_suv
166,23,,36,template_suv
166,25,,12,template_suv
166,26,,12,template_suv
166,28,10000,12,template_suv
166,29,20000,,template_suv
166,30,15000,,template_suv
166,31,,6,template_suv
166,32,,24,template_suv
167,1,15000,12,template_economy
167,4,80000,60,template_economy
167,5,60000,24,template_economy
167,9,15000,12,template_economy
167,10,30000,24,template_economy
167,11,15000,12,template_economy
167,12,60000,48,template_economy
167,13,40000,,template_economy
167,14,60000,,template_economy
167,15,80000,,template_economy
167,18,90000,72,template_economy
167,19,60000,60,template_economy
167,21,30000,36,template_economy
167,23,,48,template_economy
167,25,,12,template_economy
167,26,,12,template_economy
167,28,15000,12,template_economy
167,30,20000,,template_economy
167,31,,6,template_economy
167,32,,24,template_economy
168,1,10000,12,template_suv
168,2,60000,48,template_suv
168,3,60000,60,template_suv
168,4,60000,36,template_suv
168,5,40000,24,template_suv
168,7,40000,36,template_suv
168,9,10000,12,template_suv
168,10,15000,24,template_suv
168,11,15000,12,template_suv
168,12,40000,48,template_suv
168,13,40000,,template_suv
168,14,60000,,template_suv
168,15,80000,,template_suv
168,18,90000,72,template_suv
168,19,60000,60,template_suv
168,21,30000,36,template_suv
168,23,,36,template_suv
168,25,,12,template_suv
168,26,,12,template_suv
168,28,10000,12,template_suv
168,29,20000,,template_suv
168,30,15000,,template_suv
168,31,,6,template_suv
168,32,,24,template_suv
169,1,15000,12,template_crossover
169,2,60000,48,template_crossover
169,4,80000,48,template_crossover
169,5,60000,24,template_crossover
169,7,60000,60,template_crossover
169,9,15000,12,template_crossover
169,10,30000,24,template_crossover
169,11,15000,12,template_crossover
169,12,60000,48,template_crossover
169,13,50000,,template_crossover
169,14,70000,,template_crossover
169,15,100000,,template_crossover
169,18,100000,72,template_crossover
169,19,80000,60,template_crossover
169,21,60000,60,template_crossover
169,23,,48,template_crossover
169,25,,12,template_crossover
169,26,,12,template_crossover
169,28,15000,12,template_crossover
169,29,30000,,template_crossover
169,30,20000,,template_crossover
169,31,,6,template_crossover
169,32,,24,template_crossover
170,1,10000,12,template_lcv
170,3,60000,60,template_lcv
170,4,60000,48,template_lcv
170,5,40000,24,template_lcv
170,9,10000,12,template_lcv
170,10,20000,24,template_lcv
170,11,10000,12,template_lcv
170,12,40000,48,template_lcv
170,13,30000,,template_lcv
170,14,50000,,template_lcv
170,15,60000,,template_lcv
170,18,80000,60,template_lcv
170,19,60000,60,template_lcv
170,21,30000,36,template_lcv
170,23,,36,template_lcv
170,25,,12,template_lcv
170,26,,12,template_lcv
170,28,10000,12,template_lcv
170,29,20000,,template_lcv
170,30,20000,,template_lcv
170,31,,6,template_lcv
171,1,10000,12,template_suv
171,2,60000,48,template_suv
171,3,60000,60,template_suv
171,4,60000,36,template_suv
171,5,40000,24,template_suv
171,7,40000,36,template_suv
171,9,10000,12,template_suv
171,10,15000,24,template_suv
171,11,15000,12,template_suv
171,12,40000,48,template_suv
171,13,40000,,template_suv
171,14,60000,,template_suv
171,15,80000,,template_suv
171,18,90000,72,template_suv
171,19,60000,60,template_suv
171,21,30000,36,template_suv
171,23,,36,template_suv
171,25,,12,template_suv
171,26,,12,template_suv
171,28,10000,12,template_suv
171,29,20000,,template_suv
171,30,15000,,template_suv
171,31,,6,template_suv
171,32,,24,template_suv
172,1,15000,12,template_economy
172,4,80000,60,template_economy
172,5,60000,24,template_economy
172,9,15000,12,template_economy
172,10,30000,24,template_economy
172,11,15000,12,template_economy
172,12,60000,48,template_economy
172,13,40000,,template_economy
172,14,60000,,template_economy
172,15,80000,,template_economy
172,18,90000,72,template_economy
172,19,60000,60,template_economy
172,21,30000,36,template_economy
172,23,,48,template_economy
172,25,,12,template_economy
172,26,,12,template_economy
172,28,15000,12,template_economy
172,30,20000,,template_economy
172,31,,6,template_economy
172,32,,24,template_economy
173,1,15000,12,template_economy
173,4,80000,60,template_economy
173,5,60000,24,template_economy
173,9,15000,12,template_economy
173,10,30000,24,template_economy
173,11,15000,12,template_economy
173,12,60000,48,template_economy
173,13,40000,,template_economy
173,14,60000,,template_economy
173,15,80000,,template_economy
173,18,90000,72,template_economy
173,19,60000,60,template_economy
173,21,30000,36,template_economy
173,23,,48,template_economy
173,25,,12,template_economy
173,26,,12,template_economy
173,28,15000,12,template_economy
173,30,20000,,template_economy
173,31,,6,template_economy
173,32,,24,template_economy
174,1,15000,12,template_economy+chain_override
174,4,80000,60,template_economy+chain_override
174,5,60000,24,template_economy+chain_override
174,9,15000,12,template_economy+chain_override
174,10,30000,24,template_economy+chain_override
174,11,15000,12,template_economy+chain_override
174,12,60000,48,template_economy+chain_override
174,13,40000,,template_economy+chain_override
174,14,60000,,template_economy+chain_override
174,15,80000,,template_economy+chain_override
174,19,60000,60,template_economy+chain_override
174,20,60000,,template_economy+chain_override
174,21,30000,36,template_economy+chain_override
174,23,,48,template_economy+chain_override
174,25,,12,template_economy+chain_override
174,26,,12,template_economy+chain_override
174,28,15000,12,template_economy+chain_override
174,30,20000,,template_economy+chain_override
174,31,,6,template_economy+chain_override
174,32,,24,template_economy+chain_override
175,1,15000,12,template_economy
175,4,80000,60,template_economy
175,5,60000,24,template_economy
175,9,15000,12,template_economy
175,10,30000,24,template_economy
175,11,15000,12,template_economy
175,12,60000,48,template_economy
175,13,40000,,template_economy
175,14,60000,,template_economy
175,15,80000,,template_economy
175,18,90000,72,template_economy
175,19,60000,60,template_economy
175,21,30000,36,template_economy
175,23,,48,template_economy
175,25,,12,template_economy
175,26,,12,template_economy
175,28,15000,12,template_economy
175,30,20000,,template_economy
175,31,,6,template_economy
175,32,,24,template_economy
176,1,15000,12,template_mid_size
176,2,80000,60,template_mid_size
176,4,120000,60,template_mid_size
176,5,60000,24,template_mid_size
176,6,120000,84,template_mid_size
176,9,15000,12,template_mid_size
176,10,30000,24,template_mid_size
176,11,15000,12,template_mid_size
176,12,60000,48,template_mid_size
176,13,50000,,template_mid_size
176,14,70000,,template_mid_size
176,15,100000,,template_mid_size
176,18,100000,72,template_mid_size
176,19,80000,60,template_mid_size
176,21,60000,60,template_mid_size
176,23,,48,template_mid_size
176,25,,12,template_mid_size
176,26,,12,template_mid_size
176,28,15000,12,template_mid_size
176,30,20000,,template_mid_size
176,31,,6,template_mid_size
176,32,,24,template_mid_size
177,1,15000,12,template_mid_size
177,2,80000,60,template_mid_size
177,4,120000,60,template_mid_size
177,5,60000,24,template_mid_size
177,6,120000,84,template_mid_size
177,9,15000,12,template_mid_size
177,10,30000,24,template_mid_size
177,11,15000,12,template_mid_size
177,12,60000,48,template_mid_size
177,13,50000,,template_mid_size
177,14,70000,,template_mid_size
177,15,100000,,template_mid_size
177,18,100000,72,template_mid_size
177,19,80000,60,template_mid_size
177,21,60000,60,template_mid_size
177,23,,48,template_mid_size
177,25,,12,template_mid_size
177,26,,12,template_mid_size
177,28,15000,12,template_mid_size
177,30,20000,,template_mid_size
177,31,,6,template_mid_size
177,32,,24,template_mid_size
178,1,15000,12,template_crossover
178,2,60000,48,template_crossover
178,4,80000,48,template_crossover
178,5,60000,24,template_crossover
178,7,60000,60,template_crossover
178,9,15000,12,template_crossover
178,10,30000,24,template_crossover
178,11,15000,12,template_crossover
178,12,60000,48,template_crossover
178,13,50000,,template_crossover
178,14,70000,,template_crossover
178,15,100000,,template_crossover
178,18,100000,72,template_crossover
178,19,80000,60,template_crossover
178,21,60000,60,template_crossover
178,23,,48,template_crossover
178,25,,12,template_crossover
178,26,,12,template_crossover
178,28,15000,12,template_crossover
178,29,30000,,template_crossover
178,30,20000,,template_crossover
178,31,,6,template_crossover
178,32,,24,template_crossover
179,1,15000,12,template_crossover+chain_override
179,2,60000,48,template_crossover+chain_override
179,4,80000,48,template_crossover+chain_override
179,5,60000,24,template_crossover+chain_override
179,7,60000,60,template_crossover+chain_override
179,9,15000,12,template_crossover+chain_override
179,10,30000,24,template_crossover+chain_override
179,11,15000,12,template_crossover+chain_override
179,12,60000,48,template_crossover+chain_override
179,13,50000,,template_crossover+chain_override
179,14,70000,,template_crossover+chain_override
179,15,100000,,template_crossover+chain_override
179,19,80000,60,template_crossover+chain_override
179,20,60000,,template_crossover+chain_override
179,21,60000,60,template_crossover+chain_override
179,23,,48,template_crossover+chain_override
179,25,,12,template_crossover+chain_override
179,26,,12,template_crossover+chain_override
179,28,15000,12,template_crossover+chain_override
179,29,30000,,template_crossover+chain_override
179,30,20000,,template_crossover+chain_override
179,31,,6,template_crossover+chain_override
179,32,,24,template_crossover+chain_override
180,1,15000,12,template_crossover
180,2,60000,48,template_crossover
180,4,80000,48,template_crossover
180,5,60000,24,template_crossover
180,7,60000,60,template_crossover
180,9,15000,12,template_crossover
180,10,30000,24,template_crossover
180,11,15000,12,template_crossover
180,12,60000,48,template_crossover
180,13,50000,,template_crossover
180,14,70000,,template_crossover
180,15,100000,,template_crossover
180,18,100000,72,template_crossover
180,19,80000,60,template_crossover
180,21,60000,60,template_crossover
180,23,,48,template_crossover
180,25,,12,template_crossover
180,26,,12,template_crossover
180,28,15000,12,template_crossover
180,29,30000,,template_crossover
180,30,20000,,template_crossover
180,31,,6,template_crossover
180,32,,24,template_crossover
181,1,15000,12,template_crossover
181,2,60000,48,template_crossover
181,4,80000,48,template_crossover
181,5,60000,24,template_crossover
181,7,60000,60,template_crossover
181,9,15000,12,template_crossover
181,10,30000,24,template_crossover
181,11,15000,12,template_crossover
181,12,60000,48,template_crossover
181,13,50000,,template_crossover
181,14,70000,,template_crossover
181,15,100000,,template_crossover
181,18,100000,72,template_crossover
181,19,80000,60,template_crossover
181,21,60000,60,template_crossover
181,23,,48,template_crossover
181,25,,12,template_crossover
181,26,,12,template_crossover
181,28,15000,12,template_crossover
181,29,30000,,template_crossover
181,30,20000,,template_crossover
181,31,,6,template_crossover
181,32,,24,template_crossover
182,1,15000,12,template_crossover
182,2,60000,48,template_crossover
182,4,80000,48,template_crossover
182,5,60000,24,template_crossover
182,7,60000,60,template_crossover
182,9,15000,12,template_crossover
182,10,30000,24,template_crossover
182,11,15000,12,template_crossover
182,12,60000,48,template_crossover
182,13,50000,,template_crossover
182,14,70000,,template_crossover
182,15,100000,,template_crossover
182,18,100000,72,template_crossover
182,19,80000,60,template_crossover
182,21,60000,60,template_crossover
182,23,,48,template_crossover
182,25,,12,template_crossover
182,26,,12,template_crossover
182,28,15000,12,template_crossover
182,29,30000,,template_crossover
182,30,20000,,template_crossover
182,31,,6,template_crossover
182,32,,24,template_crossover
183,1,15000,12,template_mid_size
183,2,80000,60,template_mid_size
183,4,120000,60,template_mid_size
183,5,60000,24,template_mid_size
183,6,120000,84,template_mid_size
183,9,15000,12,template_mid_size
183,10,30000,24,template_mid_size
183,11,15000,12,template_mid_size
183,12,60000,48,template_mid_size
183,13,50000,,template_mid_size
183,14,70000,,template_mid_size
183,15,100000,,template_mid_size
183,18,100000,72,template_mid_size
183,19,80000,60,template_mid_size
183,21,60000,60,template_mid_size
183,23,,48,template_mid_size
183,25,,12,template_mid_size
183,26,,12,template_mid_size
183,28,15000,12,template_mid_size
183,30,20000,,template_mid_size
183,31,,6,template_mid_size
183,32,,24,template_mid_size
184,1,15000,12,template_mid_size
184,2,80000,60,template_mid_size
184,4,120000,60,template_mid_size
184,5,60000,24,template_mid_size
184,6,120000,84,template_mid_size
184,9,15000,12,template_mid_size
184,10,30000,24,template_mid_size
184,11,15000,12,template_mid_size
184,12,60000,48,template_mid_size
184,13,50000,,template_mid_size
184,14,70000,,template_mid_size
184,15,100000,,template_mid_size
184,18,100000,72,template_mid_size
184,19,80000,60,template_mid_size
184,21,60000,60,template_mid_size
184,23,,48,template_mid_size
184,25,,12,template_mid_size
184,26,,12,template_mid_size
184,28,15000,12,template_mid_size
184,30,20000,,template_mid_size
184,31,,6,template_mid_size
184,32,,24,template_mid_size
185,1,15000,12,template_crossover
185,2,60000,48,template_crossover
185,4,80000,48,template_crossover
185,5,60000,24,template_crossover
185,7,60000,60,template_crossover
185,9,15000,12,template_crossover
185,10,30000,24,template_crossover
185,11,15000,12,template_crossover
185,12,60000,48,template_crossover
185,13,50000,,template_crossover
185,14,70000,,template_crossover
185,15,100000,,template_crossover
185,18,100000,72,template_crossover
185,19,80000,60,template_crossover
185,21,60000,60,template_crossover
185,23,,48,template_crossover
185,25,,12,template_crossover
185,26,,12,template_crossover
185,28,15000,12,template_crossover
185,29,30000,,template_crossover
185,30,20000,,template_crossover
185,31,,6,template_crossover
185,32,,24,template_crossover
186,1,15000,12,template_economy+chain_override
186,4,80000,60,template_economy+chain_override
186,5,60000,24,template_economy+chain_override
186,9,15000,12,template_economy+chain_override
186,10,30000,24,template_economy+chain_override
186,11,15000,12,template_economy+chain_override
186,12,60000,48,template_economy+chain_override
186,13,40000,,template_economy+chain_override
186,14,60000,,template_economy+chain_override
186,15,80000,,template_economy+chain_override
186,19,60000,60,template_economy+chain_override
186,20,60000,,template_economy+chain_override
186,21,30000,36,template_economy+chain_override
186,23,,48,template_economy+chain_override
186,25,,12,template_economy+chain_override
186,26,,12,template_economy+chain_override
186,28,15000,12,template_economy+chain_override
186,30,20000,,template_economy+chain_override
186,31,,6,template_economy+chain_override
186,32,,24,template_economy+chain_override
187,1,15000,12,template_mid_size
187,2,80000,60,template_mid_size
187,4,120000,60,template_mid_size
187,5,60000,24,template_mid_size
187,6,120000,84,template_mid_size
187,9,15000,12,template_mid_size
187,10,30000,24,template_mid_size
187,11,15000,12,template_mid_size
187,12,60000,48,template_mid_size
187,13,50000,,template_mid_size
187,14,70000,,template_mid_size
187,15,100000,,template_mid_size
187,18,100000,72,template_mid_size
187,19,80000,60,template_mid_size
187,21,60000,60,template_mid_size
187,23,,48,template_mid_size
187,25,,12,template_mid_size
187,26,,12,template_mid_size
187,28,15000,12,template_mid_size
187,30,20000,,template_mid_size
187,31,,6,template_mid_size
187,32,,24,template_mid_size
188,1,15000,12,template_mid_size
188,2,80000,60,template_mid_size
188,4,120000,60,template_mid_size
188,5,60000,24,template_mid_size
188,6,120000,84,template_mid_size
188,9,15000,12,template_mid_size
188,10,30000,24,template_mid_size
188,11,15000,12,template_mid_size
188,12,60000,48,template_mid_size
188,13,50000,,template_mid_size
188,14,70000,,template_mid_size
188,15,100000,,template_mid_size
188,18,100000,72,template_mid_size
188,19,80000,60,template_mid_size
188,21,60000,60,template_mid_size
188,23,,48,template_mid_size
188,25,,12,template_mid_size
188,26,,12,template_mid_size
188,28,15000,12,template_mid_size
188,30,20000,,template_mid_size
188,31,,6,template_mid_size
188,32,,24,template_mid_size
189,1,15000,12,template_crossover
189,2,60000,48,template_crossover
189,4,80000,48,template_crossover
189,5,60000,24,template_crossover
189,7,60000,60,template_crossover
189,9,15000,12,template_crossover
189,10,30000,24,template_crossover
189,11,15000,12,template_crossover
189,12,60000,48,template_crossover
189,13,50000,,template_crossover
189,14,70000,,template_crossover
189,15,100000,,template_crossover
189,18,100000,72,template_crossover
189,19,80000,60,template_crossover
189,21,60000,60,template_crossover
189,23,,48,template_crossover
189,25,,12,template_crossover
189,26,,12,template_crossover
189,28,15000,12,template_crossover
189,29,30000,,template_crossover
189,30,20000,,template_crossover
189,31,,6,template_crossover
189,32,,24,template_crossover
190,1,15000,12,template_crossover
190,2,60000,48,template_crossover
190,4,80000,48,template_crossover
190,5,60000,24,template_crossover
190,7,60000,60,template_crossover
190,9,15000,12,template_crossover
190,10,30000,24,template_crossover
190,11,15000,12,template_crossover
190,12,60000,48,template_crossover
190,13,50000,,template_crossover
190,14,70000,,template_crossover
190,15,100000,,template_crossover
190,18,100000,72,template_crossover
190,19,80000,60,template_crossover
190,21,60000,60,template_crossover
190,23,,48,template_crossover
190,25,,12,template_crossover
190,26,,12,template_crossover
190,28,15000,12,template_crossover
190,29,30000,,template_crossover
190,30,20000,,template_crossover
190,31,,6,template_crossover
190,32,,24,template_crossover
191,1,15000,12,template_economy
191,4,80000,60,template_economy
191,5,60000,24,template_economy
191,9,15000,12,template_economy
191,10,30000,24,template_economy
191,11,15000,12,template_economy
191,12,60000,48,template_economy
191,13,40000,,template_economy
191,14,60000,,template_economy
191,15,80000,,template_economy
191,18,90000,72,template_economy
191,19,60000,60,template_economy
191,21,30000,36,template_economy
191,23,,48,template_economy
191,25,,12,template_economy
191,26,,12,template_economy
191,28,15000,12,template_economy
191,30,20000,,template_economy
191,31,,6,template_economy
191,32,,24,template_economy
192,1,15000,12,template_economy
192,4,80000,60,template_economy
192,5,60000,24,template_economy
192,9,15000,12,template_economy
192,10,30000,24,template_economy
192,11,15000,12,template_economy
192,12,60000,48,template_economy
192,13,40000,,template_economy
192,14,60000,,template_economy
192,15,80000,,template_economy
192,18,90000,72,template_economy
192,19,60000,60,template_economy
192,21,30000,36,template_economy
192,23,,48,template_economy
192,25,,12,template_economy
192,26,,12,template_economy
192,28,15000,12,template_economy
192,30,20000,,template_economy
192,31,,6,template_economy
192,32,,24,template_economy
193,1,10000,12,template_suv
193,2,60000,48,template_suv
193,3,60000,60,template_suv
193,4,60000,36,template_suv
193,5,40000,24,template_suv
193,7,40000,36,template_suv
193,9,10000,12,template_suv
193,10,15000,24,template_suv
193,11,15000,12,template_suv
193,12,40000,48,template_suv
193,13,40000,,template_suv
193,14,60000,,template_suv
193,15,80000,,template_suv
193,18,90000,72,template_suv
193,19,60000,60,template_suv
193,21,30000,36,template_suv
193,23,,36,template_suv
193,25,,12,template_suv
193,26,,12,template_suv
193,28,10000,12,template_suv
193,29,20000,,template_suv
193,30,15000,,template_suv
193,31,,6,template_suv
193,32,,24,template_suv
194,1,15000,12,template_mid_size
194,2,80000,60,template_mid_size
194,4,120000,60,template_mid_size
194,5,60000,24,template_mid_size
194,6,120000,84,template_mid_size
194,9,15000,12,template_mid_size
194,10,30000,24,template_mid_size
194,11,15000,12,template_mid_size
194,12,60000,48,template_mid_size
194,13,50000,,template_mid_size
194,14,70000,,template_mid_size
194,15,100000,,template_mid_size
194,18,100000,72,template_mid_size
194,19,80000,60,template_mid_size
194,21,60000,60,template_mid_size
194,23,,48,template_mid_size
194,25,,12,template_mid_size
194,26,,12,template_mid_size
194,28,15000,12,template_mid_size
194,30,20000,,template_mid_size
194,31,,6,template_mid_size
194,32,,24,template_mid_size
195,1,15000,12,template_mid_size
195,2,80000,60,template_mid_size
195,4,120000,60,template_mid_size
195,5,60000,24,template_mid_size
195,6,120000,84,template_mid_size
195,9,15000,12,template_mid_size
195,10,30000,24,template_mid_size
195,11,15000,12,template_mid_size
195,12,60000,48,template_mid_size
195,13,50000,,template_mid_size
195,14,70000,,template_mid_size
195,15,100000,,template_mid_size
195,18,100000,72,template_mid_size
195,19,80000,60,template_mid_size
195,21,60000,60,template_mid_size
195,23,,48,template_mid_size
195,25,,12,template_mid_size
195,26,,12,template_mid_size
195,28,15000,12,template_mid_size
195,30,20000,,template_mid_size
195,31,,6,template_mid_size
195,32,,24,template_mid_size
196,1,15000,12,template_crossover
196,2,60000,48,template_crossover
196,4,80000,48,template_crossover
196,5,60000,24,template_crossover
196,7,60000,60,template_crossover
196,9,15000,12,template_crossover
196,10,30000,24,template_crossover
196,11,15000,12,template_crossover
196,12,60000,48,template_crossover
196,13,50000,,template_crossover
196,14,70000,,template_crossover
196,15,100000,,template_crossover
196,18,100000,72,template_crossover
196,19,80000,60,template_crossover
196,21,60000,60,template_crossover
196,23,,48,template_crossover
196,25,,12,template_crossover
196,26,,12,template_crossover
196,28,15000,12,template_crossover
196,29,30000,,template_crossover
196,30,20000,,template_crossover
196,31,,6,template_crossover
196,32,,24,template_crossover
197,1,15000,12,template_crossover
197,2,60000,48,template_crossover
197,4,80000,48,template_crossover
197,5,60000,24,template_crossover
197,7,60000,60,template_crossover
197,9,15000,12,template_crossover
197,10,30000,24,template_crossover
197,11,15000,12,template_crossover
197,12,60000,48,template_crossover
197,13,50000,,template_crossover
197,14,70000,,template_crossover
197,15,100000,,template_crossover
197,18,100000,72,template_crossover
197,19,80000,60,template_crossover
197,21,60000,60,template_crossover
197,23,,48,template_crossover
197,25,,12,template_crossover
197,26,,12,template_crossover
197,28,15000,12,template_crossover
197,29,30000,,template_crossover
197,30,20000,,template_crossover
197,31,,6,template_crossover
197,32,,24,template_crossover
198,1,15000,12,template_mid_size+chain_override
198,2,80000,60,template_mid_size+chain_override
198,4,120000,60,template_mid_size+chain_override
198,5,60000,24,template_mid_size+chain_override
198,6,120000,84,template_mid_size+chain_override
198,9,15000,12,template_mid_size+chain_override
198,10,30000,24,template_mid_size+chain_override
198,11,15000,12,template_mid_size+chain_override
198,12,60000,48,template_mid_size+chain_override
198,13,50000,,template_mid_size+chain_override
198,14,70000,,template_mid_size+chain_override
198,15,100000,,template_mid_size+chain_override
198,19,80000,60,template_mid_size+chain_override
198,20,60000,,template_mid_size+chain_override
198,21,60000,60,template_mid_size+chain_override
198,23,,48,template_mid_size+chain_override
198,25,,12,template_mid_size+chain_override
198,26,,12,template_mid_size+chain_override
198,28,15000,12,template_mid_size+chain_override
198,30,20000,,template_mid_size+chain_override
198,31,,6,template_mid_size+chain_override
198,32,,24,template_mid_size+chain_override
199,1,15000,12,template_crossover
199,2,60000,48,template_crossover
199,4,80000,48,template_crossover
199,5,60000,24,template_crossover
199,7,60000,60,template_crossover
199,9,15000,12,template_crossover
199,10,30000,24,template_crossover
199,11,15000,12,template_crossover
199,12,60000,48,template_crossover
199,13,50000,,template_crossover
199,14,70000,,template_crossover
199,15,100000,,template_crossover
199,18,100000,72,template_crossover
199,19,80000,60,template_crossover
199,21,60000,60,template_crossover
199,23,,48,template_crossover
199,25,,12,template_crossover
199,26,,12,template_crossover
199,28,15000,12,template_crossover
199,29,30000,,template_crossover
199,30,20000,,template_crossover
199,31,,6,template_crossover
199,32,,24,template_crossover
200,1,10000,12,template_suv
200,2,60000,48,template_suv
200,3,60000,60,template_suv
200,4,60000,36,template_suv
200,5,40000,24,template_suv
200,7,40000,36,template_suv
200,9,10000,12,template_suv
200,10,15000,24,template_suv
200,11,15000,12,template_suv
200,12,40000,48,template_suv
200,13,40000,,template_suv
200,14,60000,,template_suv
200,15,80000,,template_suv
200,18,90000,72,template_suv
200,19,60000,60,template_suv
200,21,30000,36,template_suv
200,23,,36,template_suv
200,25,,12,template_suv
200,26,,12,template_suv
200,28,10000,12,template_suv
200,29,20000,,template_suv
200,30,15000,,template_suv
200,31,,6,template_suv
200,32,,24,template_suv
201,1,10000,12,template_suv
201,2,60000,48,template_suv
201,3,60000,60,template_suv
201,4,60000,36,template_suv
201,5,40000,24,template_suv
201,7,40000,36,template_suv
201,9,10000,12,template_suv
201,10,15000,24,template_suv
201,11,15000,12,template_suv
201,12,40000,48,template_suv
201,13,40000,,template_suv
201,14,60000,,template_suv
201,15,80000,,template_suv
201,18,90000,72,template_suv
201,19,60000,60,template_suv
201,21,30000,36,template_suv
201,23,,36,template_suv
201,25,,12,template_suv
201,26,,12,template_suv
201,28,10000,12,template_suv
201,29,20000,,template_suv
201,30,15000,,template_suv
201,31,,6,template_suv
201,32,,24,template_suv
202,1,15000,12,template_economy
202,4,80000,60,template_economy
202,5,60000,24,template_economy
202,9,15000,12,template_economy
202,10,30000,24,template_economy
202,11,15000,12,template_economy
202,12,60000,48,template_economy
202,13,40000,,template_economy
202,14,60000,,template_economy
202,15,80000,,template_economy
202,18,90000,72,template_economy
202,19,60000,60,template_economy
202,21,30000,36,template_economy
202,23,,48,template_economy
202,25,,12,template_economy
202,26,,12,template_economy
202,28,15000,12,template_economy
202,30,20000,,template_economy
202,31,,6,template_economy
202,32,,24,template_economy
203,1,15000,12,template_economy
203,4,80000,60,template_economy
203,5,60000,24,template_economy
203,9,15000,12,template_economy
203,10,30000,24,template_economy
203,11,15000,12,template_economy
203,12,60000,48,template_economy
203,13,40000,,template_economy
203,14,60000,,template_economy
203,15,80000,,template_economy
203,18,90000,72,template_economy
203,19,60000,60,template_economy
203,21,30000,36,template_economy
203,23,,48,template_economy
203,25,,12,template_economy
203,26,,12,template_economy
203,28,15000,12,template_economy
203,30,20000,,template_economy
203,31,,6,template_economy
203,32,,24,template_economy
204,1,15000,12,template_economy
204,4,80000,60,template_economy
204,5,60000,24,template_economy
204,9,15000,12,template_economy
204,10,30000,24,template_economy
204,11,15000,12,template_economy
204,12,60000,48,template_economy
204,13,40000,,template_economy
204,14,60000,,template_economy
204,15,80000,,template_economy
204,18,90000,72,template_economy
204,19,60000,60,template_economy
204,21,30000,36,template_economy
204,23,,48,template_economy
204,25,,12,template_economy
204,26,,12,template_economy
204,28,15000,12,template_economy
204,30,20000,,template_economy
204,31,,6,template_economy
204,32,,24,template_economy
205,1,10000,12,template_chinese_crossover
205,2,60000,48,template_chinese_crossover
205,4,60000,48,template_chinese_crossover
205,5,40000,24,template_chinese_crossover
205,7,40000,36,template_chinese_crossover
205,9,10000,12,template_chinese_crossover
205,10,20000,24,template_chinese_crossover
205,11,10000,12,template_chinese_crossover
205,12,40000,48,template_chinese_crossover
205,13,40000,,template_chinese_crossover
205,14,60000,,template_chinese_crossover
205,15,80000,,template_chinese_crossover
205,19,80000,60,template_chinese_crossover
205,20,80000,,template_chinese_crossover
205,21,60000,60,template_chinese_crossover
205,23,,48,template_chinese_crossover
205,25,,12,template_chinese_crossover
205,26,,12,template_chinese_crossover
205,28,10000,12,template_chinese_crossover
205,29,30000,,template_chinese_crossover
205,30,20000,,template_chinese_crossover
205,31,,6,template_chinese_crossover
205,32,,24,template_chinese_crossover
206,1,10000,12,template_chinese_crossover
206,2,60000,48,template_chinese_crossover
206,4,60000,48,template_chinese_crossover
206,5,40000,24,template_chinese_crossover
206,7,40000,36,template_chinese_crossover
206,9,10000,12,template_chinese_crossover
206,10,20000,24,template_chinese_crossover
206,11,10000,12,template_chinese_crossover
206,12,40000,48,template_chinese_crossover
206,13,40000,,template_chinese_crossover
206,14,60000,,template_chinese_crossover
206,15,80000,,template_chinese_crossover
206,19,80000,60,template_chinese_crossover
206,20,80000,,template_chinese_crossover
206,21,60000,60,template_chinese_crossover
206,23,,48,template_chinese_crossover
206,25,,12,template_chinese_crossover
206,26,,12,template_chinese_crossover
206,28,10000,12,template_chinese_crossover
206,29,30000,,template_chinese_crossover
206,30,20000,,template_chinese_crossover
206,31,,6,template_chinese_crossover
206,32,,24,template_chinese_crossover
207,1,10000,12,template_chinese_crossover
207,2,60000,48,template_chinese_crossover
207,4,60000,48,template_chinese_crossover
207,5,40000,24,template_chinese_crossover
207,7,40000,36,template_chinese_crossover
207,9,10000,12,template_chinese_crossover
207,10,20000,24,template_chinese_crossover
207,11,10000,12,template_chinese_crossover
207,12,40000,48,template_chinese_crossover
207,13,40000,,template_chinese_crossover
207,14,60000,,template_chinese_crossover
207,15,80000,,template_chinese_crossover
207,19,80000,60,template_chinese_crossover
207,20,80000,,template_chinese_crossover
207,21,60000,60,template_chinese_crossover
207,23,,48,template_chinese_crossover
207,25,,12,template_chinese_crossover
207,26,,12,template_chinese_crossover
207,28,10000,12,template_chinese_crossover
207,29,30000,,template_chinese_crossover
207,30,20000,,template_chinese_crossover
207,31,,6,template_chinese_crossover
207,32,,24,template_chinese_crossover
208,1,10000,12,template_chinese_crossover
208,2,60000,48,template_chinese_crossover
208,4,60000,48,template_chinese_crossover
208,5,40000,24,template_chinese_crossover
208,7,40000,36,template_chinese_crossover
208,9,10000,12,template_chinese_crossover
208,10,20000,24,template_chinese_crossover
208,11,10000,12,template_chinese_crossover
208,12,40000,48,template_chinese_crossover
208,13,40000,,template_chinese_crossover
208,14,60000,,template_chinese_crossover
208,15,80000,,template_chinese_crossover
208,19,80000,60,template_chinese_crossover
208,20,80000,,template_chinese_crossover
208,21,60000,60,template_chinese_crossover
208,23,,48,template_chinese_crossover
208,25,,12,template_chinese_crossover
208,26,,12,template_chinese_crossover
208,28,10000,12,template_chinese_crossover
208,29,30000,,template_chinese_crossover
208,30,20000,,template_chinese_crossover
208,31,,6,template_chinese_crossover
208,32,,24,template_chinese_crossover
209,1,10000,12,template_chinese_crossover
209,2,60000,48,template_chinese_crossover
209,4,60000,48,template_chinese_crossover
209,5,40000,24,template_chinese_crossover
209,7,40000,36,template_chinese_crossover
209,9,10000,12,template_chinese_crossover
209,10,20000,24,template_chinese_crossover
209,11,10000,12,template_chinese_crossover
209,12,40000,48,template_chinese_crossover
209,13,40000,,template_chinese_crossover
209,14,60000,,template_chinese_crossover
209,15,80000,,template_chinese_crossover
209,19,80000,60,template_chinese_crossover
209,20,80000,,template_chinese_crossover
209,21,60000,60,template_chinese_crossover
209,23,,48,template_chinese_crossover
209,25,,12,template_chinese_crossover
209,26,,12,template_chinese_crossover
209,28,10000,12,template_chinese_crossover
209,29,30000,,template_chinese_crossover
209,30,20000,,template_chinese_crossover
209,31,,6,template_chinese_crossover
209,32,,24,template_chinese_crossover
210,1,10000,12,template_chinese_passenger
210,2,60000,48,template_chinese_passenger
210,4,60000,48,template_chinese_passenger
210,5,40000,24,template_chinese_passenger
210,9,10000,12,template_chinese_passenger
210,10,20000,24,template_chinese_passenger
210,11,10000,12,template_chinese_passenger
210,12,40000,48,template_chinese_passenger
210,13,40000,,template_chinese_passenger
210,14,60000,,template_chinese_passenger
210,15,80000,,template_chinese_passenger
210,19,80000,60,template_chinese_passenger
210,20,80000,,template_chinese_passenger
210,21,60000,60,template_chinese_passenger
210,23,,48,template_chinese_passenger
210,25,,12,template_chinese_passenger
210,26,,12,template_chinese_passenger
210,28,10000,12,template_chinese_passenger
210,30,20000,,template_chinese_passenger
210,31,,6,template_chinese_passenger
210,32,,24,template_chinese_passenger
211,1,10000,12,template_chinese_passenger
211,2,60000,48,template_chinese_passenger
211,4,60000,48,template_chinese_passenger
211,5,40000,24,template_chinese_passenger
211,9,10000,12,template_chinese_passenger
211,10,20000,24,template_chinese_passenger
211,11,10000,12,template_chinese_passenger
211,12,40000,48,template_chinese_passenger
211,13,40000,,template_chinese_passenger
211,14,60000,,template_chinese_passenger
211,15,80000,,template_chinese_passenger
211,19,80000,60,template_chinese_passenger
211,20,80000,,template_chinese_passenger
211,21,60000,60,template_chinese_passenger
211,23,,48,template_chinese_passenger
211,25,,12,template_chinese_passenger
211,26,,12,template_chinese_passenger
211,28,10000,12,template_chinese_passenger
211,30,20000,,template_chinese_passenger
211,31,,6,template_chinese_passenger
211,32,,24,template_chinese_passenger
212,1,10000,12,template_chinese_crossover
212,2,60000,48,template_chinese_crossover
212,4,60000,48,template_chinese_crossover
212,5,40000,24,template_chinese_crossover
212,7,40000,36,template_chinese_crossover
212,9,10000,12,template_chinese_crossover
212,10,20000,24,template_chinese_crossover
212,11,10000,12,template_chinese_crossover
212,12,40000,48,template_chinese_crossover
212,13,40000,,template_chinese_crossover
212,14,60000,,template_chinese_crossover
212,15,80000,,template_chinese_crossover
212,19,80000,60,template_chinese_crossover
212,20,80000,,template_chinese_crossover
212,21,60000,60,template_chinese_crossover
212,23,,48,template_chinese_crossover
212,25,,12,template_chinese_crossover
212,26,,12,template_chinese_crossover
212,28,10000,12,template_chinese_crossover
212,29,30000,,template_chinese_crossover
212,30,20000,,template_chinese_crossover
212,31,,6,template_chinese_crossover
212,32,,24,template_chinese_crossover
213,1,10000,12,template_chinese_crossover
213,2,60000,48,template_chinese_crossover
213,4,60000,48,template_chinese_crossover
213,5,40000,24,template_chinese_crossover
213,7,40000,36,template_chinese_crossover
213,9,10000,12,template_chinese_crossover
213,10,20000,24,template_chinese_crossover
213,11,10000,12,template_chinese_crossover
213,12,40000,48,template_chinese_crossover
213,13,40000,,template_chinese_crossover
213,14,60000,,template_chinese_crossover
213,15,80000,,template_chinese_crossover
213,19,80000,60,template_chinese_crossover
213,20,80000,,template_chinese_crossover
213,21,60000,60,template_chinese_crossover
213,23,,48,template_chinese_crossover
213,25,,12,template_chinese_crossover
213,26,,12,template_chinese_crossover
213,28,10000,12,template_chinese_crossover
213,29,30000,,template_chinese_crossover
213,30,20000,,template_chinese_crossover
213,31,,6,template_chinese_crossover
213,32,,24,template_chinese_crossover
214,1,10000,12,template_chinese_crossover
214,2,60000,48,template_chinese_crossover
214,4,60000,48,template_chinese_crossover
214,5,40000,24,template_chinese_crossover
214,7,40000,36,template_chinese_crossover
214,9,10000,12,template_chinese_crossover
214,10,20000,24,template_chinese_crossover
214,11,10000,12,template_chinese_crossover
214,12,40000,48,template_chinese_crossover
214,13,40000,,template_chinese_crossover
214,14,60000,,template_chinese_crossover
214,15,80000,,template_chinese_crossover
214,19,80000,60,template_chinese_crossover
214,20,80000,,template_chinese_crossover
214,21,60000,60,template_chinese_crossover
214,23,,48,template_chinese_crossover
214,25,,12,template_chinese_crossover
214,26,,12,template_chinese_crossover
214,28,10000,12,template_chinese_crossover
214,29,30000,,template_chinese_crossover
214,30,20000,,template_chinese_crossover
214,31,,6,template_chinese_crossover
214,32,,24,template_chinese_crossover
215,1,10000,12,template_chinese_crossover
215,2,60000,48,template_chinese_crossover
215,4,60000,48,template_chinese_crossover
215,5,40000,24,template_chinese_crossover
215,7,40000,36,template_chinese_crossover
215,9,10000,12,template_chinese_crossover
215,10,20000,24,template_chinese_crossover
215,11,10000,12,template_chinese_crossover
215,12,40000,48,template_chinese_crossover
215,13,40000,,template_chinese_crossover
215,14,60000,,template_chinese_crossover
215,15,80000,,template_chinese_crossover
215,19,80000,60,template_chinese_crossover
215,20,80000,,template_chinese_crossover
215,21,60000,60,template_chinese_crossover
215,23,,48,template_chinese_crossover
215,25,,12,template_chinese_crossover
215,26,,12,template_chinese_crossover
215,28,10000,12,template_chinese_crossover
215,29,30000,,template_chinese_crossover
215,30,20000,,template_chinese_crossover
215,31,,6,template_chinese_crossover
215,32,,24,template_chinese_crossover
216,1,10000,12,template_chinese_crossover
216,2,60000,48,template_chinese_crossover
216,4,60000,48,template_chinese_crossover
216,5,40000,24,template_chinese_crossover
216,7,40000,36,template_chinese_crossover
216,9,10000,12,template_chinese_crossover
216,10,20000,24,template_chinese_crossover
216,11,10000,12,template_chinese_crossover
216,12,40000,48,template_chinese_crossover
216,13,40000,,template_chinese_crossover
216,14,60000,,template_chinese_crossover
216,15,80000,,template_chinese_crossover
216,19,80000,60,template_chinese_crossover
216,20,80000,,template_chinese_crossover
216,21,60000,60,template_chinese_crossover
216,23,,48,template_chinese_crossover
216,25,,12,template_chinese_crossover
216,26,,12,template_chinese_crossover
216,28,10000,12,template_chinese_crossover
216,29,30000,,template_chinese_crossover
216,30,20000,,template_chinese_crossover
216,31,,6,template_chinese_crossover
216,32,,24,template_chinese_crossover
217,1,10000,12,template_chinese_crossover
217,2,60000,48,template_chinese_crossover
217,4,60000,48,template_chinese_crossover
217,5,40000,24,template_chinese_crossover
217,7,40000,36,template_chinese_crossover
217,9,10000,12,template_chinese_crossover
217,10,20000,24,template_chinese_crossover
217,11,10000,12,template_chinese_crossover
217,12,40000,48,template_chinese_crossover
217,13,40000,,template_chinese_crossover
217,14,60000,,template_chinese_crossover
217,15,80000,,template_chinese_crossover
217,19,80000,60,template_chinese_crossover
217,20,80000,,template_chinese_crossover
217,21,60000,60,template_chinese_crossover
217,23,,48,template_chinese_crossover
217,25,,12,template_chinese_crossover
217,26,,12,template_chinese_crossover
217,28,10000,12,template_chinese_crossover
217,29,30000,,template_chinese_crossover
217,30,20000,,template_chinese_crossover
217,31,,6,template_chinese_crossover
217,32,,24,template_chinese_crossover
218,1,10000,12,template_chinese_passenger
218,2,60000,48,template_chinese_passenger
218,4,60000,48,template_chinese_passenger
218,5,40000,24,template_chinese_passenger
218,9,10000,12,template_chinese_passenger
218,10,20000,24,template_chinese_passenger
218,11,10000,12,template_chinese_passenger
218,12,40000,48,template_chinese_passenger
218,13,40000,,template_chinese_passenger
218,14,60000,,template_chinese_passenger
218,15,80000,,template_chinese_passenger
218,19,80000,60,template_chinese_passenger
218,20,80000,,template_chinese_passenger
218,21,60000,60,template_chinese_passenger
218,23,,48,template_chinese_passenger
218,25,,12,template_chinese_passenger
218,26,,12,template_chinese_passenger
218,28,10000,12,template_chinese_passenger
218,30,20000,,template_chinese_passenger
218,31,,6,template_chinese_passenger
218,32,,24,template_chinese_passenger
219,1,10000,12,template_chinese_crossover
219,2,60000,48,template_chinese_crossover
219,4,60000,48,template_chinese_crossover
219,5,40000,24,template_chinese_crossover
219,7,40000,36,template_chinese_crossover
219,9,10000,12,template_chinese_crossover
219,10,20000,24,template_chinese_crossover
219,11,10000,12,template_chinese_crossover
219,12,40000,48,template_chinese_crossover
219,13,40000,,template_chinese_crossover
219,14,60000,,template_chinese_crossover
219,15,80000,,template_chinese_crossover
219,19,80000,60,template_chinese_crossover
219,20,80000,,template_chinese_crossover
219,21,60000,60,template_chinese_crossover
219,23,,48,template_chinese_crossover
219,25,,12,template_chinese_crossover
219,26,,12,template_chinese_crossover
219,28,10000,12,template_chinese_crossover
219,29,30000,,template_chinese_crossover
219,30,20000,,template_chinese_crossover
219,31,,6,template_chinese_crossover
219,32,,24,template_chinese_crossover
220,1,10000,12,template_chinese_crossover
220,2,60000,48,template_chinese_crossover
220,4,60000,48,template_chinese_crossover
220,5,40000,24,template_chinese_crossover
220,7,40000,36,template_chinese_crossover
220,9,10000,12,template_chinese_crossover
220,10,20000,24,template_chinese_crossover
220,11,10000,12,template_chinese_crossover
220,12,40000,48,template_chinese_crossover
220,13,40000,,template_chinese_crossover
220,14,60000,,template_chinese_crossover
220,15,80000,,template_chinese_crossover
220,19,80000,60,template_chinese_crossover
220,20,80000,,template_chinese_crossover
220,21,60000,60,template_chinese_crossover
220,23,,48,template_chinese_crossover
220,25,,12,template_chinese_crossover
220,26,,12,template_chinese_crossover
220,28,10000,12,template_chinese_crossover
220,29,30000,,template_chinese_crossover
220,30,20000,,template_chinese_crossover
220,31,,6,template_chinese_crossover
220,32,,24,template_chinese_crossover
221,1,10000,12,template_chinese_crossover
221,2,60000,48,template_chinese_crossover
221,4,60000,48,template_chinese_crossover
221,5,40000,24,template_chinese_crossover
221,7,40000,36,template_chinese_crossover
221,9,10000,12,template_chinese_crossover
221,10,20000,24,template_chinese_crossover
221,11,10000,12,template_chinese_crossover
221,12,40000,48,template_chinese_crossover
221,13,40000,,template_chinese_crossover
221,14,60000,,template_chinese_crossover
221,15,80000,,template_chinese_crossover
221,19,80000,60,template_chinese_crossover
221,20,80000,,template_chinese_crossover
221,21,60000,60,template_chinese_crossover
221,23,,48,template_chinese_crossover
221,25,,12,template_chinese_crossover
221,26,,12,template_chinese_crossover
221,28,10000,12,template_chinese_crossover
221,29,30000,,template_chinese_crossover
221,30,20000,,template_chinese_crossover
221,31,,6,template_chinese_crossover
221,32,,24,template_chinese_crossover
222,1,10000,12,template_chinese_crossover
222,2,60000,48,template_chinese_crossover
222,4,60000,48,template_chinese_crossover
222,5,40000,24,template_chinese_crossover
222,7,40000,36,template_chinese_crossover
222,9,10000,12,template_chinese_crossover
222,10,20000,24,template_chinese_crossover
222,11,10000,12,template_chinese_crossover
222,12,40000,48,template_chinese_crossover
222,13,40000,,template_chinese_crossover
222,14,60000,,template_chinese_crossover
222,15,80000,,template_chinese_crossover
222,19,80000,60,template_chinese_crossover
222,20,80000,,template_chinese_crossover
222,21,60000,60,template_chinese_crossover
222,23,,48,template_chinese_crossover
222,25,,12,template_chinese_crossover
222,26,,12,template_chinese_crossover
222,28,10000,12,template_chinese_crossover
222,29,30000,,template_chinese_crossover
222,30,20000,,template_chinese_crossover
222,31,,6,template_chinese_crossover
222,32,,24,template_chinese_crossover
223,1,10000,12,template_chinese_crossover
223,2,60000,48,template_chinese_crossover
223,4,60000,48,template_chinese_crossover
223,5,40000,24,template_chinese_crossover
223,7,40000,36,template_chinese_crossover
223,9,10000,12,template_chinese_crossover
223,10,20000,24,template_chinese_crossover
223,11,10000,12,template_chinese_crossover
223,12,40000,48,template_chinese_crossover
223,13,40000,,template_chinese_crossover
223,14,60000,,template_chinese_crossover
223,15,80000,,template_chinese_crossover
223,19,80000,60,template_chinese_crossover
223,20,80000,,template_chinese_crossover
223,21,60000,60,template_chinese_crossover
223,23,,48,template_chinese_crossover
223,25,,12,template_chinese_crossover
223,26,,12,template_chinese_crossover
223,28,10000,12,template_chinese_crossover
223,29,30000,,template_chinese_crossover
223,30,20000,,template_chinese_crossover
223,31,,6,template_chinese_crossover
223,32,,24,template_chinese_crossover
224,1,10000,12,template_suv
224,2,60000,48,template_suv
224,3,60000,60,template_suv
224,4,60000,36,template_suv
224,5,40000,24,template_suv
224,7,40000,36,template_suv
224,9,10000,12,template_suv
224,10,15000,24,template_suv
224,11,15000,12,template_suv
224,12,40000,48,template_suv
224,13,40000,,template_suv
224,14,60000,,template_suv
224,15,80000,,template_suv
224,18,90000,72,template_suv
224,19,60000,60,template_suv
224,21,30000,36,template_suv
224,23,,36,template_suv
224,25,,12,template_suv
224,26,,12,template_suv
224,28,10000,12,template_suv
224,29,20000,,template_suv
224,30,15000,,template_suv
224,31,,6,template_suv
224,32,,24,template_suv
225,1,10000,12,template_chinese_crossover
225,2,60000,48,template_chinese_crossover
225,4,60000,48,template_chinese_crossover
225,5,40000,24,template_chinese_crossover
225,7,40000,36,template_chinese_crossover
225,9,10000,12,template_chinese_crossover
225,10,20000,24,template_chinese_crossover
225,11,10000,12,template_chinese_crossover
225,12,40000,48,template_chinese_crossover
225,13,40000,,template_chinese_crossover
225,14,60000,,template_chinese_crossover
225,15,80000,,template_chinese_crossover
225,19,80000,60,template_chinese_crossover
225,20,80000,,template_chinese_crossover
225,21,60000,60,template_chinese_crossover
225,23,,48,template_chinese_crossover
225,25,,12,template_chinese_crossover
225,26,,12,template_chinese_crossover
225,28,10000,12,template_chinese_crossover
225,29,30000,,template_chinese_crossover
225,30,20000,,template_chinese_crossover
225,31,,6,template_chinese_crossover
225,32,,24,template_chinese_crossover
226,1,10000,12,template_chinese_crossover
226,2,60000,48,template_chinese_crossover
226,4,60000,48,template_chinese_crossover
226,5,40000,24,template_chinese_crossover
226,7,40000,36,template_chinese_crossover
226,9,10000,12,template_chinese_crossover
226,10,20000,24,template_chinese_crossover
226,11,10000,12,template_chinese_crossover
226,12,40000,48,template_chinese_crossover
226,13,40000,,template_chinese_crossover
226,14,60000,,template_chinese_crossover
226,15,80000,,template_chinese_crossover
226,19,80000,60,template_chinese_crossover
226,20,80000,,template_chinese_crossover
226,21,60000,60,template_chinese_crossover
226,23,,48,template_chinese_crossover
226,25,,12,template_chinese_crossover
226,26,,12,template_chinese_crossover
226,28,10000,12,template_chinese_crossover
226,29,30000,,template_chinese_crossover
226,30,20000,,template_chinese_crossover
226,31,,6,template_chinese_crossover
226,32,,24,template_chinese_crossover
227,1,10000,12,template_lcv
227,3,60000,60,template_lcv
227,4,60000,48,template_lcv
227,5,40000,24,template_lcv
227,9,10000,12,template_lcv
227,10,20000,24,template_lcv
227,11,10000,12,template_lcv
227,12,40000,48,template_lcv
227,13,30000,,template_lcv
227,14,50000,,template_lcv
227,15,60000,,template_lcv
227,18,80000,60,template_lcv
227,19,60000,60,template_lcv
227,21,30000,36,template_lcv
227,23,,36,template_lcv
227,25,,12,template_lcv
227,26,,12,template_lcv
227,28,10000,12,template_lcv
227,29,20000,,template_lcv
227,30,20000,,template_lcv
227,31,,6,template_lcv
228,1,10000,12,template_suv
228,2,60000,48,template_suv
228,3,60000,60,template_suv
228,4,60000,36,template_suv
228,5,40000,24,template_suv
228,7,40000,36,template_suv
228,9,10000,12,template_suv
228,10,15000,24,template_suv
228,11,15000,12,template_suv
228,12,40000,48,template_suv
228,13,40000,,template_suv
228,14,60000,,template_suv
228,15,80000,,template_suv
228,18,90000,72,template_suv
228,19,60000,60,template_suv
228,21,30000,36,template_suv
228,23,,36,template_suv
228,25,,12,template_suv
228,26,,12,template_suv
228,28,10000,12,template_suv
228,29,20000,,template_suv
228,30,15000,,template_suv
228,31,,6,template_suv
228,32,,24,template_suv
229,1,10000,12,template_lcv
229,3,60000,60,template_lcv
229,4,60000,48,template_lcv
229,5,40000,24,template_lcv
229,9,10000,12,template_lcv
229,10,20000,24,template_lcv
229,11,10000,12,template_lcv
229,12,40000,48,template_lcv
229,13,30000,,template_lcv
229,14,50000,,template_lcv
229,15,60000,,template_lcv
229,18,80000,60,template_lcv
229,19,60000,60,template_lcv
229,21,30000,36,template_lcv
229,23,,36,template_lcv
229,25,,12,template_lcv
229,26,,12,template_lcv
229,28,10000,12,template_lcv
229,29,20000,,template_lcv
229,30,20000,,template_lcv
229,31,,6,template_lcv
230,1,10000,12,template_chinese_crossover
230,2,60000,48,template_chinese_crossover
230,4,60000,48,template_chinese_crossover
230,5,40000,24,template_chinese_crossover
230,7,40000,36,template_chinese_crossover
230,9,10000,12,template_chinese_crossover
230,10,20000,24,template_chinese_crossover
230,11,10000,12,template_chinese_crossover
230,12,40000,48,template_chinese_crossover
230,13,40000,,template_chinese_crossover
230,14,60000,,template_chinese_crossover
230,15,80000,,template_chinese_crossover
230,19,80000,60,template_chinese_crossover
230,20,80000,,template_chinese_crossover
230,21,60000,60,template_chinese_crossover
230,23,,48,template_chinese_crossover
230,25,,12,template_chinese_crossover
230,26,,12,template_chinese_crossover
230,28,10000,12,template_chinese_crossover
230,29,30000,,template_chinese_crossover
230,30,20000,,template_chinese_crossover
230,31,,6,template_chinese_crossover
230,32,,24,template_chinese_crossover
231,1,10000,12,template_chinese_crossover
231,2,60000,48,template_chinese_crossover
231,4,60000,48,template_chinese_crossover
231,5,40000,24,template_chinese_crossover
231,7,40000,36,template_chinese_crossover
231,9,10000,12,template_chinese_crossover
231,10,20000,24,template_chinese_crossover
231,11,10000,12,template_chinese_crossover
231,12,40000,48,template_chinese_crossover
231,13,40000,,template_chinese_crossover
231,14,60000,,template_chinese_crossover
231,15,80000,,template_chinese_crossover
231,19,80000,60,template_chinese_crossover
231,20,80000,,template_chinese_crossover
231,21,60000,60,template_chinese_crossover
231,23,,48,template_chinese_crossover
231,25,,12,template_chinese_crossover
231,26,,12,template_chinese_crossover
231,28,10000,12,template_chinese_crossover
231,29,30000,,template_chinese_crossover
231,30,20000,,template_chinese_crossover
231,31,,6,template_chinese_crossover
231,32,,24,template_chinese_crossover
232,1,10000,12,template_chinese_crossover
232,2,60000,48,template_chinese_crossover
232,4,60000,48,template_chinese_crossover
232,5,40000,24,template_chinese_crossover
232,7,40000,36,template_chinese_crossover
232,9,10000,12,template_chinese_crossover
232,10,20000,24,template_chinese_crossover
232,11,10000,12,template_chinese_crossover
232,12,40000,48,template_chinese_crossover
232,13,40000,,template_chinese_crossover
232,14,60000,,template_chinese_crossover
232,15,80000,,template_chinese_crossover
232,19,80000,60,template_chinese_crossover
232,20,80000,,template_chinese_crossover
232,21,60000,60,template_chinese_crossover
232,23,,48,template_chinese_crossover
232,25,,12,template_chinese_crossover
232,26,,12,template_chinese_crossover
232,28,10000,12,template_chinese_crossover
232,29,30000,,template_chinese_crossover
232,30,20000,,template_chinese_crossover
232,31,,6,template_chinese_crossover
232,32,,24,template_chinese_crossover
233,1,10000,12,template_chinese_crossover
233,2,60000,48,template_chinese_crossover
233,4,60000,48,template_chinese_crossover
233,5,40000,24,template_chinese_crossover
233,7,40000,36,template_chinese_crossover
233,9,10000,12,template_chinese_crossover
233,10,20000,24,template_chinese_crossover
233,11,10000,12,template_chinese_crossover
233,12,40000,48,template_chinese_crossover
233,13,40000,,template_chinese_crossover
233,14,60000,,template_chinese_crossover
233,15,80000,,template_chinese_crossover
233,19,80000,60,template_chinese_crossover
233,20,80000,,template_chinese_crossover
233,21,60000,60,template_chinese_crossover
233,23,,48,template_chinese_crossover
233,25,,12,template_chinese_crossover
233,26,,12,template_chinese_crossover
233,28,10000,12,template_chinese_crossover
233,29,30000,,template_chinese_crossover
233,30,20000,,template_chinese_crossover
233,31,,6,template_chinese_crossover
233,32,,24,template_chinese_crossover
234,1,10000,12,template_chinese_crossover
234,2,60000,48,template_chinese_crossover
234,4,60000,48,template_chinese_crossover
234,5,40000,24,template_chinese_crossover
234,7,40000,36,template_chinese_crossover
234,9,10000,12,template_chinese_crossover
234,10,20000,24,template_chinese_crossover
234,11,10000,12,template_chinese_crossover
234,12,40000,48,template_chinese_crossover
234,13,40000,,template_chinese_crossover
234,14,60000,,template_chinese_crossover
234,15,80000,,template_chinese_crossover
234,19,80000,60,template_chinese_crossover
234,20,80000,,template_chinese_crossover
234,21,60000,60,template_chinese_crossover
234,23,,48,template_chinese_crossover
234,25,,12,template_chinese_crossover
234,26,,12,template_chinese_crossover
234,28,10000,12,template_chinese_crossover
234,29,30000,,template_chinese_crossover
234,30,20000,,template_chinese_crossover
234,31,,6,template_chinese_crossover
234,32,,24,template_chinese_crossover
235,1,10000,12,template_chinese_passenger
235,2,60000,48,template_chinese_passenger
235,4,60000,48,template_chinese_passenger
235,5,40000,24,template_chinese_passenger
235,9,10000,12,template_chinese_passenger
235,10,20000,24,template_chinese_passenger
235,11,10000,12,template_chinese_passenger
235,12,40000,48,template_chinese_passenger
235,13,40000,,template_chinese_passenger
235,14,60000,,template_chinese_passenger
235,15,80000,,template_chinese_passenger
235,19,80000,60,template_chinese_passenger
235,20,80000,,template_chinese_passenger
235,21,60000,60,template_chinese_passenger
235,23,,48,template_chinese_passenger
235,25,,12,template_chinese_passenger
235,26,,12,template_chinese_passenger
235,28,10000,12,template_chinese_passenger
235,30,20000,,template_chinese_passenger
235,31,,6,template_chinese_passenger
235,32,,24,template_chinese_passenger
236,1,10000,12,template_chinese_passenger
236,2,60000,48,template_chinese_passenger
236,4,60000,48,template_chinese_passenger
236,5,40000,24,template_chinese_passenger
236,9,10000,12,template_chinese_passenger
236,10,20000,24,template_chinese_passenger
236,11,10000,12,template_chinese_passenger
236,12,40000,48,template_chinese_passenger
236,13,40000,,template_chinese_passenger
236,14,60000,,template_chinese_passenger
236,15,80000,,template_chinese_passenger
236,19,80000,60,template_chinese_passenger
236,20,80000,,template_chinese_passenger
236,21,60000,60,template_chinese_passenger
236,23,,48,template_chinese_passenger
236,25,,12,template_chinese_passenger
236,26,,12,template_chinese_passenger
236,28,10000,12,template_chinese_passenger
236,30,20000,,template_chinese_passenger
236,31,,6,template_chinese_passenger
236,32,,24,template_chinese_passenger
237,1,10000,12,template_chinese_passenger
237,2,60000,48,template_chinese_passenger
237,4,60000,48,template_chinese_passenger
237,5,40000,24,template_chinese_passenger
237,9,10000,12,template_chinese_passenger
237,10,20000,24,template_chinese_passenger
237,11,10000,12,template_chinese_passenger
237,12,40000,48,template_chinese_passenger
237,13,40000,,template_chinese_passenger
237,14,60000,,template_chinese_passenger
237,15,80000,,template_chinese_passenger
237,19,80000,60,template_chinese_passenger
237,20,80000,,template_chinese_passenger
237,21,60000,60,template_chinese_passenger
237,23,,48,template_chinese_passenger
237,25,,12,template_chinese_passenger
237,26,,12,template_chinese_passenger
237,28,10000,12,template_chinese_passenger
237,30,20000,,template_chinese_passenger
237,31,,6,template_chinese_passenger
237,32,,24,template_chinese_passenger
238,1,10000,12,template_chinese_crossover
238,2,60000,48,template_chinese_crossover
238,4,60000,48,template_chinese_crossover
238,5,40000,24,template_chinese_crossover
238,7,40000,36,template_chinese_crossover
238,9,10000,12,template_chinese_crossover
238,10,20000,24,template_chinese_crossover
238,11,10000,12,template_chinese_crossover
238,12,40000,48,template_chinese_crossover
238,13,40000,,template_chinese_crossover
238,14,60000,,template_chinese_crossover
238,15,80000,,template_chinese_crossover
238,19,80000,60,template_chinese_crossover
238,20,80000,,template_chinese_crossover
238,21,60000,60,template_chinese_crossover
238,23,,48,template_chinese_crossover
238,25,,12,template_chinese_crossover
238,26,,12,template_chinese_crossover
238,28,10000,12,template_chinese_crossover
238,29,30000,,template_chinese_crossover
238,30,20000,,template_chinese_crossover
238,31,,6,template_chinese_crossover
238,32,,24,template_chinese_crossover
239,1,10000,12,template_chinese_crossover
239,2,60000,48,template_chinese_crossover
239,4,60000,48,template_chinese_crossover
239,5,40000,24,template_chinese_crossover
239,7,40000,36,template_chinese_crossover
239,9,10000,12,template_chinese_crossover
239,10,20000,24,template_chinese_crossover
239,11,10000,12,template_chinese_crossover
239,12,40000,48,template_chinese_crossover
239,13,40000,,template_chinese_crossover
239,14,60000,,template_chinese_crossover
239,15,80000,,template_chinese_crossover
239,19,80000,60,template_chinese_crossover
239,20,80000,,template_chinese_crossover
239,21,60000,60,template_chinese_crossover
239,23,,48,template_chinese_crossover
239,25,,12,template_chinese_crossover
239,26,,12,template_chinese_crossover
239,28,10000,12,template_chinese_crossover
239,29,30000,,template_chinese_crossover
239,30,20000,,template_chinese_crossover
239,31,,6,template_chinese_crossover
239,32,,24,template_chinese_crossover
240,1,10000,12,template_chinese_crossover
240,2,60000,48,template_chinese_crossover
240,4,60000,48,template_chinese_crossover
240,5,40000,24,template_chinese_crossover
240,7,40000,36,template_chinese_crossover
240,9,10000,12,template_chinese_crossover
240,10,20000,24,template_chinese_crossover
240,11,10000,12,template_chinese_crossover
240,12,40000,48,template_chinese_crossover
240,13,40000,,template_chinese_crossover
240,14,60000,,template_chinese_crossover
240,15,80000,,template_chinese_crossover
240,19,80000,60,template_chinese_crossover
240,20,80000,,template_chinese_crossover
240,21,60000,60,template_chinese_crossover
240,23,,48,template_chinese_crossover
240,25,,12,template_chinese_crossover
240,26,,12,template_chinese_crossover
240,28,10000,12,template_chinese_crossover
240,29,30000,,template_chinese_crossover
240,30,20000,,template_chinese_crossover
240,31,,6,template_chinese_crossover
240,32,,24,template_chinese_crossover
241,1,10000,12,template_chinese_crossover
241,2,60000,48,template_chinese_crossover
241,4,60000,48,template_chinese_crossover
241,5,40000,24,template_chinese_crossover
241,7,40000,36,template_chinese_crossover
241,9,10000,12,template_chinese_crossover
241,10,20000,24,template_chinese_crossover
241,11,10000,12,template_chinese_crossover
241,12,40000,48,template_chinese_crossover
241,13,40000,,template_chinese_crossover
241,14,60000,,template_chinese_crossover
241,15,80000,,template_chinese_crossover
241,19,80000,60,template_chinese_crossover
241,20,80000,,template_chinese_crossover
241,21,60000,60,template_chinese_crossover
241,23,,48,template_chinese_crossover
241,25,,12,template_chinese_crossover
241,26,,12,template_chinese_crossover
241,28,10000,12,template_chinese_crossover
241,29,30000,,template_chinese_crossover
241,30,20000,,template_chinese_crossover
241,31,,6,template_chinese_crossover
241,32,,24,template_chinese_crossover
242,1,10000,12,template_chinese_crossover
242,2,60000,48,template_chinese_crossover
242,4,60000,48,template_chinese_crossover
242,5,40000,24,template_chinese_crossover
242,7,40000,36,template_chinese_crossover
242,9,10000,12,template_chinese_crossover
242,10,20000,24,template_chinese_crossover
242,11,10000,12,template_chinese_crossover
242,12,40000,48,template_chinese_crossover
242,13,40000,,template_chinese_crossover
242,14,60000,,template_chinese_crossover
242,15,80000,,template_chinese_crossover
242,19,80000,60,template_chinese_crossover
242,20,80000,,template_chinese_crossover
242,21,60000,60,template_chinese_crossover
242,23,,48,template_chinese_crossover
242,25,,12,template_chinese_crossover
242,26,,12,template_chinese_crossover
242,28,10000,12,template_chinese_crossover
242,29,30000,,template_chinese_crossover
242,30,20000,,template_chinese_crossover
242,31,,6,template_chinese_crossover
242,32,,24,template_chinese_crossover
243,1,10000,12,template_chinese_crossover
243,2,60000,48,template_chinese_crossover
243,4,60000,48,template_chinese_crossover
243,5,40000,24,template_chinese_crossover
243,7,40000,36,template_chinese_crossover
243,9,10000,12,template_chinese_crossover
243,10,20000,24,template_chinese_crossover
243,11,10000,12,template_chinese_crossover
243,12,40000,48,template_chinese_crossover
243,13,40000,,template_chinese_crossover
243,14,60000,,template_chinese_crossover
243,15,80000,,template_chinese_crossover
243,19,80000,60,template_chinese_crossover
243,20,80000,,template_chinese_crossover
243,21,60000,60,template_chinese_crossover
243,23,,48,template_chinese_crossover
243,25,,12,template_chinese_crossover
243,26,,12,template_chinese_crossover
243,28,10000,12,template_chinese_crossover
243,29,30000,,template_chinese_crossover
243,30,20000,,template_chinese_crossover
243,31,,6,template_chinese_crossover
243,32,,24,template_chinese_crossover
244,1,10000,12,template_chinese_passenger
244,2,60000,48,template_chinese_passenger
244,4,60000,48,template_chinese_passenger
244,5,40000,24,template_chinese_passenger
244,9,10000,12,template_chinese_passenger
244,10,20000,24,template_chinese_passenger
244,11,10000,12,template_chinese_passenger
244,12,40000,48,template_chinese_passenger
244,13,40000,,template_chinese_passenger
244,14,60000,,template_chinese_passenger
244,15,80000,,template_chinese_passenger
244,19,80000,60,template_chinese_passenger
244,20,80000,,template_chinese_passenger
244,21,60000,60,template_chinese_passenger
244,23,,48,template_chinese_passenger
244,25,,12,template_chinese_passenger
244,26,,12,template_chinese_passenger
244,28,10000,12,template_chinese_passenger
244,30,20000,,template_chinese_passenger
244,31,,6,template_chinese_passenger
244,32,,24,template_chinese_passenger
245,1,10000,12,template_chinese_crossover
245,2,60000,48,template_chinese_crossover
245,4,60000,48,template_chinese_crossover
245,5,40000,24,template_chinese_crossover
245,7,40000,36,template_chinese_crossover
245,9,10000,12,template_chinese_crossover
245,10,20000,24,template_chinese_crossover
245,11,10000,12,template_chinese_crossover
245,12,40000,48,template_chinese_crossover
245,13,40000,,template_chinese_crossover
245,14,60000,,template_chinese_crossover
245,15,80000,,template_chinese_crossover
245,19,80000,60,template_chinese_crossover
245,20,80000,,template_chinese_crossover
245,21,60000,60,template_chinese_crossover
245,23,,48,template_chinese_crossover
245,25,,12,template_chinese_crossover
245,26,,12,template_chinese_crossover
245,28,10000,12,template_chinese_crossover
245,29,30000,,template_chinese_crossover
245,30,20000,,template_chinese_crossover
245,31,,6,template_chinese_crossover
245,32,,24,template_chinese_crossover
246,1,10000,12,template_chinese_crossover
246,2,60000,48,template_chinese_crossover
246,4,60000,48,template_chinese_crossover
246,5,40000,24,template_chinese_crossover
246,7,40000,36,template_chinese_crossover
246,9,10000,12,template_chinese_crossover
246,10,20000,24,template_chinese_crossover
246,11,10000,12,template_chinese_crossover
246,12,40000,48,template_chinese_crossover
246,13,40000,,template_chinese_crossover
246,14,60000,,template_chinese_crossover
246,15,80000,,template_chinese_crossover
246,19,80000,60,template_chinese_crossover
246,20,80000,,template_chinese_crossover
246,21,60000,60,template_chinese_crossover
246,23,,48,template_chinese_crossover
246,25,,12,template_chinese_crossover
246,26,,12,template_chinese_crossover
246,28,10000,12,template_chinese_crossover
246,29,30000,,template_chinese_crossover
246,30,20000,,template_chinese_crossover
246,31,,6,template_chinese_crossover
246,32,,24,template_chinese_crossover
247,1,10000,12,template_chinese_crossover
247,2,60000,48,template_chinese_crossover
247,4,60000,48,template_chinese_crossover
247,5,40000,24,template_chinese_crossover
247,7,40000,36,template_chinese_crossover
247,9,10000,12,template_chinese_crossover
247,10,20000,24,template_chinese_crossover
247,11,10000,12,template_chinese_crossover
247,12,40000,48,template_chinese_crossover
247,13,40000,,template_chinese_crossover
247,14,60000,,template_chinese_crossover
247,15,80000,,template_chinese_crossover
247,19,80000,60,template_chinese_crossover
247,20,80000,,template_chinese_crossover
247,21,60000,60,template_chinese_crossover
247,23,,48,template_chinese_crossover
247,25,,12,template_chinese_crossover
247,26,,12,template_chinese_crossover
247,28,10000,12,template_chinese_crossover
247,29,30000,,template_chinese_crossover
247,30,20000,,template_chinese_crossover
247,31,,6,template_chinese_crossover
247,32,,24,template_chinese_crossover
248,1,10000,12,template_suv
248,2,60000,48,template_suv
248,3,60000,60,template_suv
248,4,60000,36,template_suv
248,5,40000,24,template_suv
248,7,40000,36,template_suv
248,9,10000,12,template_suv
248,10,15000,24,template_suv
248,11,15000,12,template_suv
248,12,40000,48,template_suv
248,13,40000,,template_suv
248,14,60000,,template_suv
248,15,80000,,template_suv
248,18,90000,72,template_suv
248,19,60000,60,template_suv
248,21,30000,36,template_suv
248,23,,36,template_suv
248,25,,12,template_suv
248,26,,12,template_suv
248,28,10000,12,template_suv
248,29,20000,,template_suv
248,30,15000,,template_suv
248,31,,6,template_suv
248,32,,24,template_suv
249,1,10000,12,template_suv
249,2,60000,48,template_suv
249,3,60000,60,template_suv
249,4,60000,36,template_suv
249,5,40000,24,template_suv
249,7,40000,36,template_suv
249,9,10000,12,template_suv
249,10,15000,24,template_suv
249,11,15000,12,template_suv
249,12,40000,48,template_suv
249,13,40000,,template_suv
249,14,60000,,template_suv
249,15,80000,,template_suv
249,18,90000,72,template_suv
249,19,60000,60,template_suv
249,21,30000,36,template_suv
249,23,,36,template_suv
249,25,,12,template_suv
249,26,,12,template_suv
249,28,10000,12,template_suv
249,29,20000,,template_suv
249,30,15000,,template_suv
249,31,,6,template_suv
249,32,,24,template_suv
250,1,10000,12,template_suv
250,2,60000,48,template_suv
250,3,60000,60,template_suv
250,4,60000,36,template_suv
250,5,40000,24,template_suv
250,7,40000,36,template_suv
250,9,10000,12,template_suv
250,10,15000,24,template_suv
250,11,15000,12,template_suv
250,12,40000,48,template_suv
250,13,40000,,template_suv
250,14,60000,,template_suv
250,15,80000,,template_suv
250,18,90000,72,template_suv
250,19,60000,60,template_suv
250,21,30000,36,template_suv
250,23,,36,template_suv
250,25,,12,template_suv
250,26,,12,template_suv
250,28,10000,12,template_suv
250,29,20000,,template_suv
250,30,15000,,template_suv
250,31,,6,template_suv
250,32,,24,template_suv
251,1,10000,12,template_chinese_passenger
251,2,60000,48,template_chinese_passenger
251,4,60000,48,template_chinese_passenger
251,5,40000,24,template_chinese_passenger
251,9,10000,12,template_chinese_passenger
251,10,20000,24,template_chinese_passenger
251,11,10000,12,template_chinese_passenger
251,12,40000,48,template_chinese_passenger
251,13,40000,,template_chinese_passenger
251,14,60000,,template_chinese_passenger
251,15,80000,,template_chinese_passenger
251,19,80000,60,template_chinese_passenger
251,20,80000,,template_chinese_passenger
251,21,60000,60,template_chinese_passenger
251,23,,48,template_chinese_passenger
251,25,,12,template_chinese_passenger
251,26,,12,template_chinese_passenger
251,28,10000,12,template_chinese_passenger
251,30,20000,,template_chinese_passenger
251,31,,6,template_chinese_passenger
251,32,,24,template_chinese_passenger
252,1,10000,12,template_chinese_passenger
252,2,60000,48,template_chinese_passenger
252,4,60000,48,template_chinese_passenger
252,5,40000,24,template_chinese_passenger
252,9,10000,12,template_chinese_passenger
252,10,20000,24,template_chinese_passenger
252,11,10000,12,template_chinese_passenger
252,12,40000,48,template_chinese_passenger
252,13,40000,,template_chinese_passenger
252,14,60000,,template_chinese_passenger
252,15,80000,,template_chinese_passenger
252,19,80000,60,template_chinese_passenger
252,20,80000,,template_chinese_passenger
252,21,60000,60,template_chinese_passenger
252,23,,48,template_chinese_passenger
252,25,,12,template_chinese_passenger
252,26,,12,template_chinese_passenger
252,28,10000,12,template_chinese_passenger
252,30,20000,,template_chinese_passenger
252,31,,6,template_chinese_passenger
252,32,,24,template_chinese_passenger
253,1,10000,12,template_chinese_crossover
253,2,60000,48,template_chinese_crossover
253,4,60000,48,template_chinese_crossover
253,5,40000,24,template_chinese_crossover
253,7,40000,36,template_chinese_crossover
253,9,10000,12,template_chinese_crossover
253,10,20000,24,template_chinese_crossover
253,11,10000,12,template_chinese_crossover
253,12,40000,48,template_chinese_crossover
253,13,40000,,template_chinese_crossover
253,14,60000,,template_chinese_crossover
253,15,80000,,template_chinese_crossover
253,19,80000,60,template_chinese_crossover
253,20,80000,,template_chinese_crossover
253,21,60000,60,template_chinese_crossover
253,23,,48,template_chinese_crossover
253,25,,12,template_chinese_crossover
253,26,,12,template_chinese_crossover
253,28,10000,12,template_chinese_crossover
253,29,30000,,template_chinese_crossover
253,30,20000,,template_chinese_crossover
253,31,,6,template_chinese_crossover
253,32,,24,template_chinese_crossover
254,2,60000,48,template_suv+ev_override
254,3,60000,60,template_suv+ev_override
254,4,60000,36,template_suv+ev_override
254,5,40000,24,template_suv+ev_override
254,7,40000,36,template_suv+ev_override
254,10,15000,24,template_suv+ev_override
254,11,15000,12,template_suv+ev_override
254,13,40000,,template_suv+ev_override
254,14,60000,,template_suv+ev_override
254,15,80000,,template_suv+ev_override
254,23,,36,template_suv+ev_override
254,25,,12,template_suv+ev_override
254,26,,12,template_suv+ev_override
254,28,10000,12,template_suv+ev_override
254,29,20000,,template_suv+ev_override
254,30,15000,,template_suv+ev_override
254,31,,6,template_suv+ev_override
254,32,,24,template_suv+ev_override
255,1,10000,12,template_chinese_crossover
255,2,60000,48,template_chinese_crossover
255,4,60000,48,template_chinese_crossover
255,5,40000,24,template_chinese_crossover
255,7,40000,36,template_chinese_crossover
255,9,10000,12,template_chinese_crossover
255,10,20000,24,template_chinese_crossover
255,11,10000,12,template_chinese_crossover
255,12,40000,48,template_chinese_crossover
255,13,40000,,template_chinese_crossover
255,14,60000,,template_chinese_crossover
255,15,80000,,template_chinese_crossover
255,19,80000,60,template_chinese_crossover
255,20,80000,,template_chinese_crossover
255,21,60000,60,template_chinese_crossover
255,23,,48,template_chinese_crossover
255,25,,12,template_chinese_crossover
255,26,,12,template_chinese_crossover
255,28,10000,12,template_chinese_crossover
255,29,30000,,template_chinese_crossover
255,30,20000,,template_chinese_crossover
255,31,,6,template_chinese_crossover
255,32,,24,template_chinese_crossover
256,1,10000,12,template_chinese_crossover
256,2,60000,48,template_chinese_crossover
256,4,60000,48,template_chinese_crossover
256,5,40000,24,template_chinese_crossover
256,7,40000,36,template_chinese_crossover
256,9,10000,12,template_chinese_crossover
256,10,20000,24,template_chinese_crossover
256,11,10000,12,template_chinese_crossover
256,12,40000,48,template_chinese_crossover
256,13,40000,,template_chinese_crossover
256,14,60000,,template_chinese_crossover
256,15,80000,,template_chinese_crossover
256,19,80000,60,template_chinese_crossover
256,20,80000,,template_chinese_crossover
256,21,60000,60,template_chinese_crossover
256,23,,48,template_chinese_crossover
256,25,,12,template_chinese_crossover
256,26,,12,template_chinese_crossover
256,28,10000,12,template_chinese_crossover
256,29,30000,,template_chinese_crossover
256,30,20000,,template_chinese_crossover
256,31,,6,template_chinese_crossover
256,32,,24,template_chinese_crossover
257,1,10000,12,template_chinese_crossover
257,2,60000,48,template_chinese_crossover
257,4,60000,48,template_chinese_crossover
257,5,40000,24,template_chinese_crossover
257,7,40000,36,template_chinese_crossover
257,9,10000,12,template_chinese_crossover
257,10,20000,24,template_chinese_crossover
257,11,10000,12,template_chinese_crossover
257,12,40000,48,template_chinese_crossover
257,13,40000,,template_chinese_crossover
257,14,60000,,template_chinese_crossover
257,15,80000,,template_chinese_crossover
257,19,80000,60,template_chinese_crossover
257,20,80000,,template_chinese_crossover
257,21,60000,60,template_chinese_crossover
257,23,,48,template_chinese_crossover
257,25,,12,template_chinese_crossover
257,26,,12,template_chinese_crossover
257,28,10000,12,template_chinese_crossover
257,29,30000,,template_chinese_crossover
257,30,20000,,template_chinese_crossover
257,31,,6,template_chinese_crossover
257,32,,24,template_chinese_crossover
258,1,10000,12,template_chinese_crossover
258,2,60000,48,template_chinese_crossover
258,4,60000,48,template_chinese_crossover
258,5,40000,24,template_chinese_crossover
258,7,40000,36,template_chinese_crossover
258,9,10000,12,template_chinese_crossover
258,10,20000,24,template_chinese_crossover
258,11,10000,12,template_chinese_crossover
258,12,40000,48,template_chinese_crossover
258,13,40000,,template_chinese_crossover
258,14,60000,,template_chinese_crossover
258,15,80000,,template_chinese_crossover
258,19,80000,60,template_chinese_crossover
258,20,80000,,template_chinese_crossover
258,21,60000,60,template_chinese_crossover
258,23,,48,template_chinese_crossover
258,25,,12,template_chinese_crossover
258,26,,12,template_chinese_crossover
258,28,10000,12,template_chinese_crossover
258,29,30000,,template_chinese_crossover
258,30,20000,,template_chinese_crossover
258,31,,6,template_chinese_crossover
258,32,,24,template_chinese_crossover
259,1,10000,12,template_chinese_crossover
259,2,60000,48,template_chinese_crossover
259,4,60000,48,template_chinese_crossover
259,5,40000,24,template_chinese_crossover
259,7,40000,36,template_chinese_crossover
259,9,10000,12,template_chinese_crossover
259,10,20000,24,template_chinese_crossover
259,11,10000,12,template_chinese_crossover
259,12,40000,48,template_chinese_crossover
259,13,40000,,template_chinese_crossover
259,14,60000,,template_chinese_crossover
259,15,80000,,template_chinese_crossover
259,19,80000,60,template_chinese_crossover
259,20,80000,,template_chinese_crossover
259,21,60000,60,template_chinese_crossover
259,23,,48,template_chinese_crossover
259,25,,12,template_chinese_crossover
259,26,,12,template_chinese_crossover
259,28,10000,12,template_chinese_crossover
259,29,30000,,template_chinese_crossover
259,30,20000,,template_chinese_crossover
259,31,,6,template_chinese_crossover
259,32,,24,template_chinese_crossover
260,1,10000,12,template_chinese_crossover
260,2,60000,48,template_chinese_crossover
260,4,60000,48,template_chinese_crossover
260,5,40000,24,template_chinese_crossover
260,7,40000,36,template_chinese_crossover
260,9,10000,12,template_chinese_crossover
260,10,20000,24,template_chinese_crossover
260,11,10000,12,template_chinese_crossover
260,12,40000,48,template_chinese_crossover
260,13,40000,,template_chinese_crossover
260,14,60000,,template_chinese_crossover
260,15,80000,,template_chinese_crossover
260,19,80000,60,template_chinese_crossover
260,20,80000,,template_chinese_crossover
260,21,60000,60,template_chinese_crossover
260,23,,48,template_chinese_crossover
260,25,,12,template_chinese_crossover
260,26,,12,template_chinese_crossover
260,28,10000,12,template_chinese_crossover
260,29,30000,,template_chinese_crossover
260,30,20000,,template_chinese_crossover
260,31,,6,template_chinese_crossover
260,32,,24,template_chinese_crossover
261,1,10000,12,template_lcv
261,3,60000,60,template_lcv
261,4,60000,48,template_lcv
261,5,40000,24,template_lcv
261,9,10000,12,template_lcv
261,10,20000,24,template_lcv
261,11,10000,12,template_lcv
261,12,40000,48,template_lcv
261,13,30000,,template_lcv
261,14,50000,,template_lcv
261,15,60000,,template_lcv
261,18,80000,60,template_lcv
261,19,60000,60,template_lcv
261,21,30000,36,template_lcv
261,23,,36,template_lcv
261,25,,12,template_lcv
261,26,,12,template_lcv
261,28,10000,12,template_lcv
261,29,20000,,template_lcv
261,30,20000,,template_lcv
261,31,,6,template_lcv
262,1,10000,12,template_lcv
262,3,60000,60,template_lcv
262,4,60000,48,template_lcv
262,5,40000,24,template_lcv
262,9,10000,12,template_lcv
262,10,20000,24,template_lcv
262,11,10000,12,template_lcv
262,12,40000,48,template_lcv
262,13,30000,,template_lcv
262,14,50000,,template_lcv
262,15,60000,,template_lcv
262,18,80000,60,template_lcv
262,19,60000,60,template_lcv
262,21,30000,36,template_lcv
262,23,,36,template_lcv
262,25,,12,template_lcv
262,26,,12,template_lcv
262,28,10000,12,template_lcv
262,29,20000,,template_lcv
262,30,20000,,template_lcv
262,31,,6,template_lcv
263,1,10000,12,template_suv
263,2,60000,48,template_suv
263,3,60000,60,template_suv
263,4,60000,36,template_suv
263,5,40000,24,template_suv
263,7,40000,36,template_suv
263,9,10000,12,template_suv
263,10,15000,24,template_suv
263,11,15000,12,template_suv
263,12,40000,48,template_suv
263,13,40000,,template_suv
263,14,60000,,template_suv
263,15,80000,,template_suv
263,18,90000,72,template_suv
263,19,60000,60,template_suv
263,21,30000,36,template_suv
263,23,,36,template_suv
263,25,,12,template_suv
263,26,,12,template_suv
263,28,10000,12,template_suv
263,29,20000,,template_suv
263,30,15000,,template_suv
263,31,,6,template_suv
263,32,,24,template_suv
264,1,10000,12,template_suv
264,2,60000,48,template_suv
264,3,60000,60,template_suv
264,4,60000,36,template_suv
264,5,40000,24,template_suv
264,7,40000,36,template_suv
264,9,10000,12,template_suv
264,10,15000,24,template_suv
264,11,15000,12,template_suv
264,12,40000,48,template_suv
264,13,40000,,template_suv
264,14,60000,,template_suv
264,15,80000,,template_suv
264,18,90000,72,template_suv
264,19,60000,60,template_suv
264,21,30000,36,template_suv
264,23,,36,template_suv
264,25,,12,template_suv
264,26,,12,template_suv
264,28,10000,12,template_suv
264,29,20000,,template_suv
264,30,15000,,template_suv
264,31,,6,template_suv
264,32,,24,template_suv
265,1,10000,12,template_suv
265,2,60000,48,template_suv
265,3,60000,60,template_suv
265,4,60000,36,template_suv
265,5,40000,24,template_suv
265,7,40000,36,template_suv
265,9,10000,12,template_suv
265,10,15000,24,template_suv
265,11,15000,12,template_suv
265,12,40000,48,template_suv
265,13,40000,,template_suv
265,14,60000,,template_suv
265,15,80000,,template_suv
265,18,90000,72,template_suv
265,19,60000,60,template_suv
265,21,30000,36,template_suv
265,23,,36,template_suv
265,25,,12,template_suv
265,26,,12,template_suv
265,28,10000,12,template_suv
265,29,20000,,template_suv
265,30,15000,,template_suv
265,31,,6,template_suv
265,32,,24,template_suv
266,1,10000,12,template_chinese_crossover
266,2,60000,48,template_chinese_crossover
266,4,60000,48,template_chinese_crossover
266,5,40000,24,template_chinese_crossover
266,7,40000,36,template_chinese_crossover
266,9,10000,12,template_chinese_crossover
266,10,20000,24,template_chinese_crossover
266,11,10000,12,template_chinese_crossover
266,12,40000,48,template_chinese_crossover
266,13,40000,,template_chinese_crossover
266,14,60000,,template_chinese_crossover
266,15,80000,,template_chinese_crossover
266,19,80000,60,template_chinese_crossover
266,20,80000,,template_chinese_crossover
266,21,60000,60,template_chinese_crossover
266,23,,48,template_chinese_crossover
266,25,,12,template_chinese_crossover
266,26,,12,template_chinese_crossover
266,28,10000,12,template_chinese_crossover
266,29,30000,,template_chinese_crossover
266,30,20000,,template_chinese_crossover
266,31,,6,template_chinese_crossover
266,32,,24,template_chinese_crossover
267,1,10000,12,template_chinese_crossover
267,2,60000,48,template_chinese_crossover
267,4,60000,48,template_chinese_crossover
267,5,40000,24,template_chinese_crossover
267,7,40000,36,template_chinese_crossover
267,9,10000,12,template_chinese_crossover
267,10,20000,24,template_chinese_crossover
267,11,10000,12,template_chinese_crossover
267,12,40000,48,template_chinese_crossover
267,13,40000,,template_chinese_crossover
267,14,60000,,template_chinese_crossover
267,15,80000,,template_chinese_crossover
267,19,80000,60,template_chinese_crossover
267,20,80000,,template_chinese_crossover
267,21,60000,60,template_chinese_crossover
267,23,,48,template_chinese_crossover
267,25,,12,template_chinese_crossover
267,26,,12,template_chinese_crossover
267,28,10000,12,template_chinese_crossover
267,29,30000,,template_chinese_crossover
267,30,20000,,template_chinese_crossover
267,31,,6,template_chinese_crossover
267,32,,24,template_chinese_crossover
268,1,10000,12,template_chinese_crossover
268,2,60000,48,template_chinese_crossover
268,4,60000,48,template_chinese_crossover
268,5,40000,24,template_chinese_crossover
268,7,40000,36,template_chinese_crossover
268,9,10000,12,template_chinese_crossover
268,10,20000,24,template_chinese_crossover
268,11,10000,12,template_chinese_crossover
268,12,40000,48,template_chinese_crossover
268,13,40000,,template_chinese_crossover
268,14,60000,,template_chinese_crossover
268,15,80000,,template_chinese_crossover
268,19,80000,60,template_chinese_crossover
268,20,80000,,template_chinese_crossover
268,21,60000,60,template_chinese_crossover
268,23,,48,template_chinese_crossover
268,25,,12,template_chinese_crossover
268,26,,12,template_chinese_crossover
268,28,10000,12,template_chinese_crossover
268,29,30000,,template_chinese_crossover
268,30,20000,,template_chinese_crossover
268,31,,6,template_chinese_crossover
268,32,,24,template_chinese_crossover
269,1,10000,12,template_chinese_passenger
269,2,60000,48,template_chinese_passenger
269,4,60000,48,template_chinese_passenger
269,5,40000,24,template_chinese_passenger
269,9,10000,12,template_chinese_passenger
269,10,20000,24,template_chinese_passenger
269,11,10000,12,template_chinese_passenger
269,12,40000,48,template_chinese_passenger
269,13,40000,,template_chinese_passenger
269,14,60000,,template_chinese_passenger
269,15,80000,,template_chinese_passenger
269,19,80000,60,template_chinese_passenger
269,20,80000,,template_chinese_passenger
269,21,60000,60,template_chinese_passenger
269,23,,48,template_chinese_passenger
269,25,,12,template_chinese_passenger
269,26,,12,template_chinese_passenger
269,28,10000,12,template_chinese_passenger
269,30,20000,,template_chinese_passenger
269,31,,6,template_chinese_passenger
269,32,,24,template_chinese_passenger
270,1,10000,12,template_chinese_crossover
270,2,60000,48,template_chinese_crossover
270,4,60000,48,template_chinese_crossover
270,5,40000,24,template_chinese_crossover
270,7,40000,36,template_chinese_crossover
270,9,10000,12,template_chinese_crossover
270,10,20000,24,template_chinese_crossover
270,11,10000,12,template_chinese_crossover
270,12,40000,48,template_chinese_crossover
270,13,40000,,template_chinese_crossover
270,14,60000,,template_chinese_crossover
270,15,80000,,template_chinese_crossover
270,19,80000,60,template_chinese_crossover
270,20,80000,,template_chinese_crossover
270,21,60000,60,template_chinese_crossover
270,23,,48,template_chinese_crossover
270,25,,12,template_chinese_crossover
270,26,,12,template_chinese_crossover
270,28,10000,12,template_chinese_crossover
270,29,30000,,template_chinese_crossover
270,30,20000,,template_chinese_crossover
270,31,,6,template_chinese_crossover
270,32,,24,template_chinese_crossover
271,2,60000,48,template_chinese_passenger+ev_override
271,4,60000,48,template_chinese_passenger+ev_override
271,5,40000,24,template_chinese_passenger+ev_override
271,10,20000,24,template_chinese_passenger+ev_override
271,11,10000,12,template_chinese_passenger+ev_override
271,13,40000,,template_chinese_passenger+ev_override
271,14,60000,,template_chinese_passenger+ev_override
271,15,80000,,template_chinese_passenger+ev_override
271,23,,48,template_chinese_passenger+ev_override
271,25,,12,template_chinese_passenger+ev_override
271,26,,12,template_chinese_passenger+ev_override
271,28,10000,12,template_chinese_passenger+ev_override
271,30,20000,,template_chinese_passenger+ev_override
271,31,,6,template_chinese_passenger+ev_override
271,32,,24,template_chinese_passenger+ev_override
272,2,60000,48,template_chinese_crossover+ev_override
272,4,60000,48,template_chinese_crossover+ev_override
272,5,40000,24,template_chinese_crossover+ev_override
272,7,40000,36,template_chinese_crossover+ev_override
272,10,20000,24,template_chinese_crossover+ev_override
272,11,10000,12,template_chinese_crossover+ev_override
272,13,40000,,template_chinese_crossover+ev_override
272,14,60000,,template_chinese_crossover+ev_override
272,15,80000,,template_chinese_crossover+ev_override
272,23,,48,template_chinese_crossover+ev_override
272,25,,12,template_chinese_crossover+ev_override
272,26,,12,template_chinese_crossover+ev_override
272,28,10000,12,template_chinese_crossover+ev_override
272,29,30000,,template_chinese_crossover+ev_override
272,30,20000,,template_chinese_crossover+ev_override
272,31,,6,template_chinese_crossover+ev_override
272,32,,24,template_chinese_crossover+ev_override
273,2,60000,48,template_chinese_crossover+ev_override
273,4,60000,48,template_chinese_crossover+ev_override
273,5,40000,24,template_chinese_crossover+ev_override
273,7,40000,36,template_chinese_crossover+ev_override
273,10,20000,24,template_chinese_crossover+ev_override
273,11,10000,12,template_chinese_crossover+ev_override
273,13,40000,,template_chinese_crossover+ev_override
273,14,60000,,template_chinese_crossover+ev_override
273,15,80000,,template_chinese_crossover+ev_override
273,23,,48,template_chinese_crossover+ev_override
273,25,,12,template_chinese_crossover+ev_override
273,26,,12,template_chinese_crossover+ev_override
273,28,10000,12,template_chinese_crossover+ev_override
273,29,30000,,template_chinese_crossover+ev_override
273,30,20000,,template_chinese_crossover+ev_override
273,31,,6,template_chinese_crossover+ev_override
273,32,,24,template_chinese_crossover+ev_override
274,2,60000,48,template_chinese_passenger+ev_override
274,4,60000,48,template_chinese_passenger+ev_override
274,5,40000,24,template_chinese_passenger+ev_override
274,10,20000,24,template_chinese_passenger+ev_override
274,11,10000,12,template_chinese_passenger+ev_override
274,13,40000,,template_chinese_passenger+ev_override
274,14,60000,,template_chinese_passenger+ev_override
274,15,80000,,template_chinese_passenger+ev_override
274,23,,48,template_chinese_passenger+ev_override
274,25,,12,template_chinese_passenger+ev_override
274,26,,12,template_chinese_passenger+ev_override
274,28,10000,12,template_chinese_passenger+ev_override
274,30,20000,,template_chinese_passenger+ev_override
274,31,,6,template_chinese_passenger+ev_override
274,32,,24,template_chinese_passenger+ev_override
275,2,60000,48,template_chinese_passenger+ev_override
275,4,60000,48,template_chinese_passenger+ev_override
275,5,40000,24,template_chinese_passenger+ev_override
275,10,20000,24,template_chinese_passenger+ev_override
275,11,10000,12,template_chinese_passenger+ev_override
275,13,40000,,template_chinese_passenger+ev_override
275,14,60000,,template_chinese_passenger+ev_override
275,15,80000,,template_chinese_passenger+ev_override
275,23,,48,template_chinese_passenger+ev_override
275,25,,12,template_chinese_passenger+ev_override
275,26,,12,template_chinese_passenger+ev_override
275,28,10000,12,template_chinese_passenger+ev_override
275,30,20000,,template_chinese_passenger+ev_override
275,31,,6,template_chinese_passenger+ev_override
275,32,,24,template_chinese_passenger+ev_override
276,1,10000,12,template_chinese_crossover
276,2,60000,48,template_chinese_crossover
276,4,60000,48,template_chinese_crossover
276,5,40000,24,template_chinese_crossover
276,7,40000,36,template_chinese_crossover
276,9,10000,12,template_chinese_crossover
276,10,20000,24,template_chinese_crossover
276,11,10000,12,template_chinese_crossover
276,12,40000,48,template_chinese_crossover
276,13,40000,,template_chinese_crossover
276,14,60000,,template_chinese_crossover
276,15,80000,,template_chinese_crossover
276,19,80000,60,template_chinese_crossover
276,20,80000,,template_chinese_crossover
276,21,60000,60,template_chinese_crossover
276,23,,48,template_chinese_crossover
276,25,,12,template_chinese_crossover
276,26,,12,template_chinese_crossover
276,28,10000,12,template_chinese_crossover
276,29,30000,,template_chinese_crossover
276,30,20000,,template_chinese_crossover
276,31,,6,template_chinese_crossover
276,32,,24,template_chinese_crossover
277,1,10000,12,template_chinese_passenger
277,2,60000,48,template_chinese_passenger
277,4,60000,48,template_chinese_passenger
277,5,40000,24,template_chinese_passenger
277,9,10000,12,template_chinese_passenger
277,10,20000,24,template_chinese_passenger
277,11,10000,12,template_chinese_passenger
277,12,40000,48,template_chinese_passenger
277,13,40000,,template_chinese_passenger
277,14,60000,,template_chinese_passenger
277,15,80000,,template_chinese_passenger
277,19,80000,60,template_chinese_passenger
277,20,80000,,template_chinese_passenger
277,21,60000,60,template_chinese_passenger
277,23,,48,template_chinese_passenger
277,25,,12,template_chinese_passenger
277,26,,12,template_chinese_passenger
277,28,10000,12,template_chinese_passenger
277,30,20000,,template_chinese_passenger
277,31,,6,template_chinese_passenger
277,32,,24,template_chinese_passenger
278,1,10000,12,template_chinese_crossover
278,2,60000,48,template_chinese_crossover
278,4,60000,48,template_chinese_crossover
278,5,40000,24,template_chinese_crossover
278,7,40000,36,template_chinese_crossover
278,9,10000,12,template_chinese_crossover
278,10,20000,24,template_chinese_crossover
278,11,10000,12,template_chinese_crossover
278,12,40000,48,template_chinese_crossover
278,13,40000,,template_chinese_crossover
278,14,60000,,template_chinese_crossover
278,15,80000,,template_chinese_crossover
278,19,80000,60,template_chinese_crossover
278,20,80000,,template_chinese_crossover
278,21,60000,60,template_chinese_crossover
278,23,,48,template_chinese_crossover
278,25,,12,template_chinese_crossover
278,26,,12,template_chinese_crossover
278,28,10000,12,template_chinese_crossover
278,29,30000,,template_chinese_crossover
278,30,20000,,template_chinese_crossover
278,31,,6,template_chinese_crossover
278,32,,24,template_chinese_crossover
279,1,10000,12,template_chinese_passenger
279,2,60000,48,template_chinese_passenger
279,4,60000,48,template_chinese_passenger
279,5,40000,24,template_chinese_passenger
279,9,10000,12,template_chinese_passenger
279,10,20000,24,template_chinese_passenger
279,11,10000,12,template_chinese_passenger
279,12,40000,48,template_chinese_passenger
279,13,40000,,template_chinese_passenger
279,14,60000,,template_chinese_passenger
279,15,80000,,template_chinese_passenger
279,19,80000,60,template_chinese_passenger
279,20,80000,,template_chinese_passenger
279,21,60000,60,template_chinese_passenger
279,23,,48,template_chinese_passenger
279,25,,12,template_chinese_passenger
279,26,,12,template_chinese_passenger
279,28,10000,12,template_chinese_passenger
279,30,20000,,template_chinese_passenger
279,31,,6,template_chinese_passenger
279,32,,24,template_chinese_passenger
280,1,10000,12,template_chinese_crossover
280,2,60000,48,template_chinese_crossover
280,4,60000,48,template_chinese_crossover
280,5,40000,24,template_chinese_crossover
280,7,40000,36,template_chinese_crossover
280,9,10000,12,template_chinese_crossover
280,10,20000,24,template_chinese_crossover
280,11,10000,12,template_chinese_crossover
280,12,40000,48,template_chinese_crossover
280,13,40000,,template_chinese_crossover
280,14,60000,,template_chinese_crossover
280,15,80000,,template_chinese_crossover
280,19,80000,60,template_chinese_crossover
280,20,80000,,template_chinese_crossover
280,21,60000,60,template_chinese_crossover
280,23,,48,template_chinese_crossover
280,25,,12,template_chinese_crossover
280,26,,12,template_chinese_crossover
280,28,10000,12,template_chinese_crossover
280,29,30000,,template_chinese_crossover
280,30,20000,,template_chinese_crossover
280,31,,6,template_chinese_crossover
280,32,,24,template_chinese_crossover
281,1,10000,12,template_chinese_crossover
281,2,60000,48,template_chinese_crossover
281,4,60000,48,template_chinese_crossover
281,5,40000,24,template_chinese_crossover
281,7,40000,36,template_chinese_crossover
281,9,10000,12,template_chinese_crossover
281,10,20000,24,template_chinese_crossover
281,11,10000,12,template_chinese_crossover
281,12,40000,48,template_chinese_crossover
281,13,40000,,template_chinese_crossover
281,14,60000,,template_chinese_crossover
281,15,80000,,template_chinese_crossover
281,19,80000,60,template_chinese_crossover
281,20,80000,,template_chinese_crossover
281,21,60000,60,template_chinese_crossover
281,23,,48,template_chinese_crossover
281,25,,12,template_chinese_crossover
281,26,,12,template_chinese_crossover
281,28,10000,12,template_chinese_crossover
281,29,30000,,template_chinese_crossover
281,30,20000,,template_chinese_crossover
281,31,,6,template_chinese_crossover
281,32,,24,template_chinese_crossover
282,1,10000,12,template_chinese_crossover
282,2,60000,48,template_chinese_crossover
282,4,60000,48,template_chinese_crossover
282,5,40000,24,template_chinese_crossover
282,7,40000,36,template_chinese_crossover
282,9,10000,12,template_chinese_crossover
282,10,20000,24,template_chinese_crossover
282,11,10000,12,template_chinese_crossover
282,12,40000,48,template_chinese_crossover
282,13,40000,,template_chinese_crossover
282,14,60000,,template_chinese_crossover
282,15,80000,,template_chinese_crossover
282,19,80000,60,template_chinese_crossover
282,20,80000,,template_chinese_crossover
282,21,60000,60,template_chinese_crossover
282,23,,48,template_chinese_crossover
282,25,,12,template_chinese_crossover
282,26,,12,template_chinese_crossover
282,28,10000,12,template_chinese_crossover
282,29,30000,,template_chinese_crossover
282,30,20000,,template_chinese_crossover
282,31,,6,template_chinese_crossover
282,32,,24,template_chinese_crossover
283,1,10000,12,template_chinese_crossover
283,2,60000,48,template_chinese_crossover
283,4,60000,48,template_chinese_crossover
283,5,40000,24,template_chinese_crossover
283,7,40000,36,template_chinese_crossover
283,9,10000,12,template_chinese_crossover
283,10,20000,24,template_chinese_crossover
283,11,10000,12,template_chinese_crossover
283,12,40000,48,template_chinese_crossover
283,13,40000,,template_chinese_crossover
283,14,60000,,template_chinese_crossover
283,15,80000,,template_chinese_crossover
283,19,80000,60,template_chinese_crossover
283,20,80000,,template_chinese_crossover
283,21,60000,60,template_chinese_crossover
283,23,,48,template_chinese_crossover
283,25,,12,template_chinese_crossover
283,26,,12,template_chinese_crossover
283,28,10000,12,template_chinese_crossover
283,29,30000,,template_chinese_crossover
283,30,20000,,template_chinese_crossover
283,31,,6,template_chinese_crossover
283,32,,24,template_chinese_crossover
284,1,10000,12,template_chinese_crossover
284,2,60000,48,template_chinese_crossover
284,4,60000,48,template_chinese_crossover
284,5,40000,24,template_chinese_crossover
284,7,40000,36,template_chinese_crossover
284,9,10000,12,template_chinese_crossover
284,10,20000,24,template_chinese_crossover
284,11,10000,12,template_chinese_crossover
284,12,40000,48,template_chinese_crossover
284,13,40000,,template_chinese_crossover
284,14,60000,,template_chinese_crossover
284,15,80000,,template_chinese_crossover
284,19,80000,60,template_chinese_crossover
284,20,80000,,template_chinese_crossover
284,21,60000,60,template_chinese_crossover
284,23,,48,template_chinese_crossover
284,25,,12,template_chinese_crossover
284,26,,12,template_chinese_crossover
284,28,10000,12,template_chinese_crossover
284,29,30000,,template_chinese_crossover
284,30,20000,,template_chinese_crossover
284,31,,6,template_chinese_crossover
284,32,,24,template_chinese_crossover
285,1,10000,12,template_suv
285,2,60000,48,template_suv
285,3,60000,60,template_suv
285,4,60000,36,template_suv
285,5,40000,24,template_suv
285,7,40000,36,template_suv
285,9,10000,12,template_suv
285,10,15000,24,template_suv
285,11,15000,12,template_suv
285,12,40000,48,template_suv
285,13,40000,,template_suv
285,14,60000,,template_suv
285,15,80000,,template_suv
285,18,90000,72,template_suv
285,19,60000,60,template_suv
285,21,30000,36,template_suv
285,23,,36,template_suv
285,25,,12,template_suv
285,26,,12,template_suv
285,28,10000,12,template_suv
285,29,20000,,template_suv
285,30,15000,,template_suv
285,31,,6,template_suv
285,32,,24,template_suv
286,1,10000,12,template_chinese_crossover
286,2,60000,48,template_chinese_crossover
286,4,60000,48,template_chinese_crossover
286,5,40000,24,template_chinese_crossover
286,7,40000,36,template_chinese_crossover
286,9,10000,12,template_chinese_crossover
286,10,20000,24,template_chinese_crossover
286,11,10000,12,template_chinese_crossover
286,12,40000,48,template_chinese_crossover
286,13,40000,,template_chinese_crossover
286,14,60000,,template_chinese_crossover
286,15,80000,,template_chinese_crossover
286,19,80000,60,template_chinese_crossover
286,20,80000,,template_chinese_crossover
286,21,60000,60,template_chinese_crossover
286,23,,48,template_chinese_crossover
286,25,,12,template_chinese_crossover
286,26,,12,template_chinese_crossover
286,28,10000,12,template_chinese_crossover
286,29,30000,,template_chinese_crossover
286,30,20000,,template_chinese_crossover
286,31,,6,template_chinese_crossover
286,32,,24,template_chinese_crossover
287,1,10000,12,template_chinese_crossover
287,2,60000,48,template_chinese_crossover
287,4,60000,48,template_chinese_crossover
287,5,40000,24,template_chinese_crossover
287,7,40000,36,template_chinese_crossover
287,9,10000,12,template_chinese_crossover
287,10,20000,24,template_chinese_crossover
287,11,10000,12,template_chinese_crossover
287,12,40000,48,template_chinese_crossover
287,13,40000,,template_chinese_crossover
287,14,60000,,template_chinese_crossover
287,15,80000,,template_chinese_crossover
287,19,80000,60,template_chinese_crossover
287,20,80000,,template_chinese_crossover
287,21,60000,60,template_chinese_crossover
287,23,,48,template_chinese_crossover
287,25,,12,template_chinese_crossover
287,26,,12,template_chinese_crossover
287,28,10000,12,template_chinese_crossover
287,29,30000,,template_chinese_crossover
287,30,20000,,template_chinese_crossover
287,31,,6,template_chinese_crossover
287,32,,24,template_chinese_crossover
288,1,10000,12,template_chinese_crossover
288,2,60000,48,template_chinese_crossover
288,4,60000,48,template_chinese_crossover
288,5,40000,24,template_chinese_crossover
288,7,40000,36,template_chinese_crossover
288,9,10000,12,template_chinese_crossover
288,10,20000,24,template_chinese_crossover
288,11,10000,12,template_chinese_crossover
288,12,40000,48,template_chinese_crossover
288,13,40000,,template_chinese_crossover
288,14,60000,,template_chinese_crossover
288,15,80000,,template_chinese_crossover
288,19,80000,60,template_chinese_crossover
288,20,80000,,template_chinese_crossover
288,21,60000,60,template_chinese_crossover
288,23,,48,template_chinese_crossover
288,25,,12,template_chinese_crossover
288,26,,12,template_chinese_crossover
288,28,10000,12,template_chinese_crossover
288,29,30000,,template_chinese_crossover
288,30,20000,,template_chinese_crossover
288,31,,6,template_chinese_crossover
288,32,,24,template_chinese_crossover
289,1,10000,12,template_chinese_crossover
289,2,60000,48,template_chinese_crossover
289,4,60000,48,template_chinese_crossover
289,5,40000,24,template_chinese_crossover
289,7,40000,36,template_chinese_crossover
289,9,10000,12,template_chinese_crossover
289,10,20000,24,template_chinese_crossover
289,11,10000,12,template_chinese_crossover
289,12,40000,48,template_chinese_crossover
289,13,40000,,template_chinese_crossover
289,14,60000,,template_chinese_crossover
289,15,80000,,template_chinese_crossover
289,19,80000,60,template_chinese_crossover
289,20,80000,,template_chinese_crossover
289,21,60000,60,template_chinese_crossover
289,23,,48,template_chinese_crossover
289,25,,12,template_chinese_crossover
289,26,,12,template_chinese_crossover
289,28,10000,12,template_chinese_crossover
289,29,30000,,template_chinese_crossover
289,30,20000,,template_chinese_crossover
289,31,,6,template_chinese_crossover
289,32,,24,template_chinese_crossover
290,1,10000,12,template_chinese_crossover
290,2,60000,48,template_chinese_crossover
290,4,60000,48,template_chinese_crossover
290,5,40000,24,template_chinese_crossover
290,7,40000,36,template_chinese_crossover
290,9,10000,12,template_chinese_crossover
290,10,20000,24,template_chinese_crossover
290,11,10000,12,template_chinese_crossover
290,12,40000,48,template_chinese_crossover
290,13,40000,,template_chinese_crossover
290,14,60000,,template_chinese_crossover
290,15,80000,,template_chinese_crossover
290,19,80000,60,template_chinese_crossover
290,20,80000,,template_chinese_crossover
290,21,60000,60,template_chinese_crossover
290,23,,48,template_chinese_crossover
290,25,,12,template_chinese_crossover
290,26,,12,template_chinese_crossover
290,28,10000,12,template_chinese_crossover
290,29,30000,,template_chinese_crossover
290,30,20000,,template_chinese_crossover
290,31,,6,template_chinese_crossover
290,32,,24,template_chinese_crossover
291,1,10000,12,template_chinese_crossover
291,2,60000,48,template_chinese_crossover
291,4,60000,48,template_chinese_crossover
291,5,40000,24,template_chinese_crossover
291,7,40000,36,template_chinese_crossover
291,9,10000,12,template_chinese_crossover
291,10,20000,24,template_chinese_crossover
291,11,10000,12,template_chinese_crossover
291,12,40000,48,template_chinese_crossover
291,13,40000,,template_chinese_crossover
291,14,60000,,template_chinese_crossover
291,15,80000,,template_chinese_crossover
291,19,80000,60,template_chinese_crossover
291,20,80000,,template_chinese_crossover
291,21,60000,60,template_chinese_crossover
291,23,,48,template_chinese_crossover
291,25,,12,template_chinese_crossover
291,26,,12,template_chinese_crossover
291,28,10000,12,template_chinese_crossover
291,29,30000,,template_chinese_crossover
291,30,20000,,template_chinese_crossover
291,31,,6,template_chinese_crossover
291,32,,24,template_chinese_crossover
292,1,10000,12,template_chinese_crossover
292,2,60000,48,template_chinese_crossover
292,4,60000,48,template_chinese_crossover
292,5,40000,24,template_chinese_crossover
292,7,40000,36,template_chinese_crossover
292,9,10000,12,template_chinese_crossover
292,10,20000,24,template_chinese_crossover
292,11,10000,12,template_chinese_crossover
292,12,40000,48,template_chinese_crossover
292,13,40000,,template_chinese_crossover
292,14,60000,,template_chinese_crossover
292,15,80000,,template_chinese_crossover
292,19,80000,60,template_chinese_crossover
292,20,80000,,template_chinese_crossover
292,21,60000,60,template_chinese_crossover
292,23,,48,template_chinese_crossover
292,25,,12,template_chinese_crossover
292,26,,12,template_chinese_crossover
292,28,10000,12,template_chinese_crossover
292,29,30000,,template_chinese_crossover
292,30,20000,,template_chinese_crossover
292,31,,6,template_chinese_crossover
292,32,,24,template_chinese_crossover
293,1,10000,12,template_chinese_crossover
293,2,60000,48,template_chinese_crossover
293,4,60000,48,template_chinese_crossover
293,5,40000,24,template_chinese_crossover
293,7,40000,36,template_chinese_crossover
293,9,10000,12,template_chinese_crossover
293,10,20000,24,template_chinese_crossover
293,11,10000,12,template_chinese_crossover
293,12,40000,48,template_chinese_crossover
293,13,40000,,template_chinese_crossover
293,14,60000,,template_chinese_crossover
293,15,80000,,template_chinese_crossover
293,19,80000,60,template_chinese_crossover
293,20,80000,,template_chinese_crossover
293,21,60000,60,template_chinese_crossover
293,23,,48,template_chinese_crossover
293,25,,12,template_chinese_crossover
293,26,,12,template_chinese_crossover
293,28,10000,12,template_chinese_crossover
293,29,30000,,template_chinese_crossover
293,30,20000,,template_chinese_crossover
293,31,,6,template_chinese_crossover
293,32,,24,template_chinese_crossover
294,2,60000,48,template_chinese_passenger+ev_override
294,4,60000,48,template_chinese_passenger+ev_override
294,5,40000,24,template_chinese_passenger+ev_override
294,10,20000,24,template_chinese_passenger+ev_override
294,11,10000,12,template_chinese_passenger+ev_override
294,13,40000,,template_chinese_passenger+ev_override
294,14,60000,,template_chinese_passenger+ev_override
294,15,80000,,template_chinese_passenger+ev_override
294,23,,48,template_chinese_passenger+ev_override
294,25,,12,template_chinese_passenger+ev_override
294,26,,12,template_chinese_passenger+ev_override
294,28,10000,12,template_chinese_passenger+ev_override
294,30,20000,,template_chinese_passenger+ev_override
294,31,,6,template_chinese_passenger+ev_override
294,32,,24,template_chinese_passenger+ev_override
295,2,60000,48,template_chinese_passenger+ev_override
295,4,60000,48,template_chinese_passenger+ev_override
295,5,40000,24,template_chinese_passenger+ev_override
295,10,20000,24,template_chinese_passenger+ev_override
295,11,10000,12,template_chinese_passenger+ev_override
295,13,40000,,template_chinese_passenger+ev_override
295,14,60000,,template_chinese_passenger+ev_override
295,15,80000,,template_chinese_passenger+ev_override
295,23,,48,template_chinese_passenger+ev_override
295,25,,12,template_chinese_passenger+ev_override
295,26,,12,template_chinese_passenger+ev_override
295,28,10000,12,template_chinese_passenger+ev_override
295,30,20000,,template_chinese_passenger+ev_override
295,31,,6,template_chinese_passenger+ev_override
295,32,,24,template_chinese_passenger+ev_override
296,2,60000,48,template_chinese_passenger+ev_override
296,4,60000,48,template_chinese_passenger+ev_override
296,5,40000,24,template_chinese_passenger+ev_override
296,10,20000,24,template_chinese_passenger+ev_override
296,11,10000,12,template_chinese_passenger+ev_override
296,13,40000,,template_chinese_passenger+ev_override
296,14,60000,,template_chinese_passenger+ev_override
296,15,80000,,template_chinese_passenger+ev_override
296,23,,48,template_chinese_passenger+ev_override
296,25,,12,template_chinese_passenger+ev_override
296,26,,12,template_chinese_passenger+ev_override
296,28,10000,12,template_chinese_passenger+ev_override
296,30,20000,,template_chinese_passenger+ev_override
296,31,,6,template_chinese_passenger+ev_override
296,32,,24,template_chinese_passenger+ev_override
297,2,60000,48,template_chinese_crossover+ev_override
297,4,60000,48,template_chinese_crossover+ev_override
297,5,40000,24,template_chinese_crossover+ev_override
297,7,40000,36,template_chinese_crossover+ev_override
297,10,20000,24,template_chinese_crossover+ev_override
297,11,10000,12,template_chinese_crossover+ev_override
297,13,40000,,template_chinese_crossover+ev_override
297,14,60000,,template_chinese_crossover+ev_override
297,15,80000,,template_chinese_crossover+ev_override
297,23,,48,template_chinese_crossover+ev_override
297,25,,12,template_chinese_crossover+ev_override
297,26,,12,template_chinese_crossover+ev_override
297,28,10000,12,template_chinese_crossover+ev_override
297,29,30000,,template_chinese_crossover+ev_override
297,30,20000,,template_chinese_crossover+ev_override
297,31,,6,template_chinese_crossover+ev_override
297,32,,24,template_chinese_crossover+ev_override
298,2,60000,48,template_chinese_crossover+ev_override
298,4,60000,48,template_chinese_crossover+ev_override
298,5,40000,24,template_chinese_crossover+ev_override
298,7,40000,36,template_chinese_crossover+ev_override
298,10,20000,24,template_chinese_crossover+ev_override
298,11,10000,12,template_chinese_crossover+ev_override
298,13,40000,,template_chinese_crossover+ev_override
298,14,60000,,template_chinese_crossover+ev_override
298,15,80000,,template_chinese_crossover+ev_override
298,23,,48,template_chinese_crossover+ev_override
298,25,,12,template_chinese_crossover+ev_override
298,26,,12,template_chinese_crossover+ev_override
298,28,10000,12,template_chinese_crossover+ev_override
298,29,30000,,template_chinese_crossover+ev_override
298,30,20000,,template_chinese_crossover+ev_override
298,31,,6,template_chinese_crossover+ev_override
298,32,,24,template_chinese_crossover+ev_override
299,2,60000,48,template_chinese_crossover+ev_override
299,4,60000,48,template_chinese_crossover+ev_override
299,5,40000,24,template_chinese_crossover+ev_override
299,7,40000,36,template_chinese_crossover+ev_override
299,10,20000,24,template_chinese_crossover+ev_override
299,11,10000,12,template_chinese_crossover+ev_override
299,13,40000,,template_chinese_crossover+ev_override
299,14,60000,,template_chinese_crossover+ev_override
299,15,80000,,template_chinese_crossover+ev_override
299,23,,48,template_chinese_crossover+ev_override
299,25,,12,template_chinese_crossover+ev_override
299,26,,12,template_chinese_crossover+ev_override
299,28,10000,12,template_chinese_crossover+ev_override
299,29,30000,,template_chinese_crossover+ev_override
299,30,20000,,template_chinese_crossover+ev_override
299,31,,6,template_chinese_crossover+ev_override
299,32,,24,template_chinese_crossover+ev_override
300,2,60000,48,template_chinese_passenger+ev_override
300,4,60000,48,template_chinese_passenger+ev_override
300,5,40000,24,template_chinese_passenger+ev_override
300,10,20000,24,template_chinese_passenger+ev_override
300,11,10000,12,template_chinese_passenger+ev_override
300,13,40000,,template_chinese_passenger+ev_override
300,14,60000,,template_chinese_passenger+ev_override
300,15,80000,,template_chinese_passenger+ev_override
300,23,,48,template_chinese_passenger+ev_override
300,25,,12,template_chinese_passenger+ev_override
300,26,,12,template_chinese_passenger+ev_override
300,28,10000,12,template_chinese_passenger+ev_override
300,30,20000,,template_chinese_passenger+ev_override
300,31,,6,template_chinese_passenger+ev_override
300,32,,24,template_chinese_passenger+ev_override
301,1,10000,12,template_chinese_crossover
301,2,60000,48,template_chinese_crossover
301,4,60000,48,template_chinese_crossover
301,5,40000,24,template_chinese_crossover
301,7,40000,36,template_chinese_crossover
301,9,10000,12,template_chinese_crossover
301,10,20000,24,template_chinese_crossover
301,11,10000,12,template_chinese_crossover
301,12,40000,48,template_chinese_crossover
301,13,40000,,template_chinese_crossover
301,14,60000,,template_chinese_crossover
301,15,80000,,template_chinese_crossover
301,19,80000,60,template_chinese_crossover
301,20,80000,,template_chinese_crossover
301,21,60000,60,template_chinese_crossover
301,23,,48,template_chinese_crossover
301,25,,12,template_chinese_crossover
301,26,,12,template_chinese_crossover
301,28,10000,12,template_chinese_crossover
301,29,30000,,template_chinese_crossover
301,30,20000,,template_chinese_crossover
301,31,,6,template_chinese_crossover
301,32,,24,template_chinese_crossover
302,1,10000,12,template_chinese_crossover
302,2,60000,48,template_chinese_crossover
302,4,60000,48,template_chinese_crossover
302,5,40000,24,template_chinese_crossover
302,7,40000,36,template_chinese_crossover
302,9,10000,12,template_chinese_crossover
302,10,20000,24,template_chinese_crossover
302,11,10000,12,template_chinese_crossover
302,12,40000,48,template_chinese_crossover
302,13,40000,,template_chinese_crossover
302,14,60000,,template_chinese_crossover
302,15,80000,,template_chinese_crossover
302,19,80000,60,template_chinese_crossover
302,20,80000,,template_chinese_crossover
302,21,60000,60,template_chinese_crossover
302,23,,48,template_chinese_crossover
302,25,,12,template_chinese_crossover
302,26,,12,template_chinese_crossover
302,28,10000,12,template_chinese_crossover
302,29,30000,,template_chinese_crossover
302,30,20000,,template_chinese_crossover
302,31,,6,template_chinese_crossover
302,32,,24,template_chinese_crossover
303,2,60000,48,template_suv+ev_override
303,3,60000,60,template_suv+ev_override
303,4,60000,36,template_suv+ev_override
303,5,40000,24,template_suv+ev_override
303,7,40000,36,template_suv+ev_override
303,10,15000,24,template_suv+ev_override
303,11,15000,12,template_suv+ev_override
303,13,40000,,template_suv+ev_override
303,14,60000,,template_suv+ev_override
303,15,80000,,template_suv+ev_override
303,23,,36,template_suv+ev_override
303,25,,12,template_suv+ev_override
303,26,,12,template_suv+ev_override
303,28,10000,12,template_suv+ev_override
303,29,20000,,template_suv+ev_override
303,30,15000,,template_suv+ev_override
303,31,,6,template_suv+ev_override
303,32,,24,template_suv+ev_override
304,1,10000,12,template_chinese_crossover
304,2,60000,48,template_chinese_crossover
304,4,60000,48,template_chinese_crossover
304,5,40000,24,template_chinese_crossover
304,7,40000,36,template_chinese_crossover
304,9,10000,12,template_chinese_crossover
304,10,20000,24,template_chinese_crossover
304,11,10000,12,template_chinese_crossover
304,12,40000,48,template_chinese_crossover
304,13,40000,,template_chinese_crossover
304,14,60000,,template_chinese_crossover
304,15,80000,,template_chinese_crossover
304,19,80000,60,template_chinese_crossover
304,20,80000,,template_chinese_crossover
304,21,60000,60,template_chinese_crossover
304,23,,48,template_chinese_crossover
304,25,,12,template_chinese_crossover
304,26,,12,template_chinese_crossover
304,28,10000,12,template_chinese_crossover
304,29,30000,,template_chinese_crossover
304,30,20000,,template_chinese_crossover
304,31,,6,template_chinese_crossover
304,32,,24,template_chinese_crossover
305,2,60000,48,template_chinese_crossover+ev_override
305,4,60000,48,template_chinese_crossover+ev_override
305,5,40000,24,template_chinese_crossover+ev_override
305,7,40000,36,template_chinese_crossover+ev_override
305,10,20000,24,template_chinese_crossover+ev_override
305,11,10000,12,template_chinese_crossover+ev_override
305,13,40000,,template_chinese_crossover+ev_override
305,14,60000,,template_chinese_crossover+ev_override
305,15,80000,,template_chinese_crossover+ev_override
305,23,,48,template_chinese_crossover+ev_override
305,25,,12,template_chinese_crossover+ev_override
305,26,,12,template_chinese_crossover+ev_override
305,28,10000,12,template_chinese_crossover+ev_override
305,29,30000,,template_chinese_crossover+ev_override
305,30,20000,,template_chinese_crossover+ev_override
305,31,,6,template_chinese_crossover+ev_override
305,32,,24,template_chinese_crossover+ev_override
306,2,60000,48,template_chinese_crossover+ev_override
306,4,60000,48,template_chinese_crossover+ev_override
306,5,40000,24,template_chinese_crossover+ev_override
306,7,40000,36,template_chinese_crossover+ev_override
306,10,20000,24,template_chinese_crossover+ev_override
306,11,10000,12,template_chinese_crossover+ev_override
306,13,40000,,template_chinese_crossover+ev_override
306,14,60000,,template_chinese_crossover+ev_override
306,15,80000,,template_chinese_crossover+ev_override
306,23,,48,template_chinese_crossover+ev_override
306,25,,12,template_chinese_crossover+ev_override
306,26,,12,template_chinese_crossover+ev_override
306,28,10000,12,template_chinese_crossover+ev_override
306,29,30000,,template_chinese_crossover+ev_override
306,30,20000,,template_chinese_crossover+ev_override
306,31,,6,template_chinese_crossover+ev_override
306,32,,24,template_chinese_crossover+ev_override
307,1,10000,12,template_chinese_crossover
307,2,60000,48,template_chinese_crossover
307,4,60000,48,template_chinese_crossover
307,5,40000,24,template_chinese_crossover
307,7,40000,36,template_chinese_crossover
307,9,10000,12,template_chinese_crossover
307,10,20000,24,template_chinese_crossover
307,11,10000,12,template_chinese_crossover
307,12,40000,48,template_chinese_crossover
307,13,40000,,template_chinese_crossover
307,14,60000,,template_chinese_crossover
307,15,80000,,template_chinese_crossover
307,19,80000,60,template_chinese_crossover
307,20,80000,,template_chinese_crossover
307,21,60000,60,template_chinese_crossover
307,23,,48,template_chinese_crossover
307,25,,12,template_chinese_crossover
307,26,,12,template_chinese_crossover
307,28,10000,12,template_chinese_crossover
307,29,30000,,template_chinese_crossover
307,30,20000,,template_chinese_crossover
307,31,,6,template_chinese_crossover
307,32,,24,template_chinese_crossover
308,1,10000,12,template_chinese_crossover
308,2,60000,48,template_chinese_crossover
308,4,60000,48,template_chinese_crossover
308,5,40000,24,template_chinese_crossover
308,7,40000,36,template_chinese_crossover
308,9,10000,12,template_chinese_crossover
308,10,20000,24,template_chinese_crossover
308,11,10000,12,template_chinese_crossover
308,12,40000,48,template_chinese_crossover
308,13,40000,,template_chinese_crossover
308,14,60000,,template_chinese_crossover
308,15,80000,,template_chinese_crossover
308,19,80000,60,template_chinese_crossover
308,20,80000,,template_chinese_crossover
308,21,60000,60,template_chinese_crossover
308,23,,48,template_chinese_crossover
308,25,,12,template_chinese_crossover
308,26,,12,template_chinese_crossover
308,28,10000,12,template_chinese_crossover
308,29,30000,,template_chinese_crossover
308,30,20000,,template_chinese_crossover
308,31,,6,template_chinese_crossover
308,32,,24,template_chinese_crossover
309,1,10000,12,template_chinese_passenger
309,2,60000,48,template_chinese_passenger
309,4,60000,48,template_chinese_passenger
309,5,40000,24,template_chinese_passenger
309,9,10000,12,template_chinese_passenger
309,10,20000,24,template_chinese_passenger
309,11,10000,12,template_chinese_passenger
309,12,40000,48,template_chinese_passenger
309,13,40000,,template_chinese_passenger
309,14,60000,,template_chinese_passenger
309,15,80000,,template_chinese_passenger
309,19,80000,60,template_chinese_passenger
309,20,80000,,template_chinese_passenger
309,21,60000,60,template_chinese_passenger
309,23,,48,template_chinese_passenger
309,25,,12,template_chinese_passenger
309,26,,12,template_chinese_passenger
309,28,10000,12,template_chinese_passenger
309,30,20000,,template_chinese_passenger
309,31,,6,template_chinese_passenger
309,32,,24,template_chinese_passenger
310,2,60000,48,template_chinese_crossover+ev_override
310,4,60000,48,template_chinese_crossover+ev_override
310,5,40000,24,template_chinese_crossover+ev_override
310,7,40000,36,template_chinese_crossover+ev_override
310,10,20000,24,template_chinese_crossover+ev_override
310,11,10000,12,template_chinese_crossover+ev_override
310,13,40000,,template_chinese_crossover+ev_override
310,14,60000,,template_chinese_crossover+ev_override
310,15,80000,,template_chinese_crossover+ev_override
310,23,,48,template_chinese_crossover+ev_override
310,25,,12,template_chinese_crossover+ev_override
310,26,,12,template_chinese_crossover+ev_override
310,28,10000,12,template_chinese_crossover+ev_override
310,29,30000,,template_chinese_crossover+ev_override
310,30,20000,,template_chinese_crossover+ev_override
310,31,,6,template_chinese_crossover+ev_override
310,32,,24,template_chinese_crossover+ev_override
311,1,10000,12,template_chinese_crossover
311,2,60000,48,template_chinese_crossover
311,4,60000,48,template_chinese_crossover
311,5,40000,24,template_chinese_crossover
311,7,40000,36,template_chinese_crossover
311,9,10000,12,template_chinese_crossover
311,10,20000,24,template_chinese_crossover
311,11,10000,12,template_chinese_crossover
311,12,40000,48,template_chinese_crossover
311,13,40000,,template_chinese_crossover
311,14,60000,,template_chinese_crossover
311,15,80000,,template_chinese_crossover
311,19,80000,60,template_chinese_crossover
311,20,80000,,template_chinese_crossover
311,21,60000,60,template_chinese_crossover
311,23,,48,template_chinese_crossover
311,25,,12,template_chinese_crossover
311,26,,12,template_chinese_crossover
311,28,10000,12,template_chinese_crossover
311,29,30000,,template_chinese_crossover
311,30,20000,,template_chinese_crossover
311,31,,6,template_chinese_crossover
311,32,,24,template_chinese_crossover
312,2,60000,48,template_chinese_crossover+ev_override
312,4,60000,48,template_chinese_crossover+ev_override
312,5,40000,24,template_chinese_crossover+ev_override
312,7,40000,36,template_chinese_crossover+ev_override
312,10,20000,24,template_chinese_crossover+ev_override
312,11,10000,12,template_chinese_crossover+ev_override
312,13,40000,,template_chinese_crossover+ev_override
312,14,60000,,template_chinese_crossover+ev_override
312,15,80000,,template_chinese_crossover+ev_override
312,23,,48,template_chinese_crossover+ev_override
312,25,,12,template_chinese_crossover+ev_override
312,26,,12,template_chinese_crossover+ev_override
312,28,10000,12,template_chinese_crossover+ev_override
312,29,30000,,template_chinese_crossover+ev_override
312,30,20000,,template_chinese_crossover+ev_override
312,31,,6,template_chinese_crossover+ev_override
312,32,,24,template_chinese_crossover+ev_override
313,2,60000,48,template_chinese_passenger+ev_override
313,4,60000,48,template_chinese_passenger+ev_override
313,5,40000,24,template_chinese_passenger+ev_override
313,10,20000,24,template_chinese_passenger+ev_override
313,11,10000,12,template_chinese_passenger+ev_override
313,13,40000,,template_chinese_passenger+ev_override
313,14,60000,,template_chinese_passenger+ev_override
313,15,80000,,template_chinese_passenger+ev_override
313,23,,48,template_chinese_passenger+ev_override
313,25,,12,template_chinese_passenger+ev_override
313,26,,12,template_chinese_passenger+ev_override
313,28,10000,12,template_chinese_passenger+ev_override
313,30,20000,,template_chinese_passenger+ev_override
313,31,,6,template_chinese_passenger+ev_override
313,32,,24,template_chinese_passenger+ev_override
314,2,60000,48,template_chinese_crossover+ev_override
314,4,60000,48,template_chinese_crossover+ev_override
314,5,40000,24,template_chinese_crossover+ev_override
314,7,40000,36,template_chinese_crossover+ev_override
314,10,20000,24,template_chinese_crossover+ev_override
314,11,10000,12,template_chinese_crossover+ev_override
314,13,40000,,template_chinese_crossover+ev_override
314,14,60000,,template_chinese_crossover+ev_override
314,15,80000,,template_chinese_crossover+ev_override
314,23,,48,template_chinese_crossover+ev_override
314,25,,12,template_chinese_crossover+ev_override
314,26,,12,template_chinese_crossover+ev_override
314,28,10000,12,template_chinese_crossover+ev_override
314,29,30000,,template_chinese_crossover+ev_override
314,30,20000,,template_chinese_crossover+ev_override
314,31,,6,template_chinese_crossover+ev_override
314,32,,24,template_chinese_crossover+ev_override
315,2,60000,48,template_chinese_crossover+ev_override
315,4,60000,48,template_chinese_crossover+ev_override
315,5,40000,24,template_chinese_crossover+ev_override
315,7,40000,36,template_chinese_crossover+ev_override
315,10,20000,24,template_chinese_crossover+ev_override
315,11,10000,12,template_chinese_crossover+ev_override
315,13,40000,,template_chinese_crossover+ev_override
315,14,60000,,template_chinese_crossover+ev_override
315,15,80000,,template_chinese_crossover+ev_override
315,23,,48,template_chinese_crossover+ev_override
315,25,,12,template_chinese_crossover+ev_override
315,26,,12,template_chinese_crossover+ev_override
315,28,10000,12,template_chinese_crossover+ev_override
315,29,30000,,template_chinese_crossover+ev_override
315,30,20000,,template_chinese_crossover+ev_override
315,31,,6,template_chinese_crossover+ev_override
315,32,,24,template_chinese_crossover+ev_override
316,2,60000,48,template_chinese_passenger+ev_override
316,4,60000,48,template_chinese_passenger+ev_override
316,5,40000,24,template_chinese_passenger+ev_override
316,10,20000,24,template_chinese_passenger+ev_override
316,11,10000,12,template_chinese_passenger+ev_override
316,13,40000,,template_chinese_passenger+ev_override
316,14,60000,,template_chinese_passenger+ev_override
316,15,80000,,template_chinese_passenger+ev_override
316,23,,48,template_chinese_passenger+ev_override
316,25,,12,template_chinese_passenger+ev_override
316,26,,12,template_chinese_passenger+ev_override
316,28,10000,12,template_chinese_passenger+ev_override
316,30,20000,,template_chinese_passenger+ev_override
316,31,,6,template_chinese_passenger+ev_override
316,32,,24,template_chinese_passenger+ev_override
317,2,60000,48,template_chinese_crossover+ev_override
317,4,60000,48,template_chinese_crossover+ev_override
317,5,40000,24,template_chinese_crossover+ev_override
317,7,40000,36,template_chinese_crossover+ev_override
317,10,20000,24,template_chinese_crossover+ev_override
317,11,10000,12,template_chinese_crossover+ev_override
317,13,40000,,template_chinese_crossover+ev_override
317,14,60000,,template_chinese_crossover+ev_override
317,15,80000,,template_chinese_crossover+ev_override
317,23,,48,template_chinese_crossover+ev_override
317,25,,12,template_chinese_crossover+ev_override
317,26,,12,template_chinese_crossover+ev_override
317,28,10000,12,template_chinese_crossover+ev_override
317,29,30000,,template_chinese_crossover+ev_override
317,30,20000,,template_chinese_crossover+ev_override
317,31,,6,template_chinese_crossover+ev_override
317,32,,24,template_chinese_crossover+ev_override
318,2,60000,48,template_chinese_crossover+ev_override
318,4,60000,48,template_chinese_crossover+ev_override
318,5,40000,24,template_chinese_crossover+ev_override
318,7,40000,36,template_chinese_crossover+ev_override
318,10,20000,24,template_chinese_crossover+ev_override
318,11,10000,12,template_chinese_crossover+ev_override
318,13,40000,,template_chinese_crossover+ev_override
318,14,60000,,template_chinese_crossover+ev_override
318,15,80000,,template_chinese_crossover+ev_override
318,23,,48,template_chinese_crossover+ev_override
318,25,,12,template_chinese_crossover+ev_override
318,26,,12,template_chinese_crossover+ev_override
318,28,10000,12,template_chinese_crossover+ev_override
318,29,30000,,template_chinese_crossover+ev_override
318,30,20000,,template_chinese_crossover+ev_override
318,31,,6,template_chinese_crossover+ev_override
318,32,,24,template_chinese_crossover+ev_override
319,2,60000,48,template_chinese_passenger+ev_override
319,4,60000,48,template_chinese_passenger+ev_override
319,5,40000,24,template_chinese_passenger+ev_override
319,10,20000,24,template_chinese_passenger+ev_override
319,11,10000,12,template_chinese_passenger+ev_override
319,13,40000,,template_chinese_passenger+ev_override
319,14,60000,,template_chinese_passenger+ev_override
319,15,80000,,template_chinese_passenger+ev_override
319,23,,48,template_chinese_passenger+ev_override
319,25,,12,template_chinese_passenger+ev_override
319,26,,12,template_chinese_passenger+ev_override
319,28,10000,12,template_chinese_passenger+ev_override
319,30,20000,,template_chinese_passenger+ev_override
319,31,,6,template_chinese_passenger+ev_override
319,32,,24,template_chinese_passenger+ev_override
320,2,60000,48,template_chinese_passenger+ev_override
320,4,60000,48,template_chinese_passenger+ev_override
320,5,40000,24,template_chinese_passenger+ev_override
320,10,20000,24,template_chinese_passenger+ev_override
320,11,10000,12,template_chinese_passenger+ev_override
320,13,40000,,template_chinese_passenger+ev_override
320,14,60000,,template_chinese_passenger+ev_override
320,15,80000,,template_chinese_passenger+ev_override
320,23,,48,template_chinese_passenger+ev_override
320,25,,12,template_chinese_passenger+ev_override
320,26,,12,template_chinese_passenger+ev_override
320,28,10000,12,template_chinese_passenger+ev_override
320,30,20000,,template_chinese_passenger+ev_override
320,31,,6,template_chinese_passenger+ev_override
320,32,,24,template_chinese_passenger+ev_override
321,1,10000,12,template_chinese_crossover
321,2,60000,48,template_chinese_crossover
321,4,60000,48,template_chinese_crossover
321,5,40000,24,template_chinese_crossover
321,7,40000,36,template_chinese_crossover
321,9,10000,12,template_chinese_crossover
321,10,20000,24,template_chinese_crossover
321,11,10000,12,template_chinese_crossover
321,12,40000,48,template_chinese_crossover
321,13,40000,,template_chinese_crossover
321,14,60000,,template_chinese_crossover
321,15,80000,,template_chinese_crossover
321,19,80000,60,template_chinese_crossover
321,20,80000,,template_chinese_crossover
321,21,60000,60,template_chinese_crossover
321,23,,48,template_chinese_crossover
321,25,,12,template_chinese_crossover
321,26,,12,template_chinese_crossover
321,28,10000,12,template_chinese_crossover
321,29,30000,,template_chinese_crossover
321,30,20000,,template_chinese_crossover
321,31,,6,template_chinese_crossover
321,32,,24,template_chinese_crossover
322,1,10000,12,template_chinese_crossover
322,2,60000,48,template_chinese_crossover
322,4,60000,48,template_chinese_crossover
322,5,40000,24,template_chinese_crossover
322,7,40000,36,template_chinese_crossover
322,9,10000,12,template_chinese_crossover
322,10,20000,24,template_chinese_crossover
322,11,10000,12,template_chinese_crossover
322,12,40000,48,template_chinese_crossover
322,13,40000,,template_chinese_crossover
322,14,60000,,template_chinese_crossover
322,15,80000,,template_chinese_crossover
322,19,80000,60,template_chinese_crossover
322,20,80000,,template_chinese_crossover
322,21,60000,60,template_chinese_crossover
322,23,,48,template_chinese_crossover
322,25,,12,template_chinese_crossover
322,26,,12,template_chinese_crossover
322,28,10000,12,template_chinese_crossover
322,29,30000,,template_chinese_crossover
322,30,20000,,template_chinese_crossover
322,31,,6,template_chinese_crossover
322,32,,24,template_chinese_crossover
323,1,10000,12,template_chinese_passenger
323,2,60000,48,template_chinese_passenger
323,4,60000,48,template_chinese_passenger
323,5,40000,24,template_chinese_passenger
323,9,10000,12,template_chinese_passenger
323,10,20000,24,template_chinese_passenger
323,11,10000,12,template_chinese_passenger
323,12,40000,48,template_chinese_passenger
323,13,40000,,template_chinese_passenger
323,14,60000,,template_chinese_passenger
323,15,80000,,template_chinese_passenger
323,19,80000,60,template_chinese_passenger
323,20,80000,,template_chinese_passenger
323,21,60000,60,template_chinese_passenger
323,23,,48,template_chinese_passenger
323,25,,12,template_chinese_passenger
323,26,,12,template_chinese_passenger
323,28,10000,12,template_chinese_passenger
323,30,20000,,template_chinese_passenger
323,31,,6,template_chinese_passenger
323,32,,24,template_chinese_passenger
324,1,10000,12,template_chinese_passenger
324,2,60000,48,template_chinese_passenger
324,4,60000,48,template_chinese_passenger
324,5,40000,24,template_chinese_passenger
324,9,10000,12,template_chinese_passenger
324,10,20000,24,template_chinese_passenger
324,11,10000,12,template_chinese_passenger
324,12,40000,48,template_chinese_passenger
324,13,40000,,template_chinese_passenger
324,14,60000,,template_chinese_passenger
324,15,80000,,template_chinese_passenger
324,19,80000,60,template_chinese_passenger
324,20,80000,,template_chinese_passenger
324,21,60000,60,template_chinese_passenger
324,23,,48,template_chinese_passenger
324,25,,12,template_chinese_passenger
324,26,,12,template_chinese_passenger
324,28,10000,12,template_chinese_passenger
324,30,20000,,template_chinese_passenger
324,31,,6,template_chinese_passenger
324,32,,24,template_chinese_passenger
325,1,10000,12,template_premium_passenger
325,2,40000,48,template_premium_passenger
325,4,80000,48,template_premium_passenger
325,5,40000,24,template_premium_passenger
325,6,80000,60,template_premium_passenger
325,7,80000,60,template_premium_passenger
325,9,10000,12,template_premium_passenger
325,10,20000,24,template_premium_passenger
325,11,10000,12,template_premium_passenger
325,12,40000,48,template_premium_passenger
325,13,40000,,template_premium_passenger
325,14,60000,,template_premium_passenger
325,15,80000,,template_premium_passenger
325,16,100000,,template_premium_passenger
325,19,80000,60,template_premium_passenger
325,20,60000,,template_premium_passenger
325,21,40000,48,template_premium_passenger
325,23,,36,template_premium_passenger
325,25,,12,template_premium_passenger
325,26,,12,template_premium_passenger
325,28,10000,12,template_premium_passenger
325,29,40000,,template_premium_passenger
325,30,15000,,template_premium_passenger
325,31,,6,template_premium_passenger
325,32,,24,template_premium_passenger
326,1,10000,12,template_premium_passenger
326,2,40000,48,template_premium_passenger
326,4,80000,48,template_premium_passenger
326,5,40000,24,template_premium_passenger
326,6,80000,60,template_premium_passenger
326,7,80000,60,template_premium_passenger
326,9,10000,12,template_premium_passenger
326,10,20000,24,template_premium_passenger
326,11,10000,12,template_premium_passenger
326,12,40000,48,template_premium_passenger
326,13,40000,,template_premium_passenger
326,14,60000,,template_premium_passenger
326,15,80000,,template_premium_passenger
326,16,100000,,template_premium_passenger
326,19,80000,60,template_premium_passenger
326,20,60000,,template_premium_passenger
326,21,40000,48,template_premium_passenger
326,23,,36,template_premium_passenger
326,25,,12,template_premium_passenger
326,26,,12,template_premium_passenger
326,28,10000,12,template_premium_passenger
326,29,40000,,template_premium_passenger
326,30,15000,,template_premium_passenger
326,31,,6,template_premium_passenger
326,32,,24,template_premium_passenger
327,1,10000,12,template_premium_passenger
327,2,40000,48,template_premium_passenger
327,4,80000,48,template_premium_passenger
327,5,40000,24,template_premium_passenger
327,6,80000,60,template_premium_passenger
327,7,80000,60,template_premium_passenger
327,9,10000,12,template_premium_passenger
327,10,20000,24,template_premium_passenger
327,11,10000,12,template_premium_passenger
327,12,40000,48,template_premium_passenger
327,13,40000,,template_premium_passenger
327,14,60000,,template_premium_passenger
327,15,80000,,template_premium_passenger
327,16,100000,,template_premium_passenger
327,19,80000,60,template_premium_passenger
327,20,60000,,template_premium_passenger
327,21,40000,48,template_premium_passenger
327,23,,36,template_premium_passenger
327,25,,12,template_premium_passenger
327,26,,12,template_premium_passenger
327,28,10000,12,template_premium_passenger
327,29,40000,,template_premium_passenger
327,30,15000,,template_premium_passenger
327,31,,6,template_premium_passenger
327,32,,24,template_premium_passenger
328,1,10000,12,template_premium_passenger
328,2,40000,48,template_premium_passenger
328,4,80000,48,template_premium_passenger
328,5,40000,24,template_premium_passenger
328,6,80000,60,template_premium_passenger
328,7,80000,60,template_premium_passenger
328,9,10000,12,template_premium_passenger
328,10,20000,24,template_premium_passenger
328,11,10000,12,template_premium_passenger
328,12,40000,48,template_premium_passenger
328,13,40000,,template_premium_passenger
328,14,60000,,template_premium_passenger
328,15,80000,,template_premium_passenger
328,16,100000,,template_premium_passenger
328,19,80000,60,template_premium_passenger
328,20,60000,,template_premium_passenger
328,21,40000,48,template_premium_passenger
328,23,,36,template_premium_passenger
328,25,,12,template_premium_passenger
328,26,,12,template_premium_passenger
328,28,10000,12,template_premium_passenger
328,29,40000,,template_premium_passenger
328,30,15000,,template_premium_passenger
328,31,,6,template_premium_passenger
328,32,,24,template_premium_passenger
329,1,10000,12,template_premium_passenger
329,2,40000,48,template_premium_passenger
329,4,80000,48,template_premium_passenger
329,5,40000,24,template_premium_passenger
329,6,80000,60,template_premium_passenger
329,7,80000,60,template_premium_passenger
329,9,10000,12,template_premium_passenger
329,10,20000,24,template_premium_passenger
329,11,10000,12,template_premium_passenger
329,12,40000,48,template_premium_passenger
329,13,40000,,template_premium_passenger
329,14,60000,,template_premium_passenger
329,15,80000,,template_premium_passenger
329,16,100000,,template_premium_passenger
329,19,80000,60,template_premium_passenger
329,20,60000,,template_premium_passenger
329,21,40000,48,template_premium_passenger
329,23,,36,template_premium_passenger
329,25,,12,template_premium_passenger
329,26,,12,template_premium_passenger
329,28,10000,12,template_premium_passenger
329,29,40000,,template_premium_passenger
329,30,15000,,template_premium_passenger
329,31,,6,template_premium_passenger
329,32,,24,template_premium_passenger
330,1,10000,12,template_premium_passenger
330,2,40000,48,template_premium_passenger
330,4,80000,48,template_premium_passenger
330,5,40000,24,template_premium_passenger
330,6,80000,60,template_premium_passenger
330,7,80000,60,template_premium_passenger
330,9,10000,12,template_premium_passenger
330,10,20000,24,template_premium_passenger
330,11,10000,12,template_premium_passenger
330,12,40000,48,template_premium_passenger
330,13,40000,,template_premium_passenger
330,14,60000,,template_premium_passenger
330,15,80000,,template_premium_passenger
330,16,100000,,template_premium_passenger
330,19,80000,60,template_premium_passenger
330,20,60000,,template_premium_passenger
330,21,40000,48,template_premium_passenger
330,23,,36,template_premium_passenger
330,25,,12,template_premium_passenger
330,26,,12,template_premium_passenger
330,28,10000,12,template_premium_passenger
330,29,40000,,template_premium_passenger
330,30,15000,,template_premium_passenger
330,31,,6,template_premium_passenger
330,32,,24,template_premium_passenger
331,1,10000,12,template_premium_passenger
331,2,40000,48,template_premium_passenger
331,4,80000,48,template_premium_passenger
331,5,40000,24,template_premium_passenger
331,6,80000,60,template_premium_passenger
331,7,80000,60,template_premium_passenger
331,9,10000,12,template_premium_passenger
331,10,20000,24,template_premium_passenger
331,11,10000,12,template_premium_passenger
331,12,40000,48,template_premium_passenger
331,13,40000,,template_premium_passenger
331,14,60000,,template_premium_passenger
331,15,80000,,template_premium_passenger
331,16,100000,,template_premium_passenger
331,19,80000,60,template_premium_passenger
331,20,60000,,template_premium_passenger
331,21,40000,48,template_premium_passenger
331,23,,36,template_premium_passenger
331,25,,12,template_premium_passenger
331,26,,12,template_premium_passenger
331,28,10000,12,template_premium_passenger
331,29,40000,,template_premium_passenger
331,30,15000,,template_premium_passenger
331,31,,6,template_premium_passenger
331,32,,24,template_premium_passenger
332,1,10000,12,template_premium_passenger
332,2,40000,48,template_premium_passenger
332,4,80000,48,template_premium_passenger
332,5,40000,24,template_premium_passenger
332,6,80000,60,template_premium_passenger
332,7,80000,60,template_premium_passenger
332,9,10000,12,template_premium_passenger
332,10,20000,24,template_premium_passenger
332,11,10000,12,template_premium_passenger
332,12,40000,48,template_premium_passenger
332,13,40000,,template_premium_passenger
332,14,60000,,template_premium_passenger
332,15,80000,,template_premium_passenger
332,16,100000,,template_premium_passenger
332,19,80000,60,template_premium_passenger
332,20,60000,,template_premium_passenger
332,21,40000,48,template_premium_passenger
332,23,,36,template_premium_passenger
332,25,,12,template_premium_passenger
332,26,,12,template_premium_passenger
332,28,10000,12,template_premium_passenger
332,29,40000,,template_premium_passenger
332,30,15000,,template_premium_passenger
332,31,,6,template_premium_passenger
332,32,,24,template_premium_passenger
333,1,10000,12,template_premium_crossover
333,2,40000,48,template_premium_crossover
333,4,80000,48,template_premium_crossover
333,5,40000,24,template_premium_crossover
333,6,80000,60,template_premium_crossover
333,7,60000,60,template_premium_crossover
333,9,10000,12,template_premium_crossover
333,10,20000,24,template_premium_crossover
333,11,10000,12,template_premium_crossover
333,12,40000,48,template_premium_crossover
333,13,40000,,template_premium_crossover
333,14,60000,,template_premium_crossover
333,15,80000,,template_premium_crossover
333,16,100000,,template_premium_crossover
333,19,80000,60,template_premium_crossover
333,20,60000,,template_premium_crossover
333,21,40000,48,template_premium_crossover
333,23,,36,template_premium_crossover
333,25,,12,template_premium_crossover
333,26,,12,template_premium_crossover
333,28,10000,12,template_premium_crossover
333,29,30000,,template_premium_crossover
333,30,15000,,template_premium_crossover
333,31,,6,template_premium_crossover
333,32,,24,template_premium_crossover
334,1,10000,12,template_premium_crossover
334,2,40000,48,template_premium_crossover
334,4,80000,48,template_premium_crossover
334,5,40000,24,template_premium_crossover
334,6,80000,60,template_premium_crossover
334,7,60000,60,template_premium_crossover
334,9,10000,12,template_premium_crossover
334,10,20000,24,template_premium_crossover
334,11,10000,12,template_premium_crossover
334,12,40000,48,template_premium_crossover
334,13,40000,,template_premium_crossover
334,14,60000,,template_premium_crossover
334,15,80000,,template_premium_crossover
334,16,100000,,template_premium_crossover
334,19,80000,60,template_premium_crossover
334,20,60000,,template_premium_crossover
334,21,40000,48,template_premium_crossover
334,23,,36,template_premium_crossover
334,25,,12,template_premium_crossover
334,26,,12,template_premium_crossover
334,28,10000,12,template_premium_crossover
334,29,30000,,template_premium_crossover
334,30,15000,,template_premium_crossover
334,31,,6,template_premium_crossover
334,32,,24,template_premium_crossover
335,1,10000,12,template_premium_crossover
335,2,40000,48,template_premium_crossover
335,4,80000,48,template_premium_crossover
335,5,40000,24,template_premium_crossover
335,6,80000,60,template_premium_crossover
335,7,60000,60,template_premium_crossover
335,9,10000,12,template_premium_crossover
335,10,20000,24,template_premium_crossover
335,11,10000,12,template_premium_crossover
335,12,40000,48,template_premium_crossover
335,13,40000,,template_premium_crossover
335,14,60000,,template_premium_crossover
335,15,80000,,template_premium_crossover
335,16,100000,,template_premium_crossover
335,19,80000,60,template_premium_crossover
335,20,60000,,template_premium_crossover
335,21,40000,48,template_premium_crossover
335,23,,36,template_premium_crossover
335,25,,12,template_premium_crossover
335,26,,12,template_premium_crossover
335,28,10000,12,template_premium_crossover
335,29,30000,,template_premium_crossover
335,30,15000,,template_premium_crossover
335,31,,6,template_premium_crossover
335,32,,24,template_premium_crossover
336,1,10000,12,template_premium_crossover
336,2,40000,48,template_premium_crossover
336,4,80000,48,template_premium_crossover
336,5,40000,24,template_premium_crossover
336,6,80000,60,template_premium_crossover
336,7,60000,60,template_premium_crossover
336,9,10000,12,template_premium_crossover
336,10,20000,24,template_premium_crossover
336,11,10000,12,template_premium_crossover
336,12,40000,48,template_premium_crossover
336,13,40000,,template_premium_crossover
336,14,60000,,template_premium_crossover
336,15,80000,,template_premium_crossover
336,16,100000,,template_premium_crossover
336,19,80000,60,template_premium_crossover
336,20,60000,,template_premium_crossover
336,21,40000,48,template_premium_crossover
336,23,,36,template_premium_crossover
336,25,,12,template_premium_crossover
336,26,,12,template_premium_crossover
336,28,10000,12,template_premium_crossover
336,29,30000,,template_premium_crossover
336,30,15000,,template_premium_crossover
336,31,,6,template_premium_crossover
336,32,,24,template_premium_crossover
337,1,10000,12,template_premium_crossover
337,2,40000,48,template_premium_crossover
337,4,80000,48,template_premium_crossover
337,5,40000,24,template_premium_crossover
337,6,80000,60,template_premium_crossover
337,7,60000,60,template_premium_crossover
337,9,10000,12,template_premium_crossover
337,10,20000,24,template_premium_crossover
337,11,10000,12,template_premium_crossover
337,12,40000,48,template_premium_crossover
337,13,40000,,template_premium_crossover
337,14,60000,,template_premium_crossover
337,15,80000,,template_premium_crossover
337,16,100000,,template_premium_crossover
337,19,80000,60,template_premium_crossover
337,20,60000,,template_premium_crossover
337,21,40000,48,template_premium_crossover
337,23,,36,template_premium_crossover
337,25,,12,template_premium_crossover
337,26,,12,template_premium_crossover
337,28,10000,12,template_premium_crossover
337,29,30000,,template_premium_crossover
337,30,15000,,template_premium_crossover
337,31,,6,template_premium_crossover
337,32,,24,template_premium_crossover
338,1,10000,12,template_premium_crossover
338,2,40000,48,template_premium_crossover
338,4,80000,48,template_premium_crossover
338,5,40000,24,template_premium_crossover
338,6,80000,60,template_premium_crossover
338,7,60000,60,template_premium_crossover
338,9,10000,12,template_premium_crossover
338,10,20000,24,template_premium_crossover
338,11,10000,12,template_premium_crossover
338,12,40000,48,template_premium_crossover
338,13,40000,,template_premium_crossover
338,14,60000,,template_premium_crossover
338,15,80000,,template_premium_crossover
338,16,100000,,template_premium_crossover
338,19,80000,60,template_premium_crossover
338,20,60000,,template_premium_crossover
338,21,40000,48,template_premium_crossover
338,23,,36,template_premium_crossover
338,25,,12,template_premium_crossover
338,26,,12,template_premium_crossover
338,28,10000,12,template_premium_crossover
338,29,30000,,template_premium_crossover
338,30,15000,,template_premium_crossover
338,31,,6,template_premium_crossover
338,32,,24,template_premium_crossover
339,1,10000,12,template_premium_crossover
339,2,40000,48,template_premium_crossover
339,4,80000,48,template_premium_crossover
339,5,40000,24,template_premium_crossover
339,6,80000,60,template_premium_crossover
339,7,60000,60,template_premium_crossover
339,9,10000,12,template_premium_crossover
339,10,20000,24,template_premium_crossover
339,11,10000,12,template_premium_crossover
339,12,40000,48,template_premium_crossover
339,13,40000,,template_premium_crossover
339,14,60000,,template_premium_crossover
339,15,80000,,template_premium_crossover
339,16,100000,,template_premium_crossover
339,19,80000,60,template_premium_crossover
339,20,60000,,template_premium_crossover
339,21,40000,48,template_premium_crossover
339,23,,36,template_premium_crossover
339,25,,12,template_premium_crossover
339,26,,12,template_premium_crossover
339,28,10000,12,template_premium_crossover
339,29,30000,,template_premium_crossover
339,30,15000,,template_premium_crossover
339,31,,6,template_premium_crossover
339,32,,24,template_premium_crossover
340,1,10000,12,template_premium_passenger
340,2,40000,48,template_premium_passenger
340,4,80000,48,template_premium_passenger
340,5,40000,24,template_premium_passenger
340,6,80000,60,template_premium_passenger
340,7,80000,60,template_premium_passenger
340,9,10000,12,template_premium_passenger
340,10,20000,24,template_premium_passenger
340,11,10000,12,template_premium_passenger
340,12,40000,48,template_premium_passenger
340,13,40000,,template_premium_passenger
340,14,60000,,template_premium_passenger
340,15,80000,,template_premium_passenger
340,16,100000,,template_premium_passenger
340,19,80000,60,template_premium_passenger
340,20,60000,,template_premium_passenger
340,21,40000,48,template_premium_passenger
340,23,,36,template_premium_passenger
340,25,,12,template_premium_passenger
340,26,,12,template_premium_passenger
340,28,10000,12,template_premium_passenger
340,29,40000,,template_premium_passenger
340,30,15000,,template_premium_passenger
340,31,,6,template_premium_passenger
340,32,,24,template_premium_passenger
341,1,10000,12,template_premium_passenger
341,2,40000,48,template_premium_passenger
341,4,80000,48,template_premium_passenger
341,5,40000,24,template_premium_passenger
341,6,80000,60,template_premium_passenger
341,7,80000,60,template_premium_passenger
341,9,10000,12,template_premium_passenger
341,10,20000,24,template_premium_passenger
341,11,10000,12,template_premium_passenger
341,12,40000,48,template_premium_passenger
341,13,40000,,template_premium_passenger
341,14,60000,,template_premium_passenger
341,15,80000,,template_premium_passenger
341,16,100000,,template_premium_passenger
341,19,80000,60,template_premium_passenger
341,20,60000,,template_premium_passenger
341,21,40000,48,template_premium_passenger
341,23,,36,template_premium_passenger
341,25,,12,template_premium_passenger
341,26,,12,template_premium_passenger
341,28,10000,12,template_premium_passenger
341,29,40000,,template_premium_passenger
341,30,15000,,template_premium_passenger
341,31,,6,template_premium_passenger
341,32,,24,template_premium_passenger
342,1,10000,12,template_premium_passenger
342,2,40000,48,template_premium_passenger
342,4,80000,48,template_premium_passenger
342,5,40000,24,template_premium_passenger
342,6,80000,60,template_premium_passenger
342,7,80000,60,template_premium_passenger
342,9,10000,12,template_premium_passenger
342,10,20000,24,template_premium_passenger
342,11,10000,12,template_premium_passenger
342,12,40000,48,template_premium_passenger
342,13,40000,,template_premium_passenger
342,14,60000,,template_premium_passenger
342,15,80000,,template_premium_passenger
342,16,100000,,template_premium_passenger
342,19,80000,60,template_premium_passenger
342,20,60000,,template_premium_passenger
342,21,40000,48,template_premium_passenger
342,23,,36,template_premium_passenger
342,25,,12,template_premium_passenger
342,26,,12,template_premium_passenger
342,28,10000,12,template_premium_passenger
342,29,40000,,template_premium_passenger
342,30,15000,,template_premium_passenger
342,31,,6,template_premium_passenger
342,32,,24,template_premium_passenger
343,2,40000,48,template_premium_crossover+ev_override
343,4,80000,48,template_premium_crossover+ev_override
343,5,40000,24,template_premium_crossover+ev_override
343,6,80000,60,template_premium_crossover+ev_override
343,7,60000,60,template_premium_crossover+ev_override
343,10,20000,24,template_premium_crossover+ev_override
343,11,10000,12,template_premium_crossover+ev_override
343,13,40000,,template_premium_crossover+ev_override
343,14,60000,,template_premium_crossover+ev_override
343,15,80000,,template_premium_crossover+ev_override
343,16,100000,,template_premium_crossover+ev_override
343,23,,36,template_premium_crossover+ev_override
343,25,,12,template_premium_crossover+ev_override
343,26,,12,template_premium_crossover+ev_override
343,28,10000,12,template_premium_crossover+ev_override
343,29,30000,,template_premium_crossover+ev_override
343,30,15000,,template_premium_crossover+ev_override
343,31,,6,template_premium_crossover+ev_override
343,32,,24,template_premium_crossover+ev_override
344,2,40000,48,template_premium_passenger+ev_override
344,4,80000,48,template_premium_passenger+ev_override
344,5,40000,24,template_premium_passenger+ev_override
344,6,80000,60,template_premium_passenger+ev_override
344,7,80000,60,template_premium_passenger+ev_override
344,10,20000,24,template_premium_passenger+ev_override
344,11,10000,12,template_premium_passenger+ev_override
344,13,40000,,template_premium_passenger+ev_override
344,14,60000,,template_premium_passenger+ev_override
344,15,80000,,template_premium_passenger+ev_override
344,16,100000,,template_premium_passenger+ev_override
344,23,,36,template_premium_passenger+ev_override
344,25,,12,template_premium_passenger+ev_override
344,26,,12,template_premium_passenger+ev_override
344,28,10000,12,template_premium_passenger+ev_override
344,29,40000,,template_premium_passenger+ev_override
344,30,15000,,template_premium_passenger+ev_override
344,31,,6,template_premium_passenger+ev_override
344,32,,24,template_premium_passenger+ev_override
345,1,10000,12,template_premium_passenger
345,2,40000,48,template_premium_passenger
345,4,80000,48,template_premium_passenger
345,5,40000,24,template_premium_passenger
345,6,80000,60,template_premium_passenger
345,7,80000,60,template_premium_passenger
345,9,10000,12,template_premium_passenger
345,10,20000,24,template_premium_passenger
345,11,10000,12,template_premium_passenger
345,12,40000,48,template_premium_passenger
345,13,40000,,template_premium_passenger
345,14,60000,,template_premium_passenger
345,15,80000,,template_premium_passenger
345,16,100000,,template_premium_passenger
345,19,80000,60,template_premium_passenger
345,20,60000,,template_premium_passenger
345,21,40000,48,template_premium_passenger
345,23,,36,template_premium_passenger
345,25,,12,template_premium_passenger
345,26,,12,template_premium_passenger
345,28,10000,12,template_premium_passenger
345,29,40000,,template_premium_passenger
345,30,15000,,template_premium_passenger
345,31,,6,template_premium_passenger
345,32,,24,template_premium_passenger
346,1,10000,12,template_premium_passenger
346,2,40000,48,template_premium_passenger
346,4,80000,48,template_premium_passenger
346,5,40000,24,template_premium_passenger
346,6,80000,60,template_premium_passenger
346,7,80000,60,template_premium_passenger
346,9,10000,12,template_premium_passenger
346,10,20000,24,template_premium_passenger
346,11,10000,12,template_premium_passenger
346,12,40000,48,template_premium_passenger
346,13,40000,,template_premium_passenger
346,14,60000,,template_premium_passenger
346,15,80000,,template_premium_passenger
346,16,100000,,template_premium_passenger
346,19,80000,60,template_premium_passenger
346,20,60000,,template_premium_passenger
346,21,40000,48,template_premium_passenger
346,23,,36,template_premium_passenger
346,25,,12,template_premium_passenger
346,26,,12,template_premium_passenger
346,28,10000,12,template_premium_passenger
346,29,40000,,template_premium_passenger
346,30,15000,,template_premium_passenger
346,31,,6,template_premium_passenger
346,32,,24,template_premium_passenger
347,1,10000,12,template_premium_passenger
347,2,40000,48,template_premium_passenger
347,4,80000,48,template_premium_passenger
347,5,40000,24,template_premium_passenger
347,6,80000,60,template_premium_passenger
347,7,80000,60,template_premium_passenger
347,9,10000,12,template_premium_passenger
347,10,20000,24,template_premium_passenger
347,11,10000,12,template_premium_passenger
347,12,40000,48,template_premium_passenger
347,13,40000,,template_premium_passenger
347,14,60000,,template_premium_passenger
347,15,80000,,template_premium_passenger
347,16,100000,,template_premium_passenger
347,19,80000,60,template_premium_passenger
347,20,60000,,template_premium_passenger
347,21,40000,48,template_premium_passenger
347,23,,36,template_premium_passenger
347,25,,12,template_premium_passenger
347,26,,12,template_premium_passenger
347,28,10000,12,template_premium_passenger
347,29,40000,,template_premium_passenger
347,30,15000,,template_premium_passenger
347,31,,6,template_premium_passenger
347,32,,24,template_premium_passenger
348,1,10000,12,template_premium_passenger
348,2,40000,48,template_premium_passenger
348,4,80000,48,template_premium_passenger
348,5,40000,24,template_premium_passenger
348,6,80000,60,template_premium_passenger
348,7,80000,60,template_premium_passenger
348,9,10000,12,template_premium_passenger
348,10,20000,24,template_premium_passenger
348,11,10000,12,template_premium_passenger
348,12,40000,48,template_premium_passenger
348,13,40000,,template_premium_passenger
348,14,60000,,template_premium_passenger
348,15,80000,,template_premium_passenger
348,16,100000,,template_premium_passenger
348,19,80000,60,template_premium_passenger
348,20,60000,,template_premium_passenger
348,21,40000,48,template_premium_passenger
348,23,,36,template_premium_passenger
348,25,,12,template_premium_passenger
348,26,,12,template_premium_passenger
348,28,10000,12,template_premium_passenger
348,29,40000,,template_premium_passenger
348,30,15000,,template_premium_passenger
348,31,,6,template_premium_passenger
348,32,,24,template_premium_passenger
349,1,10000,12,template_premium_passenger
349,2,40000,48,template_premium_passenger
349,4,80000,48,template_premium_passenger
349,5,40000,24,template_premium_passenger
349,6,80000,60,template_premium_passenger
349,7,80000,60,template_premium_passenger
349,9,10000,12,template_premium_passenger
349,10,20000,24,template_premium_passenger
349,11,10000,12,template_premium_passenger
349,12,40000,48,template_premium_passenger
349,13,40000,,template_premium_passenger
349,14,60000,,template_premium_passenger
349,15,80000,,template_premium_passenger
349,16,100000,,template_premium_passenger
349,19,80000,60,template_premium_passenger
349,20,60000,,template_premium_passenger
349,21,40000,48,template_premium_passenger
349,23,,36,template_premium_passenger
349,25,,12,template_premium_passenger
349,26,,12,template_premium_passenger
349,28,10000,12,template_premium_passenger
349,29,40000,,template_premium_passenger
349,30,15000,,template_premium_passenger
349,31,,6,template_premium_passenger
349,32,,24,template_premium_passenger
350,1,10000,12,template_premium_passenger
350,2,40000,48,template_premium_passenger
350,4,80000,48,template_premium_passenger
350,5,40000,24,template_premium_passenger
350,6,80000,60,template_premium_passenger
350,7,80000,60,template_premium_passenger
350,9,10000,12,template_premium_passenger
350,10,20000,24,template_premium_passenger
350,11,10000,12,template_premium_passenger
350,12,40000,48,template_premium_passenger
350,13,40000,,template_premium_passenger
350,14,60000,,template_premium_passenger
350,15,80000,,template_premium_passenger
350,16,100000,,template_premium_passenger
350,19,80000,60,template_premium_passenger
350,20,60000,,template_premium_passenger
350,21,40000,48,template_premium_passenger
350,23,,36,template_premium_passenger
350,25,,12,template_premium_passenger
350,26,,12,template_premium_passenger
350,28,10000,12,template_premium_passenger
350,29,40000,,template_premium_passenger
350,30,15000,,template_premium_passenger
350,31,,6,template_premium_passenger
350,32,,24,template_premium_passenger
351,1,10000,12,template_premium_passenger
351,2,40000,48,template_premium_passenger
351,4,80000,48,template_premium_passenger
351,5,40000,24,template_premium_passenger
351,6,80000,60,template_premium_passenger
351,7,80000,60,template_premium_passenger
351,9,10000,12,template_premium_passenger
351,10,20000,24,template_premium_passenger
351,11,10000,12,template_premium_passenger
351,12,40000,48,template_premium_passenger
351,13,40000,,template_premium_passenger
351,14,60000,,template_premium_passenger
351,15,80000,,template_premium_passenger
351,16,100000,,template_premium_passenger
351,19,80000,60,template_premium_passenger
351,20,60000,,template_premium_passenger
351,21,40000,48,template_premium_passenger
351,23,,36,template_premium_passenger
351,25,,12,template_premium_passenger
351,26,,12,template_premium_passenger
351,28,10000,12,template_premium_passenger
351,29,40000,,template_premium_passenger
351,30,15000,,template_premium_passenger
351,31,,6,template_premium_passenger
351,32,,24,template_premium_passenger
352,1,10000,12,template_premium_crossover
352,2,40000,48,template_premium_crossover
352,4,80000,48,template_premium_crossover
352,5,40000,24,template_premium_crossover
352,6,80000,60,template_premium_crossover
352,7,60000,60,template_premium_crossover
352,9,10000,12,template_premium_crossover
352,10,20000,24,template_premium_crossover
352,11,10000,12,template_premium_crossover
352,12,40000,48,template_premium_crossover
352,13,40000,,template_premium_crossover
352,14,60000,,template_premium_crossover
352,15,80000,,template_premium_crossover
352,16,100000,,template_premium_crossover
352,19,80000,60,template_premium_crossover
352,20,60000,,template_premium_crossover
352,21,40000,48,template_premium_crossover
352,23,,36,template_premium_crossover
352,25,,12,template_premium_crossover
352,26,,12,template_premium_crossover
352,28,10000,12,template_premium_crossover
352,29,30000,,template_premium_crossover
352,30,15000,,template_premium_crossover
352,31,,6,template_premium_crossover
352,32,,24,template_premium_crossover
353,1,10000,12,template_premium_crossover
353,2,40000,48,template_premium_crossover
353,4,80000,48,template_premium_crossover
353,5,40000,24,template_premium_crossover
353,6,80000,60,template_premium_crossover
353,7,60000,60,template_premium_crossover
353,9,10000,12,template_premium_crossover
353,10,20000,24,template_premium_crossover
353,11,10000,12,template_premium_crossover
353,12,40000,48,template_premium_crossover
353,13,40000,,template_premium_crossover
353,14,60000,,template_premium_crossover
353,15,80000,,template_premium_crossover
353,16,100000,,template_premium_crossover
353,19,80000,60,template_premium_crossover
353,20,60000,,template_premium_crossover
353,21,40000,48,template_premium_crossover
353,23,,36,template_premium_crossover
353,25,,12,template_premium_crossover
353,26,,12,template_premium_crossover
353,28,10000,12,template_premium_crossover
353,29,30000,,template_premium_crossover
353,30,15000,,template_premium_crossover
353,31,,6,template_premium_crossover
353,32,,24,template_premium_crossover
354,1,10000,12,template_premium_crossover
354,2,40000,48,template_premium_crossover
354,4,80000,48,template_premium_crossover
354,5,40000,24,template_premium_crossover
354,6,80000,60,template_premium_crossover
354,7,60000,60,template_premium_crossover
354,9,10000,12,template_premium_crossover
354,10,20000,24,template_premium_crossover
354,11,10000,12,template_premium_crossover
354,12,40000,48,template_premium_crossover
354,13,40000,,template_premium_crossover
354,14,60000,,template_premium_crossover
354,15,80000,,template_premium_crossover
354,16,100000,,template_premium_crossover
354,19,80000,60,template_premium_crossover
354,20,60000,,template_premium_crossover
354,21,40000,48,template_premium_crossover
354,23,,36,template_premium_crossover
354,25,,12,template_premium_crossover
354,26,,12,template_premium_crossover
354,28,10000,12,template_premium_crossover
354,29,30000,,template_premium_crossover
354,30,15000,,template_premium_crossover
354,31,,6,template_premium_crossover
354,32,,24,template_premium_crossover
355,1,10000,12,template_premium_crossover
355,2,40000,48,template_premium_crossover
355,4,80000,48,template_premium_crossover
355,5,40000,24,template_premium_crossover
355,6,80000,60,template_premium_crossover
355,7,60000,60,template_premium_crossover
355,9,10000,12,template_premium_crossover
355,10,20000,24,template_premium_crossover
355,11,10000,12,template_premium_crossover
355,12,40000,48,template_premium_crossover
355,13,40000,,template_premium_crossover
355,14,60000,,template_premium_crossover
355,15,80000,,template_premium_crossover
355,16,100000,,template_premium_crossover
355,19,80000,60,template_premium_crossover
355,20,60000,,template_premium_crossover
355,21,40000,48,template_premium_crossover
355,23,,36,template_premium_crossover
355,25,,12,template_premium_crossover
355,26,,12,template_premium_crossover
355,28,10000,12,template_premium_crossover
355,29,30000,,template_premium_crossover
355,30,15000,,template_premium_crossover
355,31,,6,template_premium_crossover
355,32,,24,template_premium_crossover
356,1,10000,12,template_premium_crossover
356,2,40000,48,template_premium_crossover
356,4,80000,48,template_premium_crossover
356,5,40000,24,template_premium_crossover
356,6,80000,60,template_premium_crossover
356,7,60000,60,template_premium_crossover
356,9,10000,12,template_premium_crossover
356,10,20000,24,template_premium_crossover
356,11,10000,12,template_premium_crossover
356,12,40000,48,template_premium_crossover
356,13,40000,,template_premium_crossover
356,14,60000,,template_premium_crossover
356,15,80000,,template_premium_crossover
356,16,100000,,template_premium_crossover
356,19,80000,60,template_premium_crossover
356,20,60000,,template_premium_crossover
356,21,40000,48,template_premium_crossover
356,23,,36,template_premium_crossover
356,25,,12,template_premium_crossover
356,26,,12,template_premium_crossover
356,28,10000,12,template_premium_crossover
356,29,30000,,template_premium_crossover
356,30,15000,,template_premium_crossover
356,31,,6,template_premium_crossover
356,32,,24,template_premium_crossover
357,1,10000,12,template_suv_premium
357,2,40000,48,template_suv_premium
357,4,80000,48,template_suv_premium
357,5,40000,24,template_suv_premium
357,6,80000,60,template_suv_premium
357,7,60000,60,template_suv_premium
357,9,10000,12,template_suv_premium
357,10,20000,24,template_suv_premium
357,11,10000,12,template_suv_premium
357,12,40000,48,template_suv_premium
357,13,40000,,template_suv_premium
357,14,60000,,template_suv_premium
357,15,80000,,template_suv_premium
357,16,100000,,template_suv_premium
357,19,80000,60,template_suv_premium
357,20,60000,,template_suv_premium
357,21,40000,48,template_suv_premium
357,23,,36,template_suv_premium
357,25,,12,template_suv_premium
357,26,,12,template_suv_premium
357,28,10000,12,template_suv_premium
357,29,30000,,template_suv_premium
357,30,15000,,template_suv_premium
357,31,,6,template_suv_premium
357,32,,24,template_suv_premium
358,1,10000,12,template_premium_crossover
358,2,40000,48,template_premium_crossover
358,4,80000,48,template_premium_crossover
358,5,40000,24,template_premium_crossover
358,6,80000,60,template_premium_crossover
358,7,60000,60,template_premium_crossover
358,9,10000,12,template_premium_crossover
358,10,20000,24,template_premium_crossover
358,11,10000,12,template_premium_crossover
358,12,40000,48,template_premium_crossover
358,13,40000,,template_premium_crossover
358,14,60000,,template_premium_crossover
358,15,80000,,template_premium_crossover
358,16,100000,,template_premium_crossover
358,19,80000,60,template_premium_crossover
358,20,60000,,template_premium_crossover
358,21,40000,48,template_premium_crossover
358,23,,36,template_premium_crossover
358,25,,12,template_premium_crossover
358,26,,12,template_premium_crossover
358,28,10000,12,template_premium_crossover
358,29,30000,,template_premium_crossover
358,30,15000,,template_premium_crossover
358,31,,6,template_premium_crossover
358,32,,24,template_premium_crossover
359,2,40000,48,template_premium_passenger+ev_override
359,4,80000,48,template_premium_passenger+ev_override
359,5,40000,24,template_premium_passenger+ev_override
359,6,80000,60,template_premium_passenger+ev_override
359,7,80000,60,template_premium_passenger+ev_override
359,10,20000,24,template_premium_passenger+ev_override
359,11,10000,12,template_premium_passenger+ev_override
359,13,40000,,template_premium_passenger+ev_override
359,14,60000,,template_premium_passenger+ev_override
359,15,80000,,template_premium_passenger+ev_override
359,16,100000,,template_premium_passenger+ev_override
359,23,,36,template_premium_passenger+ev_override
359,25,,12,template_premium_passenger+ev_override
359,26,,12,template_premium_passenger+ev_override
359,28,10000,12,template_premium_passenger+ev_override
359,29,40000,,template_premium_passenger+ev_override
359,30,15000,,template_premium_passenger+ev_override
359,31,,6,template_premium_passenger+ev_override
359,32,,24,template_premium_passenger+ev_override
360,1,10000,12,template_premium_passenger
360,2,40000,48,template_premium_passenger
360,4,80000,48,template_premium_passenger
360,5,40000,24,template_premium_passenger
360,6,80000,60,template_premium_passenger
360,7,80000,60,template_premium_passenger
360,9,10000,12,template_premium_passenger
360,10,20000,24,template_premium_passenger
360,11,10000,12,template_premium_passenger
360,12,40000,48,template_premium_passenger
360,13,40000,,template_premium_passenger
360,14,60000,,template_premium_passenger
360,15,80000,,template_premium_passenger
360,16,100000,,template_premium_passenger
360,19,80000,60,template_premium_passenger
360,20,60000,,template_premium_passenger
360,21,40000,48,template_premium_passenger
360,23,,36,template_premium_passenger
360,25,,12,template_premium_passenger
360,26,,12,template_premium_passenger
360,28,10000,12,template_premium_passenger
360,29,40000,,template_premium_passenger
360,30,15000,,template_premium_passenger
360,31,,6,template_premium_passenger
360,32,,24,template_premium_passenger
361,1,10000,12,template_premium_passenger
361,2,40000,48,template_premium_passenger
361,4,80000,48,template_premium_passenger
361,5,40000,24,template_premium_passenger
361,6,80000,60,template_premium_passenger
361,7,80000,60,template_premium_passenger
361,9,10000,12,template_premium_passenger
361,10,20000,24,template_premium_passenger
361,11,10000,12,template_premium_passenger
361,12,40000,48,template_premium_passenger
361,13,40000,,template_premium_passenger
361,14,60000,,template_premium_passenger
361,15,80000,,template_premium_passenger
361,16,100000,,template_premium_passenger
361,19,80000,60,template_premium_passenger
361,20,60000,,template_premium_passenger
361,21,40000,48,template_premium_passenger
361,23,,36,template_premium_passenger
361,25,,12,template_premium_passenger
361,26,,12,template_premium_passenger
361,28,10000,12,template_premium_passenger
361,29,40000,,template_premium_passenger
361,30,15000,,template_premium_passenger
361,31,,6,template_premium_passenger
361,32,,24,template_premium_passenger
362,1,10000,12,template_premium_passenger
362,2,40000,48,template_premium_passenger
362,4,80000,48,template_premium_passenger
362,5,40000,24,template_premium_passenger
362,6,80000,60,template_premium_passenger
362,7,80000,60,template_premium_passenger
362,9,10000,12,template_premium_passenger
362,10,20000,24,template_premium_passenger
362,11,10000,12,template_premium_passenger
362,12,40000,48,template_premium_passenger
362,13,40000,,template_premium_passenger
362,14,60000,,template_premium_passenger
362,15,80000,,template_premium_passenger
362,16,100000,,template_premium_passenger
362,19,80000,60,template_premium_passenger
362,20,60000,,template_premium_passenger
362,21,40000,48,template_premium_passenger
362,23,,36,template_premium_passenger
362,25,,12,template_premium_passenger
362,26,,12,template_premium_passenger
362,28,10000,12,template_premium_passenger
362,29,40000,,template_premium_passenger
362,30,15000,,template_premium_passenger
362,31,,6,template_premium_passenger
362,32,,24,template_premium_passenger
363,1,10000,12,template_premium_passenger
363,2,40000,48,template_premium_passenger
363,4,80000,48,template_premium_passenger
363,5,40000,24,template_premium_passenger
363,6,80000,60,template_premium_passenger
363,7,80000,60,template_premium_passenger
363,9,10000,12,template_premium_passenger
363,10,20000,24,template_premium_passenger
363,11,10000,12,template_premium_passenger
363,12,40000,48,template_premium_passenger
363,13,40000,,template_premium_passenger
363,14,60000,,template_premium_passenger
363,15,80000,,template_premium_passenger
363,16,100000,,template_premium_passenger
363,19,80000,60,template_premium_passenger
363,20,60000,,template_premium_passenger
363,21,40000,48,template_premium_passenger
363,23,,36,template_premium_passenger
363,25,,12,template_premium_passenger
363,26,,12,template_premium_passenger
363,28,10000,12,template_premium_passenger
363,29,40000,,template_premium_passenger
363,30,15000,,template_premium_passenger
363,31,,6,template_premium_passenger
363,32,,24,template_premium_passenger
364,1,10000,12,template_premium_passenger
364,2,40000,48,template_premium_passenger
364,4,80000,48,template_premium_passenger
364,5,40000,24,template_premium_passenger
364,6,80000,60,template_premium_passenger
364,7,80000,60,template_premium_passenger
364,9,10000,12,template_premium_passenger
364,10,20000,24,template_premium_passenger
364,11,10000,12,template_premium_passenger
364,12,40000,48,template_premium_passenger
364,13,40000,,template_premium_passenger
364,14,60000,,template_premium_passenger
364,15,80000,,template_premium_passenger
364,16,100000,,template_premium_passenger
364,19,80000,60,template_premium_passenger
364,20,60000,,template_premium_passenger
364,21,40000,48,template_premium_passenger
364,23,,36,template_premium_passenger
364,25,,12,template_premium_passenger
364,26,,12,template_premium_passenger
364,28,10000,12,template_premium_passenger
364,29,40000,,template_premium_passenger
364,30,15000,,template_premium_passenger
364,31,,6,template_premium_passenger
364,32,,24,template_premium_passenger
365,1,10000,12,template_premium_passenger
365,2,40000,48,template_premium_passenger
365,4,80000,48,template_premium_passenger
365,5,40000,24,template_premium_passenger
365,6,80000,60,template_premium_passenger
365,7,80000,60,template_premium_passenger
365,9,10000,12,template_premium_passenger
365,10,20000,24,template_premium_passenger
365,11,10000,12,template_premium_passenger
365,12,40000,48,template_premium_passenger
365,13,40000,,template_premium_passenger
365,14,60000,,template_premium_passenger
365,15,80000,,template_premium_passenger
365,16,100000,,template_premium_passenger
365,19,80000,60,template_premium_passenger
365,20,60000,,template_premium_passenger
365,21,40000,48,template_premium_passenger
365,23,,36,template_premium_passenger
365,25,,12,template_premium_passenger
365,26,,12,template_premium_passenger
365,28,10000,12,template_premium_passenger
365,29,40000,,template_premium_passenger
365,30,15000,,template_premium_passenger
365,31,,6,template_premium_passenger
365,32,,24,template_premium_passenger
366,1,10000,12,template_premium_passenger
366,2,40000,48,template_premium_passenger
366,4,80000,48,template_premium_passenger
366,5,40000,24,template_premium_passenger
366,6,80000,60,template_premium_passenger
366,7,80000,60,template_premium_passenger
366,9,10000,12,template_premium_passenger
366,10,20000,24,template_premium_passenger
366,11,10000,12,template_premium_passenger
366,12,40000,48,template_premium_passenger
366,13,40000,,template_premium_passenger
366,14,60000,,template_premium_passenger
366,15,80000,,template_premium_passenger
366,16,100000,,template_premium_passenger
366,19,80000,60,template_premium_passenger
366,20,60000,,template_premium_passenger
366,21,40000,48,template_premium_passenger
366,23,,36,template_premium_passenger
366,25,,12,template_premium_passenger
366,26,,12,template_premium_passenger
366,28,10000,12,template_premium_passenger
366,29,40000,,template_premium_passenger
366,30,15000,,template_premium_passenger
366,31,,6,template_premium_passenger
366,32,,24,template_premium_passenger
367,1,10000,12,template_premium_passenger
367,2,40000,48,template_premium_passenger
367,4,80000,48,template_premium_passenger
367,5,40000,24,template_premium_passenger
367,6,80000,60,template_premium_passenger
367,7,80000,60,template_premium_passenger
367,9,10000,12,template_premium_passenger
367,10,20000,24,template_premium_passenger
367,11,10000,12,template_premium_passenger
367,12,40000,48,template_premium_passenger
367,13,40000,,template_premium_passenger
367,14,60000,,template_premium_passenger
367,15,80000,,template_premium_passenger
367,16,100000,,template_premium_passenger
367,19,80000,60,template_premium_passenger
367,20,60000,,template_premium_passenger
367,21,40000,48,template_premium_passenger
367,23,,36,template_premium_passenger
367,25,,12,template_premium_passenger
367,26,,12,template_premium_passenger
367,28,10000,12,template_premium_passenger
367,29,40000,,template_premium_passenger
367,30,15000,,template_premium_passenger
367,31,,6,template_premium_passenger
367,32,,24,template_premium_passenger
368,1,10000,12,template_premium_crossover
368,2,40000,48,template_premium_crossover
368,4,80000,48,template_premium_crossover
368,5,40000,24,template_premium_crossover
368,6,80000,60,template_premium_crossover
368,7,60000,60,template_premium_crossover
368,9,10000,12,template_premium_crossover
368,10,20000,24,template_premium_crossover
368,11,10000,12,template_premium_crossover
368,12,40000,48,template_premium_crossover
368,13,40000,,template_premium_crossover
368,14,60000,,template_premium_crossover
368,15,80000,,template_premium_crossover
368,16,100000,,template_premium_crossover
368,19,80000,60,template_premium_crossover
368,20,60000,,template_premium_crossover
368,21,40000,48,template_premium_crossover
368,23,,36,template_premium_crossover
368,25,,12,template_premium_crossover
368,26,,12,template_premium_crossover
368,28,10000,12,template_premium_crossover
368,29,30000,,template_premium_crossover
368,30,15000,,template_premium_crossover
368,31,,6,template_premium_crossover
368,32,,24,template_premium_crossover
369,1,10000,12,template_premium_crossover
369,2,40000,48,template_premium_crossover
369,4,80000,48,template_premium_crossover
369,5,40000,24,template_premium_crossover
369,6,80000,60,template_premium_crossover
369,7,60000,60,template_premium_crossover
369,9,10000,12,template_premium_crossover
369,10,20000,24,template_premium_crossover
369,11,10000,12,template_premium_crossover
369,12,40000,48,template_premium_crossover
369,13,40000,,template_premium_crossover
369,14,60000,,template_premium_crossover
369,15,80000,,template_premium_crossover
369,16,100000,,template_premium_crossover
369,19,80000,60,template_premium_crossover
369,20,60000,,template_premium_crossover
369,21,40000,48,template_premium_crossover
369,23,,36,template_premium_crossover
369,25,,12,template_premium_crossover
369,26,,12,template_premium_crossover
369,28,10000,12,template_premium_crossover
369,29,30000,,template_premium_crossover
369,30,15000,,template_premium_crossover
369,31,,6,template_premium_crossover
369,32,,24,template_premium_crossover
370,1,10000,12,template_premium_crossover
370,2,40000,48,template_premium_crossover
370,4,80000,48,template_premium_crossover
370,5,40000,24,template_premium_crossover
370,6,80000,60,template_premium_crossover
370,7,60000,60,template_premium_crossover
370,9,10000,12,template_premium_crossover
370,10,20000,24,template_premium_crossover
370,11,10000,12,template_premium_crossover
370,12,40000,48,template_premium_crossover
370,13,40000,,template_premium_crossover
370,14,60000,,template_premium_crossover
370,15,80000,,template_premium_crossover
370,16,100000,,template_premium_crossover
370,19,80000,60,template_premium_crossover
370,20,60000,,template_premium_crossover
370,21,40000,48,template_premium_crossover
370,23,,36,template_premium_crossover
370,25,,12,template_premium_crossover
370,26,,12,template_premium_crossover
370,28,10000,12,template_premium_crossover
370,29,30000,,template_premium_crossover
370,30,15000,,template_premium_crossover
370,31,,6,template_premium_crossover
370,32,,24,template_premium_crossover
371,1,10000,12,template_premium_crossover
371,2,40000,48,template_premium_crossover
371,4,80000,48,template_premium_crossover
371,5,40000,24,template_premium_crossover
371,6,80000,60,template_premium_crossover
371,7,60000,60,template_premium_crossover
371,9,10000,12,template_premium_crossover
371,10,20000,24,template_premium_crossover
371,11,10000,12,template_premium_crossover
371,12,40000,48,template_premium_crossover
371,13,40000,,template_premium_crossover
371,14,60000,,template_premium_crossover
371,15,80000,,template_premium_crossover
371,16,100000,,template_premium_crossover
371,19,80000,60,template_premium_crossover
371,20,60000,,template_premium_crossover
371,21,40000,48,template_premium_crossover
371,23,,36,template_premium_crossover
371,25,,12,template_premium_crossover
371,26,,12,template_premium_crossover
371,28,10000,12,template_premium_crossover
371,29,30000,,template_premium_crossover
371,30,15000,,template_premium_crossover
371,31,,6,template_premium_crossover
371,32,,24,template_premium_crossover
372,2,40000,48,template_premium_crossover+ev_override
372,4,80000,48,template_premium_crossover+ev_override
372,5,40000,24,template_premium_crossover+ev_override
372,6,80000,60,template_premium_crossover+ev_override
372,7,60000,60,template_premium_crossover+ev_override
372,10,20000,24,template_premium_crossover+ev_override
372,11,10000,12,template_premium_crossover+ev_override
372,13,40000,,template_premium_crossover+ev_override
372,14,60000,,template_premium_crossover+ev_override
372,15,80000,,template_premium_crossover+ev_override
372,16,100000,,template_premium_crossover+ev_override
372,23,,36,template_premium_crossover+ev_override
372,25,,12,template_premium_crossover+ev_override
372,26,,12,template_premium_crossover+ev_override
372,28,10000,12,template_premium_crossover+ev_override
372,29,30000,,template_premium_crossover+ev_override
372,30,15000,,template_premium_crossover+ev_override
372,31,,6,template_premium_crossover+ev_override
372,32,,24,template_premium_crossover+ev_override
373,1,10000,12,template_premium_passenger
373,2,40000,48,template_premium_passenger
373,4,80000,48,template_premium_passenger
373,5,40000,24,template_premium_passenger
373,6,80000,60,template_premium_passenger
373,7,80000,60,template_premium_passenger
373,9,10000,12,template_premium_passenger
373,10,20000,24,template_premium_passenger
373,11,10000,12,template_premium_passenger
373,12,40000,48,template_premium_passenger
373,13,40000,,template_premium_passenger
373,14,60000,,template_premium_passenger
373,15,80000,,template_premium_passenger
373,16,100000,,template_premium_passenger
373,19,80000,60,template_premium_passenger
373,20,60000,,template_premium_passenger
373,21,40000,48,template_premium_passenger
373,23,,36,template_premium_passenger
373,25,,12,template_premium_passenger
373,26,,12,template_premium_passenger
373,28,10000,12,template_premium_passenger
373,29,40000,,template_premium_passenger
373,30,15000,,template_premium_passenger
373,31,,6,template_premium_passenger
373,32,,24,template_premium_passenger
374,1,10000,12,template_premium_passenger
374,2,40000,48,template_premium_passenger
374,4,80000,48,template_premium_passenger
374,5,40000,24,template_premium_passenger
374,6,80000,60,template_premium_passenger
374,7,80000,60,template_premium_passenger
374,9,10000,12,template_premium_passenger
374,10,20000,24,template_premium_passenger
374,11,10000,12,template_premium_passenger
374,12,40000,48,template_premium_passenger
374,13,40000,,template_premium_passenger
374,14,60000,,template_premium_passenger
374,15,80000,,template_premium_passenger
374,16,100000,,template_premium_passenger
374,19,80000,60,template_premium_passenger
374,20,60000,,template_premium_passenger
374,21,40000,48,template_premium_passenger
374,23,,36,template_premium_passenger
374,25,,12,template_premium_passenger
374,26,,12,template_premium_passenger
374,28,10000,12,template_premium_passenger
374,29,40000,,template_premium_passenger
374,30,15000,,template_premium_passenger
374,31,,6,template_premium_passenger
374,32,,24,template_premium_passenger
375,1,10000,12,template_premium_passenger
375,2,40000,48,template_premium_passenger
375,4,80000,48,template_premium_passenger
375,5,40000,24,template_premium_passenger
375,6,80000,60,template_premium_passenger
375,7,80000,60,template_premium_passenger
375,9,10000,12,template_premium_passenger
375,10,20000,24,template_premium_passenger
375,11,10000,12,template_premium_passenger
375,12,40000,48,template_premium_passenger
375,13,40000,,template_premium_passenger
375,14,60000,,template_premium_passenger
375,15,80000,,template_premium_passenger
375,16,100000,,template_premium_passenger
375,19,80000,60,template_premium_passenger
375,20,60000,,template_premium_passenger
375,21,40000,48,template_premium_passenger
375,23,,36,template_premium_passenger
375,25,,12,template_premium_passenger
375,26,,12,template_premium_passenger
375,28,10000,12,template_premium_passenger
375,29,40000,,template_premium_passenger
375,30,15000,,template_premium_passenger
375,31,,6,template_premium_passenger
375,32,,24,template_premium_passenger
376,1,10000,12,template_premium_passenger
376,2,40000,48,template_premium_passenger
376,4,80000,48,template_premium_passenger
376,5,40000,24,template_premium_passenger
376,6,80000,60,template_premium_passenger
376,7,80000,60,template_premium_passenger
376,9,10000,12,template_premium_passenger
376,10,20000,24,template_premium_passenger
376,11,10000,12,template_premium_passenger
376,12,40000,48,template_premium_passenger
376,13,40000,,template_premium_passenger
376,14,60000,,template_premium_passenger
376,15,80000,,template_premium_passenger
376,16,100000,,template_premium_passenger
376,19,80000,60,template_premium_passenger
376,20,60000,,template_premium_passenger
376,21,40000,48,template_premium_passenger
376,23,,36,template_premium_passenger
376,25,,12,template_premium_passenger
376,26,,12,template_premium_passenger
376,28,10000,12,template_premium_passenger
376,29,40000,,template_premium_passenger
376,30,15000,,template_premium_passenger
376,31,,6,template_premium_passenger
376,32,,24,template_premium_passenger
377,1,10000,12,template_premium_crossover
377,2,40000,48,template_premium_crossover
377,4,80000,48,template_premium_crossover
377,5,40000,24,template_premium_crossover
377,6,80000,60,template_premium_crossover
377,7,60000,60,template_premium_crossover
377,9,10000,12,template_premium_crossover
377,10,20000,24,template_premium_crossover
377,11,10000,12,template_premium_crossover
377,12,40000,48,template_premium_crossover
377,13,40000,,template_premium_crossover
377,14,60000,,template_premium_crossover
377,15,80000,,template_premium_crossover
377,16,100000,,template_premium_crossover
377,19,80000,60,template_premium_crossover
377,20,60000,,template_premium_crossover
377,21,40000,48,template_premium_crossover
377,23,,36,template_premium_crossover
377,25,,12,template_premium_crossover
377,26,,12,template_premium_crossover
377,28,10000,12,template_premium_crossover
377,29,30000,,template_premium_crossover
377,30,15000,,template_premium_crossover
377,31,,6,template_premium_crossover
377,32,,24,template_premium_crossover
378,1,10000,12,template_premium_crossover
378,2,40000,48,template_premium_crossover
378,4,80000,48,template_premium_crossover
378,5,40000,24,template_premium_crossover
378,6,80000,60,template_premium_crossover
378,7,60000,60,template_premium_crossover
378,9,10000,12,template_premium_crossover
378,10,20000,24,template_premium_crossover
378,11,10000,12,template_premium_crossover
378,12,40000,48,template_premium_crossover
378,13,40000,,template_premium_crossover
378,14,60000,,template_premium_crossover
378,15,80000,,template_premium_crossover
378,16,100000,,template_premium_crossover
378,19,80000,60,template_premium_crossover
378,20,60000,,template_premium_crossover
378,21,40000,48,template_premium_crossover
378,23,,36,template_premium_crossover
378,25,,12,template_premium_crossover
378,26,,12,template_premium_crossover
378,28,10000,12,template_premium_crossover
378,29,30000,,template_premium_crossover
378,30,15000,,template_premium_crossover
378,31,,6,template_premium_crossover
378,32,,24,template_premium_crossover
379,1,10000,12,template_premium_passenger
379,2,40000,48,template_premium_passenger
379,4,80000,48,template_premium_passenger
379,5,40000,24,template_premium_passenger
379,6,80000,60,template_premium_passenger
379,7,80000,60,template_premium_passenger
379,9,10000,12,template_premium_passenger
379,10,20000,24,template_premium_passenger
379,11,10000,12,template_premium_passenger
379,12,40000,48,template_premium_passenger
379,13,40000,,template_premium_passenger
379,14,60000,,template_premium_passenger
379,15,80000,,template_premium_passenger
379,16,100000,,template_premium_passenger
379,19,80000,60,template_premium_passenger
379,20,60000,,template_premium_passenger
379,21,40000,48,template_premium_passenger
379,23,,36,template_premium_passenger
379,25,,12,template_premium_passenger
379,26,,12,template_premium_passenger
379,28,10000,12,template_premium_passenger
379,29,40000,,template_premium_passenger
379,30,15000,,template_premium_passenger
379,31,,6,template_premium_passenger
379,32,,24,template_premium_passenger
380,2,40000,48,template_premium_passenger+ev_override
380,4,80000,48,template_premium_passenger+ev_override
380,5,40000,24,template_premium_passenger+ev_override
380,6,80000,60,template_premium_passenger+ev_override
380,7,80000,60,template_premium_passenger+ev_override
380,10,20000,24,template_premium_passenger+ev_override
380,11,10000,12,template_premium_passenger+ev_override
380,13,40000,,template_premium_passenger+ev_override
380,14,60000,,template_premium_passenger+ev_override
380,15,80000,,template_premium_passenger+ev_override
380,16,100000,,template_premium_passenger+ev_override
380,23,,36,template_premium_passenger+ev_override
380,25,,12,template_premium_passenger+ev_override
380,26,,12,template_premium_passenger+ev_override
380,28,10000,12,template_premium_passenger+ev_override
380,29,40000,,template_premium_passenger+ev_override
380,30,15000,,template_premium_passenger+ev_override
380,31,,6,template_premium_passenger+ev_override
380,32,,24,template_premium_passenger+ev_override
381,1,10000,12,template_premium_passenger
381,2,40000,48,template_premium_passenger
381,4,80000,48,template_premium_passenger
381,5,40000,24,template_premium_passenger
381,6,80000,60,template_premium_passenger
381,7,80000,60,template_premium_passenger
381,9,10000,12,template_premium_passenger
381,10,20000,24,template_premium_passenger
381,11,10000,12,template_premium_passenger
381,12,40000,48,template_premium_passenger
381,13,40000,,template_premium_passenger
381,14,60000,,template_premium_passenger
381,15,80000,,template_premium_passenger
381,16,100000,,template_premium_passenger
381,19,80000,60,template_premium_passenger
381,20,60000,,template_premium_passenger
381,21,40000,48,template_premium_passenger
381,23,,36,template_premium_passenger
381,25,,12,template_premium_passenger
381,26,,12,template_premium_passenger
381,28,10000,12,template_premium_passenger
381,29,40000,,template_premium_passenger
381,30,15000,,template_premium_passenger
381,31,,6,template_premium_passenger
381,32,,24,template_premium_passenger
382,1,10000,12,template_premium_passenger
382,2,40000,48,template_premium_passenger
382,4,80000,48,template_premium_passenger
382,5,40000,24,template_premium_passenger
382,6,80000,60,template_premium_passenger
382,7,80000,60,template_premium_passenger
382,9,10000,12,template_premium_passenger
382,10,20000,24,template_premium_passenger
382,11,10000,12,template_premium_passenger
382,12,40000,48,template_premium_passenger
382,13,40000,,template_premium_passenger
382,14,60000,,template_premium_passenger
382,15,80000,,template_premium_passenger
382,16,100000,,template_premium_passenger
382,19,80000,60,template_premium_passenger
382,20,60000,,template_premium_passenger
382,21,40000,48,template_premium_passenger
382,23,,36,template_premium_passenger
382,25,,12,template_premium_passenger
382,26,,12,template_premium_passenger
382,28,10000,12,template_premium_passenger
382,29,40000,,template_premium_passenger
382,30,15000,,template_premium_passenger
382,31,,6,template_premium_passenger
382,32,,24,template_premium_passenger
383,1,10000,12,template_premium_passenger
383,2,40000,48,template_premium_passenger
383,4,80000,48,template_premium_passenger
383,5,40000,24,template_premium_passenger
383,6,80000,60,template_premium_passenger
383,7,80000,60,template_premium_passenger
383,9,10000,12,template_premium_passenger
383,10,20000,24,template_premium_passenger
383,11,10000,12,template_premium_passenger
383,12,40000,48,template_premium_passenger
383,13,40000,,template_premium_passenger
383,14,60000,,template_premium_passenger
383,15,80000,,template_premium_passenger
383,16,100000,,template_premium_passenger
383,19,80000,60,template_premium_passenger
383,20,60000,,template_premium_passenger
383,21,40000,48,template_premium_passenger
383,23,,36,template_premium_passenger
383,25,,12,template_premium_passenger
383,26,,12,template_premium_passenger
383,28,10000,12,template_premium_passenger
383,29,40000,,template_premium_passenger
383,30,15000,,template_premium_passenger
383,31,,6,template_premium_passenger
383,32,,24,template_premium_passenger
384,1,10000,12,template_premium_crossover
384,2,40000,48,template_premium_crossover
384,4,80000,48,template_premium_crossover
384,5,40000,24,template_premium_crossover
384,6,80000,60,template_premium_crossover
384,7,60000,60,template_premium_crossover
384,9,10000,12,template_premium_crossover
384,10,20000,24,template_premium_crossover
384,11,10000,12,template_premium_crossover
384,12,40000,48,template_premium_crossover
384,13,40000,,template_premium_crossover
384,14,60000,,template_premium_crossover
384,15,80000,,template_premium_crossover
384,16,100000,,template_premium_crossover
384,19,80000,60,template_premium_crossover
384,20,60000,,template_premium_crossover
384,21,40000,48,template_premium_crossover
384,23,,36,template_premium_crossover
384,25,,12,template_premium_crossover
384,26,,12,template_premium_crossover
384,28,10000,12,template_premium_crossover
384,29,30000,,template_premium_crossover
384,30,15000,,template_premium_crossover
384,31,,6,template_premium_crossover
384,32,,24,template_premium_crossover
385,1,10000,12,template_premium_crossover
385,2,40000,48,template_premium_crossover
385,4,80000,48,template_premium_crossover
385,5,40000,24,template_premium_crossover
385,6,80000,60,template_premium_crossover
385,7,60000,60,template_premium_crossover
385,9,10000,12,template_premium_crossover
385,10,20000,24,template_premium_crossover
385,11,10000,12,template_premium_crossover
385,12,40000,48,template_premium_crossover
385,13,40000,,template_premium_crossover
385,14,60000,,template_premium_crossover
385,15,80000,,template_premium_crossover
385,16,100000,,template_premium_crossover
385,19,80000,60,template_premium_crossover
385,20,60000,,template_premium_crossover
385,21,40000,48,template_premium_crossover
385,23,,36,template_premium_crossover
385,25,,12,template_premium_crossover
385,26,,12,template_premium_crossover
385,28,10000,12,template_premium_crossover
385,29,30000,,template_premium_crossover
385,30,15000,,template_premium_crossover
385,31,,6,template_premium_crossover
385,32,,24,template_premium_crossover
386,1,10000,12,template_suv_premium
386,2,40000,48,template_suv_premium
386,4,80000,48,template_suv_premium
386,5,40000,24,template_suv_premium
386,6,80000,60,template_suv_premium
386,7,60000,60,template_suv_premium
386,9,10000,12,template_suv_premium
386,10,20000,24,template_suv_premium
386,11,10000,12,template_suv_premium
386,12,40000,48,template_suv_premium
386,13,40000,,template_suv_premium
386,14,60000,,template_suv_premium
386,15,80000,,template_suv_premium
386,16,100000,,template_suv_premium
386,19,80000,60,template_suv_premium
386,20,60000,,template_suv_premium
386,21,40000,48,template_suv_premium
386,23,,36,template_suv_premium
386,25,,12,template_suv_premium
386,26,,12,template_suv_premium
386,28,10000,12,template_suv_premium
386,29,30000,,template_suv_premium
386,30,15000,,template_suv_premium
386,31,,6,template_suv_premium
386,32,,24,template_suv_premium
387,1,10000,12,template_suv_premium
387,2,40000,48,template_suv_premium
387,4,80000,48,template_suv_premium
387,5,40000,24,template_suv_premium
387,6,80000,60,template_suv_premium
387,7,60000,60,template_suv_premium
387,9,10000,12,template_suv_premium
387,10,20000,24,template_suv_premium
387,11,10000,12,template_suv_premium
387,12,40000,48,template_suv_premium
387,13,40000,,template_suv_premium
387,14,60000,,template_suv_premium
387,15,80000,,template_suv_premium
387,16,100000,,template_suv_premium
387,19,80000,60,template_suv_premium
387,20,60000,,template_suv_premium
387,21,40000,48,template_suv_premium
387,23,,36,template_suv_premium
387,25,,12,template_suv_premium
387,26,,12,template_suv_premium
387,28,10000,12,template_suv_premium
387,29,30000,,template_suv_premium
387,30,15000,,template_suv_premium
387,31,,6,template_suv_premium
387,32,,24,template_suv_premium
388,1,10000,12,template_premium_crossover
388,2,40000,48,template_premium_crossover
388,4,80000,48,template_premium_crossover
388,5,40000,24,template_premium_crossover
388,6,80000,60,template_premium_crossover
388,7,60000,60,template_premium_crossover
388,9,10000,12,template_premium_crossover
388,10,20000,24,template_premium_crossover
388,11,10000,12,template_premium_crossover
388,12,40000,48,template_premium_crossover
388,13,40000,,template_premium_crossover
388,14,60000,,template_premium_crossover
388,15,80000,,template_premium_crossover
388,16,100000,,template_premium_crossover
388,19,80000,60,template_premium_crossover
388,20,60000,,template_premium_crossover
388,21,40000,48,template_premium_crossover
388,23,,36,template_premium_crossover
388,25,,12,template_premium_crossover
388,26,,12,template_premium_crossover
388,28,10000,12,template_premium_crossover
388,29,30000,,template_premium_crossover
388,30,15000,,template_premium_crossover
388,31,,6,template_premium_crossover
388,32,,24,template_premium_crossover
389,1,10000,12,template_premium_passenger
389,2,40000,48,template_premium_passenger
389,4,80000,48,template_premium_passenger
389,5,40000,24,template_premium_passenger
389,6,80000,60,template_premium_passenger
389,7,80000,60,template_premium_passenger
389,9,10000,12,template_premium_passenger
389,10,20000,24,template_premium_passenger
389,11,10000,12,template_premium_passenger
389,12,40000,48,template_premium_passenger
389,13,40000,,template_premium_passenger
389,14,60000,,template_premium_passenger
389,15,80000,,template_premium_passenger
389,16,100000,,template_premium_passenger
389,19,80000,60,template_premium_passenger
389,20,60000,,template_premium_passenger
389,21,40000,48,template_premium_passenger
389,23,,36,template_premium_passenger
389,25,,12,template_premium_passenger
389,26,,12,template_premium_passenger
389,28,10000,12,template_premium_passenger
389,29,40000,,template_premium_passenger
389,30,15000,,template_premium_passenger
389,31,,6,template_premium_passenger
389,32,,24,template_premium_passenger
390,1,10000,12,template_suv_premium
390,2,40000,48,template_suv_premium
390,4,80000,48,template_suv_premium
390,5,40000,24,template_suv_premium
390,6,80000,60,template_suv_premium
390,7,60000,60,template_suv_premium
390,9,10000,12,template_suv_premium
390,10,20000,24,template_suv_premium
390,11,10000,12,template_suv_premium
390,12,40000,48,template_suv_premium
390,13,40000,,template_suv_premium
390,14,60000,,template_suv_premium
390,15,80000,,template_suv_premium
390,16,100000,,template_suv_premium
390,19,80000,60,template_suv_premium
390,20,60000,,template_suv_premium
390,21,40000,48,template_suv_premium
390,23,,36,template_suv_premium
390,25,,12,template_suv_premium
390,26,,12,template_suv_premium
390,28,10000,12,template_suv_premium
390,29,30000,,template_suv_premium
390,30,15000,,template_suv_premium
390,31,,6,template_suv_premium
390,32,,24,template_suv_premium
391,1,10000,12,template_premium_crossover
391,2,40000,48,template_premium_crossover
391,4,80000,48,template_premium_crossover
391,5,40000,24,template_premium_crossover
391,6,80000,60,template_premium_crossover
391,7,60000,60,template_premium_crossover
391,9,10000,12,template_premium_crossover
391,10,20000,24,template_premium_crossover
391,11,10000,12,template_premium_crossover
391,12,40000,48,template_premium_crossover
391,13,40000,,template_premium_crossover
391,14,60000,,template_premium_crossover
391,15,80000,,template_premium_crossover
391,16,100000,,template_premium_crossover
391,19,80000,60,template_premium_crossover
391,20,60000,,template_premium_crossover
391,21,40000,48,template_premium_crossover
391,23,,36,template_premium_crossover
391,25,,12,template_premium_crossover
391,26,,12,template_premium_crossover
391,28,10000,12,template_premium_crossover
391,29,30000,,template_premium_crossover
391,30,15000,,template_premium_crossover
391,31,,6,template_premium_crossover
391,32,,24,template_premium_crossover
392,1,10000,12,template_premium_crossover
392,2,40000,48,template_premium_crossover
392,4,80000,48,template_premium_crossover
392,5,40000,24,template_premium_crossover
392,6,80000,60,template_premium_crossover
392,7,60000,60,template_premium_crossover
392,9,10000,12,template_premium_crossover
392,10,20000,24,template_premium_crossover
392,11,10000,12,template_premium_crossover
392,12,40000,48,template_premium_crossover
392,13,40000,,template_premium_crossover
392,14,60000,,template_premium_crossover
392,15,80000,,template_premium_crossover
392,16,100000,,template_premium_crossover
392,19,80000,60,template_premium_crossover
392,20,60000,,template_premium_crossover
392,21,40000,48,template_premium_crossover
392,23,,36,template_premium_crossover
392,25,,12,template_premium_crossover
392,26,,12,template_premium_crossover
392,28,10000,12,template_premium_crossover
392,29,30000,,template_premium_crossover
392,30,15000,,template_premium_crossover
392,31,,6,template_premium_crossover
392,32,,24,template_premium_crossover
393,1,10000,12,template_premium_crossover
393,2,40000,48,template_premium_crossover
393,4,80000,48,template_premium_crossover
393,5,40000,24,template_premium_crossover
393,6,80000,60,template_premium_crossover
393,7,60000,60,template_premium_crossover
393,9,10000,12,template_premium_crossover
393,10,20000,24,template_premium_crossover
393,11,10000,12,template_premium_crossover
393,12,40000,48,template_premium_crossover
393,13,40000,,template_premium_crossover
393,14,60000,,template_premium_crossover
393,15,80000,,template_premium_crossover
393,16,100000,,template_premium_crossover
393,19,80000,60,template_premium_crossover
393,20,60000,,template_premium_crossover
393,21,40000,48,template_premium_crossover
393,23,,36,template_premium_crossover
393,25,,12,template_premium_crossover
393,26,,12,template_premium_crossover
393,28,10000,12,template_premium_crossover
393,29,30000,,template_premium_crossover
393,30,15000,,template_premium_crossover
393,31,,6,template_premium_crossover
393,32,,24,template_premium_crossover
394,1,10000,12,template_premium_crossover
394,2,40000,48,template_premium_crossover
394,4,80000,48,template_premium_crossover
394,5,40000,24,template_premium_crossover
394,6,80000,60,template_premium_crossover
394,7,60000,60,template_premium_crossover
394,9,10000,12,template_premium_crossover
394,10,20000,24,template_premium_crossover
394,11,10000,12,template_premium_crossover
394,12,40000,48,template_premium_crossover
394,13,40000,,template_premium_crossover
394,14,60000,,template_premium_crossover
394,15,80000,,template_premium_crossover
394,16,100000,,template_premium_crossover
394,19,80000,60,template_premium_crossover
394,20,60000,,template_premium_crossover
394,21,40000,48,template_premium_crossover
394,23,,36,template_premium_crossover
394,25,,12,template_premium_crossover
394,26,,12,template_premium_crossover
394,28,10000,12,template_premium_crossover
394,29,30000,,template_premium_crossover
394,30,15000,,template_premium_crossover
394,31,,6,template_premium_crossover
394,32,,24,template_premium_crossover
395,1,10000,12,template_premium_crossover
395,2,40000,48,template_premium_crossover
395,4,80000,48,template_premium_crossover
395,5,40000,24,template_premium_crossover
395,6,80000,60,template_premium_crossover
395,7,60000,60,template_premium_crossover
395,9,10000,12,template_premium_crossover
395,10,20000,24,template_premium_crossover
395,11,10000,12,template_premium_crossover
395,12,40000,48,template_premium_crossover
395,13,40000,,template_premium_crossover
395,14,60000,,template_premium_crossover
395,15,80000,,template_premium_crossover
395,16,100000,,template_premium_crossover
395,19,80000,60,template_premium_crossover
395,20,60000,,template_premium_crossover
395,21,40000,48,template_premium_crossover
395,23,,36,template_premium_crossover
395,25,,12,template_premium_crossover
395,26,,12,template_premium_crossover
395,28,10000,12,template_premium_crossover
395,29,30000,,template_premium_crossover
395,30,15000,,template_premium_crossover
395,31,,6,template_premium_crossover
395,32,,24,template_premium_crossover
396,1,10000,12,template_premium_crossover
396,2,40000,48,template_premium_crossover
396,4,80000,48,template_premium_crossover
396,5,40000,24,template_premium_crossover
396,6,80000,60,template_premium_crossover
396,7,60000,60,template_premium_crossover
396,9,10000,12,template_premium_crossover
396,10,20000,24,template_premium_crossover
396,11,10000,12,template_premium_crossover
396,12,40000,48,template_premium_crossover
396,13,40000,,template_premium_crossover
396,14,60000,,template_premium_crossover
396,15,80000,,template_premium_crossover
396,16,100000,,template_premium_crossover
396,19,80000,60,template_premium_crossover
396,20,60000,,template_premium_crossover
396,21,40000,48,template_premium_crossover
396,23,,36,template_premium_crossover
396,25,,12,template_premium_crossover
396,26,,12,template_premium_crossover
396,28,10000,12,template_premium_crossover
396,29,30000,,template_premium_crossover
396,30,15000,,template_premium_crossover
396,31,,6,template_premium_crossover
396,32,,24,template_premium_crossover
397,1,10000,12,template_premium_crossover
397,2,40000,48,template_premium_crossover
397,4,80000,48,template_premium_crossover
397,5,40000,24,template_premium_crossover
397,6,80000,60,template_premium_crossover
397,7,60000,60,template_premium_crossover
397,9,10000,12,template_premium_crossover
397,10,20000,24,template_premium_crossover
397,11,10000,12,template_premium_crossover
397,12,40000,48,template_premium_crossover
397,13,40000,,template_premium_crossover
397,14,60000,,template_premium_crossover
397,15,80000,,template_premium_crossover
397,16,100000,,template_premium_crossover
397,19,80000,60,template_premium_crossover
397,20,60000,,template_premium_crossover
397,21,40000,48,template_premium_crossover
397,23,,36,template_premium_crossover
397,25,,12,template_premium_crossover
397,26,,12,template_premium_crossover
397,28,10000,12,template_premium_crossover
397,29,30000,,template_premium_crossover
397,30,15000,,template_premium_crossover
397,31,,6,template_premium_crossover
397,32,,24,template_premium_crossover
398,1,10000,12,template_suv_premium
398,2,40000,48,template_suv_premium
398,4,80000,48,template_suv_premium
398,5,40000,24,template_suv_premium
398,6,80000,60,template_suv_premium
398,7,60000,60,template_suv_premium
398,9,10000,12,template_suv_premium
398,10,20000,24,template_suv_premium
398,11,10000,12,template_suv_premium
398,12,40000,48,template_suv_premium
398,13,40000,,template_suv_premium
398,14,60000,,template_suv_premium
398,15,80000,,template_suv_premium
398,16,100000,,template_suv_premium
398,19,80000,60,template_suv_premium
398,20,60000,,template_suv_premium
398,21,40000,48,template_suv_premium
398,23,,36,template_suv_premium
398,25,,12,template_suv_premium
398,26,,12,template_suv_premium
398,28,10000,12,template_suv_premium
398,29,30000,,template_suv_premium
398,30,15000,,template_suv_premium
398,31,,6,template_suv_premium
398,32,,24,template_suv_premium
399,1,10000,12,template_premium_crossover
399,2,40000,48,template_premium_crossover
399,4,80000,48,template_premium_crossover
399,5,40000,24,template_premium_crossover
399,6,80000,60,template_premium_crossover
399,7,60000,60,template_premium_crossover
399,9,10000,12,template_premium_crossover
399,10,20000,24,template_premium_crossover
399,11,10000,12,template_premium_crossover
399,12,40000,48,template_premium_crossover
399,13,40000,,template_premium_crossover
399,14,60000,,template_premium_crossover
399,15,80000,,template_premium_crossover
399,16,100000,,template_premium_crossover
399,19,80000,60,template_premium_crossover
399,20,60000,,template_premium_crossover
399,21,40000,48,template_premium_crossover
399,23,,36,template_premium_crossover
399,25,,12,template_premium_crossover
399,26,,12,template_premium_crossover
399,28,10000,12,template_premium_crossover
399,29,30000,,template_premium_crossover
399,30,15000,,template_premium_crossover
399,31,,6,template_premium_crossover
399,32,,24,template_premium_crossover
400,1,10000,12,template_premium_passenger
400,2,40000,48,template_premium_passenger
400,4,80000,48,template_premium_passenger
400,5,40000,24,template_premium_passenger
400,6,80000,60,template_premium_passenger
400,7,80000,60,template_premium_passenger
400,9,10000,12,template_premium_passenger
400,10,20000,24,template_premium_passenger
400,11,10000,12,template_premium_passenger
400,12,40000,48,template_premium_passenger
400,13,40000,,template_premium_passenger
400,14,60000,,template_premium_passenger
400,15,80000,,template_premium_passenger
400,16,100000,,template_premium_passenger
400,19,80000,60,template_premium_passenger
400,20,60000,,template_premium_passenger
400,21,40000,48,template_premium_passenger
400,23,,36,template_premium_passenger
400,25,,12,template_premium_passenger
400,26,,12,template_premium_passenger
400,28,10000,12,template_premium_passenger
400,29,40000,,template_premium_passenger
400,30,15000,,template_premium_passenger
400,31,,6,template_premium_passenger
400,32,,24,template_premium_passenger
401,1,10000,12,template_premium_passenger
401,2,40000,48,template_premium_passenger
401,4,80000,48,template_premium_passenger
401,5,40000,24,template_premium_passenger
401,6,80000,60,template_premium_passenger
401,7,80000,60,template_premium_passenger
401,9,10000,12,template_premium_passenger
401,10,20000,24,template_premium_passenger
401,11,10000,12,template_premium_passenger
401,12,40000,48,template_premium_passenger
401,13,40000,,template_premium_passenger
401,14,60000,,template_premium_passenger
401,15,80000,,template_premium_passenger
401,16,100000,,template_premium_passenger
401,19,80000,60,template_premium_passenger
401,20,60000,,template_premium_passenger
401,21,40000,48,template_premium_passenger
401,23,,36,template_premium_passenger
401,25,,12,template_premium_passenger
401,26,,12,template_premium_passenger
401,28,10000,12,template_premium_passenger
401,29,40000,,template_premium_passenger
401,30,15000,,template_premium_passenger
401,31,,6,template_premium_passenger
401,32,,24,template_premium_passenger
402,1,10000,12,template_premium_passenger
402,2,40000,48,template_premium_passenger
402,4,80000,48,template_premium_passenger
402,5,40000,24,template_premium_passenger
402,6,80000,60,template_premium_passenger
402,7,80000,60,template_premium_passenger
402,9,10000,12,template_premium_passenger
402,10,20000,24,template_premium_passenger
402,11,10000,12,template_premium_passenger
402,12,40000,48,template_premium_passenger
402,13,40000,,template_premium_passenger
402,14,60000,,template_premium_passenger
402,15,80000,,template_premium_passenger
402,16,100000,,template_premium_passenger
402,19,80000,60,template_premium_passenger
402,20,60000,,template_premium_passenger
402,21,40000,48,template_premium_passenger
402,23,,36,template_premium_passenger
402,25,,12,template_premium_passenger
402,26,,12,template_premium_passenger
402,28,10000,12,template_premium_passenger
402,29,40000,,template_premium_passenger
402,30,15000,,template_premium_passenger
402,31,,6,template_premium_passenger
402,32,,24,template_premium_passenger
403,1,10000,12,template_premium_passenger
403,2,40000,48,template_premium_passenger
403,4,80000,48,template_premium_passenger
403,5,40000,24,template_premium_passenger
403,6,80000,60,template_premium_passenger
403,7,80000,60,template_premium_passenger
403,9,10000,12,template_premium_passenger
403,10,20000,24,template_premium_passenger
403,11,10000,12,template_premium_passenger
403,12,40000,48,template_premium_passenger
403,13,40000,,template_premium_passenger
403,14,60000,,template_premium_passenger
403,15,80000,,template_premium_passenger
403,16,100000,,template_premium_passenger
403,19,80000,60,template_premium_passenger
403,20,60000,,template_premium_passenger
403,21,40000,48,template_premium_passenger
403,23,,36,template_premium_passenger
403,25,,12,template_premium_passenger
403,26,,12,template_premium_passenger
403,28,10000,12,template_premium_passenger
403,29,40000,,template_premium_passenger
403,30,15000,,template_premium_passenger
403,31,,6,template_premium_passenger
403,32,,24,template_premium_passenger
404,1,10000,12,template_premium_passenger
404,2,40000,48,template_premium_passenger
404,4,80000,48,template_premium_passenger
404,5,40000,24,template_premium_passenger
404,6,80000,60,template_premium_passenger
404,7,80000,60,template_premium_passenger
404,9,10000,12,template_premium_passenger
404,10,20000,24,template_premium_passenger
404,11,10000,12,template_premium_passenger
404,12,40000,48,template_premium_passenger
404,13,40000,,template_premium_passenger
404,14,60000,,template_premium_passenger
404,15,80000,,template_premium_passenger
404,16,100000,,template_premium_passenger
404,19,80000,60,template_premium_passenger
404,20,60000,,template_premium_passenger
404,21,40000,48,template_premium_passenger
404,23,,36,template_premium_passenger
404,25,,12,template_premium_passenger
404,26,,12,template_premium_passenger
404,28,10000,12,template_premium_passenger
404,29,40000,,template_premium_passenger
404,30,15000,,template_premium_passenger
404,31,,6,template_premium_passenger
404,32,,24,template_premium_passenger
405,1,10000,12,template_premium_crossover
405,2,40000,48,template_premium_crossover
405,4,80000,48,template_premium_crossover
405,5,40000,24,template_premium_crossover
405,6,80000,60,template_premium_crossover
405,7,60000,60,template_premium_crossover
405,9,10000,12,template_premium_crossover
405,10,20000,24,template_premium_crossover
405,11,10000,12,template_premium_crossover
405,12,40000,48,template_premium_crossover
405,13,40000,,template_premium_crossover
405,14,60000,,template_premium_crossover
405,15,80000,,template_premium_crossover
405,16,100000,,template_premium_crossover
405,19,80000,60,template_premium_crossover
405,20,60000,,template_premium_crossover
405,21,40000,48,template_premium_crossover
405,23,,36,template_premium_crossover
405,25,,12,template_premium_crossover
405,26,,12,template_premium_crossover
405,28,10000,12,template_premium_crossover
405,29,30000,,template_premium_crossover
405,30,15000,,template_premium_crossover
405,31,,6,template_premium_crossover
405,32,,24,template_premium_crossover
406,1,10000,12,template_premium_crossover
406,2,40000,48,template_premium_crossover
406,4,80000,48,template_premium_crossover
406,5,40000,24,template_premium_crossover
406,6,80000,60,template_premium_crossover
406,7,60000,60,template_premium_crossover
406,9,10000,12,template_premium_crossover
406,10,20000,24,template_premium_crossover
406,11,10000,12,template_premium_crossover
406,12,40000,48,template_premium_crossover
406,13,40000,,template_premium_crossover
406,14,60000,,template_premium_crossover
406,15,80000,,template_premium_crossover
406,16,100000,,template_premium_crossover
406,19,80000,60,template_premium_crossover
406,20,60000,,template_premium_crossover
406,21,40000,48,template_premium_crossover
406,23,,36,template_premium_crossover
406,25,,12,template_premium_crossover
406,26,,12,template_premium_crossover
406,28,10000,12,template_premium_crossover
406,29,30000,,template_premium_crossover
406,30,15000,,template_premium_crossover
406,31,,6,template_premium_crossover
406,32,,24,template_premium_crossover
407,1,10000,12,template_premium_crossover
407,2,40000,48,template_premium_crossover
407,4,80000,48,template_premium_crossover
407,5,40000,24,template_premium_crossover
407,6,80000,60,template_premium_crossover
407,7,60000,60,template_premium_crossover
407,9,10000,12,template_premium_crossover
407,10,20000,24,template_premium_crossover
407,11,10000,12,template_premium_crossover
407,12,40000,48,template_premium_crossover
407,13,40000,,template_premium_crossover
407,14,60000,,template_premium_crossover
407,15,80000,,template_premium_crossover
407,16,100000,,template_premium_crossover
407,19,80000,60,template_premium_crossover
407,20,60000,,template_premium_crossover
407,21,40000,48,template_premium_crossover
407,23,,36,template_premium_crossover
407,25,,12,template_premium_crossover
407,26,,12,template_premium_crossover
407,28,10000,12,template_premium_crossover
407,29,30000,,template_premium_crossover
407,30,15000,,template_premium_crossover
407,31,,6,template_premium_crossover
407,32,,24,template_premium_crossover
408,1,10000,12,template_premium_crossover
408,2,40000,48,template_premium_crossover
408,4,80000,48,template_premium_crossover
408,5,40000,24,template_premium_crossover
408,6,80000,60,template_premium_crossover
408,7,60000,60,template_premium_crossover
408,9,10000,12,template_premium_crossover
408,10,20000,24,template_premium_crossover
408,11,10000,12,template_premium_crossover
408,12,40000,48,template_premium_crossover
408,13,40000,,template_premium_crossover
408,14,60000,,template_premium_crossover
408,15,80000,,template_premium_crossover
408,16,100000,,template_premium_crossover
408,19,80000,60,template_premium_crossover
408,20,60000,,template_premium_crossover
408,21,40000,48,template_premium_crossover
408,23,,36,template_premium_crossover
408,25,,12,template_premium_crossover
408,26,,12,template_premium_crossover
408,28,10000,12,template_premium_crossover
408,29,30000,,template_premium_crossover
408,30,15000,,template_premium_crossover
408,31,,6,template_premium_crossover
408,32,,24,template_premium_crossover
409,1,10000,12,template_premium_crossover
409,2,40000,48,template_premium_crossover
409,4,80000,48,template_premium_crossover
409,5,40000,24,template_premium_crossover
409,6,80000,60,template_premium_crossover
409,7,60000,60,template_premium_crossover
409,9,10000,12,template_premium_crossover
409,10,20000,24,template_premium_crossover
409,11,10000,12,template_premium_crossover
409,12,40000,48,template_premium_crossover
409,13,40000,,template_premium_crossover
409,14,60000,,template_premium_crossover
409,15,80000,,template_premium_crossover
409,16,100000,,template_premium_crossover
409,19,80000,60,template_premium_crossover
409,20,60000,,template_premium_crossover
409,21,40000,48,template_premium_crossover
409,23,,36,template_premium_crossover
409,25,,12,template_premium_crossover
409,26,,12,template_premium_crossover
409,28,10000,12,template_premium_crossover
409,29,30000,,template_premium_crossover
409,30,15000,,template_premium_crossover
409,31,,6,template_premium_crossover
409,32,,24,template_premium_crossover
410,1,10000,12,template_premium_crossover
410,2,40000,48,template_premium_crossover
410,4,80000,48,template_premium_crossover
410,5,40000,24,template_premium_crossover
410,6,80000,60,template_premium_crossover
410,7,60000,60,template_premium_crossover
410,9,10000,12,template_premium_crossover
410,10,20000,24,template_premium_crossover
410,11,10000,12,template_premium_crossover
410,12,40000,48,template_premium_crossover
410,13,40000,,template_premium_crossover
410,14,60000,,template_premium_crossover
410,15,80000,,template_premium_crossover
410,16,100000,,template_premium_crossover
410,19,80000,60,template_premium_crossover
410,20,60000,,template_premium_crossover
410,21,40000,48,template_premium_crossover
410,23,,36,template_premium_crossover
410,25,,12,template_premium_crossover
410,26,,12,template_premium_crossover
410,28,10000,12,template_premium_crossover
410,29,30000,,template_premium_crossover
410,30,15000,,template_premium_crossover
410,31,,6,template_premium_crossover
410,32,,24,template_premium_crossover
411,1,10000,12,template_suv_premium
411,2,40000,48,template_suv_premium
411,4,80000,48,template_suv_premium
411,5,40000,24,template_suv_premium
411,6,80000,60,template_suv_premium
411,7,60000,60,template_suv_premium
411,9,10000,12,template_suv_premium
411,10,20000,24,template_suv_premium
411,11,10000,12,template_suv_premium
411,12,40000,48,template_suv_premium
411,13,40000,,template_suv_premium
411,14,60000,,template_suv_premium
411,15,80000,,template_suv_premium
411,16,100000,,template_suv_premium
411,19,80000,60,template_suv_premium
411,20,60000,,template_suv_premium
411,21,40000,48,template_suv_premium
411,23,,36,template_suv_premium
411,25,,12,template_suv_premium
411,26,,12,template_suv_premium
411,28,10000,12,template_suv_premium
411,29,30000,,template_suv_premium
411,30,15000,,template_suv_premium
411,31,,6,template_suv_premium
411,32,,24,template_suv_premium
412,1,10000,12,template_premium_passenger
412,2,40000,48,template_premium_passenger
412,4,80000,48,template_premium_passenger
412,5,40000,24,template_premium_passenger
412,6,80000,60,template_premium_passenger
412,7,80000,60,template_premium_passenger
412,9,10000,12,template_premium_passenger
412,10,20000,24,template_premium_passenger
412,11,10000,12,template_premium_passenger
412,12,40000,48,template_premium_passenger
412,13,40000,,template_premium_passenger
412,14,60000,,template_premium_passenger
412,15,80000,,template_premium_passenger
412,16,100000,,template_premium_passenger
412,19,80000,60,template_premium_passenger
412,20,60000,,template_premium_passenger
412,21,40000,48,template_premium_passenger
412,23,,36,template_premium_passenger
412,25,,12,template_premium_passenger
412,26,,12,template_premium_passenger
412,28,10000,12,template_premium_passenger
412,29,40000,,template_premium_passenger
412,30,15000,,template_premium_passenger
412,31,,6,template_premium_passenger
412,32,,24,template_premium_passenger
413,1,10000,12,template_premium_passenger
413,2,40000,48,template_premium_passenger
413,4,80000,48,template_premium_passenger
413,5,40000,24,template_premium_passenger
413,6,80000,60,template_premium_passenger
413,7,80000,60,template_premium_passenger
413,9,10000,12,template_premium_passenger
413,10,20000,24,template_premium_passenger
413,11,10000,12,template_premium_passenger
413,12,40000,48,template_premium_passenger
413,13,40000,,template_premium_passenger
413,14,60000,,template_premium_passenger
413,15,80000,,template_premium_passenger
413,16,100000,,template_premium_passenger
413,19,80000,60,template_premium_passenger
413,20,60000,,template_premium_passenger
413,21,40000,48,template_premium_passenger
413,23,,36,template_premium_passenger
413,25,,12,template_premium_passenger
413,26,,12,template_premium_passenger
413,28,10000,12,template_premium_passenger
413,29,40000,,template_premium_passenger
413,30,15000,,template_premium_passenger
413,31,,6,template_premium_passenger
413,32,,24,template_premium_passenger
414,1,10000,12,template_premium_crossover
414,2,40000,48,template_premium_crossover
414,4,80000,48,template_premium_crossover
414,5,40000,24,template_premium_crossover
414,6,80000,60,template_premium_crossover
414,7,60000,60,template_premium_crossover
414,9,10000,12,template_premium_crossover
414,10,20000,24,template_premium_crossover
414,11,10000,12,template_premium_crossover
414,12,40000,48,template_premium_crossover
414,13,40000,,template_premium_crossover
414,14,60000,,template_premium_crossover
414,15,80000,,template_premium_crossover
414,16,100000,,template_premium_crossover
414,19,80000,60,template_premium_crossover
414,20,60000,,template_premium_crossover
414,21,40000,48,template_premium_crossover
414,23,,36,template_premium_crossover
414,25,,12,template_premium_crossover
414,26,,12,template_premium_crossover
414,28,10000,12,template_premium_crossover
414,29,30000,,template_premium_crossover
414,30,15000,,template_premium_crossover
414,31,,6,template_premium_crossover
414,32,,24,template_premium_crossover
415,1,10000,12,template_premium_crossover
415,2,40000,48,template_premium_crossover
415,4,80000,48,template_premium_crossover
415,5,40000,24,template_premium_crossover
415,6,80000,60,template_premium_crossover
415,7,60000,60,template_premium_crossover
415,9,10000,12,template_premium_crossover
415,10,20000,24,template_premium_crossover
415,11,10000,12,template_premium_crossover
415,12,40000,48,template_premium_crossover
415,13,40000,,template_premium_crossover
415,14,60000,,template_premium_crossover
415,15,80000,,template_premium_crossover
415,16,100000,,template_premium_crossover
415,19,80000,60,template_premium_crossover
415,20,60000,,template_premium_crossover
415,21,40000,48,template_premium_crossover
415,23,,36,template_premium_crossover
415,25,,12,template_premium_crossover
415,26,,12,template_premium_crossover
415,28,10000,12,template_premium_crossover
415,29,30000,,template_premium_crossover
415,30,15000,,template_premium_crossover
415,31,,6,template_premium_crossover
415,32,,24,template_premium_crossover
416,2,40000,48,template_premium_crossover+ev_override
416,4,80000,48,template_premium_crossover+ev_override
416,5,40000,24,template_premium_crossover+ev_override
416,6,80000,60,template_premium_crossover+ev_override
416,7,60000,60,template_premium_crossover+ev_override
416,10,20000,24,template_premium_crossover+ev_override
416,11,10000,12,template_premium_crossover+ev_override
416,13,40000,,template_premium_crossover+ev_override
416,14,60000,,template_premium_crossover+ev_override
416,15,80000,,template_premium_crossover+ev_override
416,16,100000,,template_premium_crossover+ev_override
416,23,,36,template_premium_crossover+ev_override
416,25,,12,template_premium_crossover+ev_override
416,26,,12,template_premium_crossover+ev_override
416,28,10000,12,template_premium_crossover+ev_override
416,29,30000,,template_premium_crossover+ev_override
416,30,15000,,template_premium_crossover+ev_override
416,31,,6,template_premium_crossover+ev_override
416,32,,24,template_premium_crossover+ev_override
417,1,10000,12,template_premium_passenger
417,2,40000,48,template_premium_passenger
417,4,80000,48,template_premium_passenger
417,5,40000,24,template_premium_passenger
417,6,80000,60,template_premium_passenger
417,7,80000,60,template_premium_passenger
417,9,10000,12,template_premium_passenger
417,10,20000,24,template_premium_passenger
417,11,10000,12,template_premium_passenger
417,12,40000,48,template_premium_passenger
417,13,40000,,template_premium_passenger
417,14,60000,,template_premium_passenger
417,15,80000,,template_premium_passenger
417,16,100000,,template_premium_passenger
417,19,80000,60,template_premium_passenger
417,20,60000,,template_premium_passenger
417,21,40000,48,template_premium_passenger
417,23,,36,template_premium_passenger
417,25,,12,template_premium_passenger
417,26,,12,template_premium_passenger
417,28,10000,12,template_premium_passenger
417,29,40000,,template_premium_passenger
417,30,15000,,template_premium_passenger
417,31,,6,template_premium_passenger
417,32,,24,template_premium_passenger
418,1,10000,12,template_premium_passenger
418,2,40000,48,template_premium_passenger
418,4,80000,48,template_premium_passenger
418,5,40000,24,template_premium_passenger
418,6,80000,60,template_premium_passenger
418,7,80000,60,template_premium_passenger
418,9,10000,12,template_premium_passenger
418,10,20000,24,template_premium_passenger
418,11,10000,12,template_premium_passenger
418,12,40000,48,template_premium_passenger
418,13,40000,,template_premium_passenger
418,14,60000,,template_premium_passenger
418,15,80000,,template_premium_passenger
418,16,100000,,template_premium_passenger
418,19,80000,60,template_premium_passenger
418,20,60000,,template_premium_passenger
418,21,40000,48,template_premium_passenger
418,23,,36,template_premium_passenger
418,25,,12,template_premium_passenger
418,26,,12,template_premium_passenger
418,28,10000,12,template_premium_passenger
418,29,40000,,template_premium_passenger
418,30,15000,,template_premium_passenger
418,31,,6,template_premium_passenger
418,32,,24,template_premium_passenger
419,1,10000,12,template_premium_passenger
419,2,40000,48,template_premium_passenger
419,4,80000,48,template_premium_passenger
419,5,40000,24,template_premium_passenger
419,6,80000,60,template_premium_passenger
419,7,80000,60,template_premium_passenger
419,9,10000,12,template_premium_passenger
419,10,20000,24,template_premium_passenger
419,11,10000,12,template_premium_passenger
419,12,40000,48,template_premium_passenger
419,13,40000,,template_premium_passenger
419,14,60000,,template_premium_passenger
419,15,80000,,template_premium_passenger
419,16,100000,,template_premium_passenger
419,19,80000,60,template_premium_passenger
419,20,60000,,template_premium_passenger
419,21,40000,48,template_premium_passenger
419,23,,36,template_premium_passenger
419,25,,12,template_premium_passenger
419,26,,12,template_premium_passenger
419,28,10000,12,template_premium_passenger
419,29,40000,,template_premium_passenger
419,30,15000,,template_premium_passenger
419,31,,6,template_premium_passenger
419,32,,24,template_premium_passenger
420,1,10000,12,template_premium_passenger
420,2,40000,48,template_premium_passenger
420,4,80000,48,template_premium_passenger
420,5,40000,24,template_premium_passenger
420,6,80000,60,template_premium_passenger
420,7,80000,60,template_premium_passenger
420,9,10000,12,template_premium_passenger
420,10,20000,24,template_premium_passenger
420,11,10000,12,template_premium_passenger
420,12,40000,48,template_premium_passenger
420,13,40000,,template_premium_passenger
420,14,60000,,template_premium_passenger
420,15,80000,,template_premium_passenger
420,16,100000,,template_premium_passenger
420,19,80000,60,template_premium_passenger
420,20,60000,,template_premium_passenger
420,21,40000,48,template_premium_passenger
420,23,,36,template_premium_passenger
420,25,,12,template_premium_passenger
420,26,,12,template_premium_passenger
420,28,10000,12,template_premium_passenger
420,29,40000,,template_premium_passenger
420,30,15000,,template_premium_passenger
420,31,,6,template_premium_passenger
420,32,,24,template_premium_passenger
421,1,10000,12,template_premium_passenger
421,2,40000,48,template_premium_passenger
421,4,80000,48,template_premium_passenger
421,5,40000,24,template_premium_passenger
421,6,80000,60,template_premium_passenger
421,7,80000,60,template_premium_passenger
421,9,10000,12,template_premium_passenger
421,10,20000,24,template_premium_passenger
421,11,10000,12,template_premium_passenger
421,12,40000,48,template_premium_passenger
421,13,40000,,template_premium_passenger
421,14,60000,,template_premium_passenger
421,15,80000,,template_premium_passenger
421,16,100000,,template_premium_passenger
421,19,80000,60,template_premium_passenger
421,20,60000,,template_premium_passenger
421,21,40000,48,template_premium_passenger
421,23,,36,template_premium_passenger
421,25,,12,template_premium_passenger
421,26,,12,template_premium_passenger
421,28,10000,12,template_premium_passenger
421,29,40000,,template_premium_passenger
421,30,15000,,template_premium_passenger
421,31,,6,template_premium_passenger
421,32,,24,template_premium_passenger
422,1,10000,12,template_premium_passenger
422,2,40000,48,template_premium_passenger
422,4,80000,48,template_premium_passenger
422,5,40000,24,template_premium_passenger
422,6,80000,60,template_premium_passenger
422,7,80000,60,template_premium_passenger
422,9,10000,12,template_premium_passenger
422,10,20000,24,template_premium_passenger
422,11,10000,12,template_premium_passenger
422,12,40000,48,template_premium_passenger
422,13,40000,,template_premium_passenger
422,14,60000,,template_premium_passenger
422,15,80000,,template_premium_passenger
422,16,100000,,template_premium_passenger
422,19,80000,60,template_premium_passenger
422,20,60000,,template_premium_passenger
422,21,40000,48,template_premium_passenger
422,23,,36,template_premium_passenger
422,25,,12,template_premium_passenger
422,26,,12,template_premium_passenger
422,28,10000,12,template_premium_passenger
422,29,40000,,template_premium_passenger
422,30,15000,,template_premium_passenger
422,31,,6,template_premium_passenger
422,32,,24,template_premium_passenger
423,1,10000,12,template_premium_passenger
423,2,40000,48,template_premium_passenger
423,4,80000,48,template_premium_passenger
423,5,40000,24,template_premium_passenger
423,6,80000,60,template_premium_passenger
423,7,80000,60,template_premium_passenger
423,9,10000,12,template_premium_passenger
423,10,20000,24,template_premium_passenger
423,11,10000,12,template_premium_passenger
423,12,40000,48,template_premium_passenger
423,13,40000,,template_premium_passenger
423,14,60000,,template_premium_passenger
423,15,80000,,template_premium_passenger
423,16,100000,,template_premium_passenger
423,19,80000,60,template_premium_passenger
423,20,60000,,template_premium_passenger
423,21,40000,48,template_premium_passenger
423,23,,36,template_premium_passenger
423,25,,12,template_premium_passenger
423,26,,12,template_premium_passenger
423,28,10000,12,template_premium_passenger
423,29,40000,,template_premium_passenger
423,30,15000,,template_premium_passenger
423,31,,6,template_premium_passenger
423,32,,24,template_premium_passenger
424,1,10000,12,template_premium_crossover
424,2,40000,48,template_premium_crossover
424,4,80000,48,template_premium_crossover
424,5,40000,24,template_premium_crossover
424,6,80000,60,template_premium_crossover
424,7,60000,60,template_premium_crossover
424,9,10000,12,template_premium_crossover
424,10,20000,24,template_premium_crossover
424,11,10000,12,template_premium_crossover
424,12,40000,48,template_premium_crossover
424,13,40000,,template_premium_crossover
424,14,60000,,template_premium_crossover
424,15,80000,,template_premium_crossover
424,16,100000,,template_premium_crossover
424,19,80000,60,template_premium_crossover
424,20,60000,,template_premium_crossover
424,21,40000,48,template_premium_crossover
424,23,,36,template_premium_crossover
424,25,,12,template_premium_crossover
424,26,,12,template_premium_crossover
424,28,10000,12,template_premium_crossover
424,29,30000,,template_premium_crossover
424,30,15000,,template_premium_crossover
424,31,,6,template_premium_crossover
424,32,,24,template_premium_crossover
425,1,10000,12,template_premium_crossover
425,2,40000,48,template_premium_crossover
425,4,80000,48,template_premium_crossover
425,5,40000,24,template_premium_crossover
425,6,80000,60,template_premium_crossover
425,7,60000,60,template_premium_crossover
425,9,10000,12,template_premium_crossover
425,10,20000,24,template_premium_crossover
425,11,10000,12,template_premium_crossover
425,12,40000,48,template_premium_crossover
425,13,40000,,template_premium_crossover
425,14,60000,,template_premium_crossover
425,15,80000,,template_premium_crossover
425,16,100000,,template_premium_crossover
425,19,80000,60,template_premium_crossover
425,20,60000,,template_premium_crossover
425,21,40000,48,template_premium_crossover
425,23,,36,template_premium_crossover
425,25,,12,template_premium_crossover
425,26,,12,template_premium_crossover
425,28,10000,12,template_premium_crossover
425,29,30000,,template_premium_crossover
425,30,15000,,template_premium_crossover
425,31,,6,template_premium_crossover
425,32,,24,template_premium_crossover
426,2,40000,48,template_premium_crossover+ev_override
426,4,80000,48,template_premium_crossover+ev_override
426,5,40000,24,template_premium_crossover+ev_override
426,6,80000,60,template_premium_crossover+ev_override
426,7,60000,60,template_premium_crossover+ev_override
426,10,20000,24,template_premium_crossover+ev_override
426,11,10000,12,template_premium_crossover+ev_override
426,13,40000,,template_premium_crossover+ev_override
426,14,60000,,template_premium_crossover+ev_override
426,15,80000,,template_premium_crossover+ev_override
426,16,100000,,template_premium_crossover+ev_override
426,23,,36,template_premium_crossover+ev_override
426,25,,12,template_premium_crossover+ev_override
426,26,,12,template_premium_crossover+ev_override
426,28,10000,12,template_premium_crossover+ev_override
426,29,30000,,template_premium_crossover+ev_override
426,30,15000,,template_premium_crossover+ev_override
426,31,,6,template_premium_crossover+ev_override
426,32,,24,template_premium_crossover+ev_override
427,2,40000,48,template_premium_passenger+ev_override
427,4,80000,48,template_premium_passenger+ev_override
427,5,40000,24,template_premium_passenger+ev_override
427,6,80000,60,template_premium_passenger+ev_override
427,7,80000,60,template_premium_passenger+ev_override
427,10,20000,24,template_premium_passenger+ev_override
427,11,10000,12,template_premium_passenger+ev_override
427,13,40000,,template_premium_passenger+ev_override
427,14,60000,,template_premium_passenger+ev_override
427,15,80000,,template_premium_passenger+ev_override
427,16,100000,,template_premium_passenger+ev_override
427,23,,36,template_premium_passenger+ev_override
427,25,,12,template_premium_passenger+ev_override
427,26,,12,template_premium_passenger+ev_override
427,28,10000,12,template_premium_passenger+ev_override
427,29,40000,,template_premium_passenger+ev_override
427,30,15000,,template_premium_passenger+ev_override
427,31,,6,template_premium_passenger+ev_override
427,32,,24,template_premium_passenger+ev_override
428,2,40000,48,template_premium_passenger+ev_override
428,4,80000,48,template_premium_passenger+ev_override
428,5,40000,24,template_premium_passenger+ev_override
428,6,80000,60,template_premium_passenger+ev_override
428,7,80000,60,template_premium_passenger+ev_override
428,10,20000,24,template_premium_passenger+ev_override
428,11,10000,12,template_premium_passenger+ev_override
428,13,40000,,template_premium_passenger+ev_override
428,14,60000,,template_premium_passenger+ev_override
428,15,80000,,template_premium_passenger+ev_override
428,16,100000,,template_premium_passenger+ev_override
428,23,,36,template_premium_passenger+ev_override
428,25,,12,template_premium_passenger+ev_override
428,26,,12,template_premium_passenger+ev_override
428,28,10000,12,template_premium_passenger+ev_override
428,29,40000,,template_premium_passenger+ev_override
428,30,15000,,template_premium_passenger+ev_override
428,31,,6,template_premium_passenger+ev_override
428,32,,24,template_premium_passenger+ev_override
429,2,40000,48,template_premium_crossover+ev_override
429,4,80000,48,template_premium_crossover+ev_override
429,5,40000,24,template_premium_crossover+ev_override
429,6,80000,60,template_premium_crossover+ev_override
429,7,60000,60,template_premium_crossover+ev_override
429,10,20000,24,template_premium_crossover+ev_override
429,11,10000,12,template_premium_crossover+ev_override
429,13,40000,,template_premium_crossover+ev_override
429,14,60000,,template_premium_crossover+ev_override
429,15,80000,,template_premium_crossover+ev_override
429,16,100000,,template_premium_crossover+ev_override
429,23,,36,template_premium_crossover+ev_override
429,25,,12,template_premium_crossover+ev_override
429,26,,12,template_premium_crossover+ev_override
429,28,10000,12,template_premium_crossover+ev_override
429,29,30000,,template_premium_crossover+ev_override
429,30,15000,,template_premium_crossover+ev_override
429,31,,6,template_premium_crossover+ev_override
429,32,,24,template_premium_crossover+ev_override
430,2,40000,48,template_premium_crossover+ev_override
430,4,80000,48,template_premium_crossover+ev_override
430,5,40000,24,template_premium_crossover+ev_override
430,6,80000,60,template_premium_crossover+ev_override
430,7,60000,60,template_premium_crossover+ev_override
430,10,20000,24,template_premium_crossover+ev_override
430,11,10000,12,template_premium_crossover+ev_override
430,13,40000,,template_premium_crossover+ev_override
430,14,60000,,template_premium_crossover+ev_override
430,15,80000,,template_premium_crossover+ev_override
430,16,100000,,template_premium_crossover+ev_override
430,23,,36,template_premium_crossover+ev_override
430,25,,12,template_premium_crossover+ev_override
430,26,,12,template_premium_crossover+ev_override
430,28,10000,12,template_premium_crossover+ev_override
430,29,30000,,template_premium_crossover+ev_override
430,30,15000,,template_premium_crossover+ev_override
430,31,,6,template_premium_crossover+ev_override
430,32,,24,template_premium_crossover+ev_override
431,3,60000,60,template_lcv+ev_override
431,4,60000,48,template_lcv+ev_override
431,5,40000,24,template_lcv+ev_override
431,10,20000,24,template_lcv+ev_override
431,11,10000,12,template_lcv+ev_override
431,13,30000,,template_lcv+ev_override
431,14,50000,,template_lcv+ev_override
431,15,60000,,template_lcv+ev_override
431,23,,36,template_lcv+ev_override
431,25,,12,template_lcv+ev_override
431,26,,12,template_lcv+ev_override
431,28,10000,12,template_lcv+ev_override
431,29,20000,,template_lcv+ev_override
431,30,20000,,template_lcv+ev_override
431,31,,6,template_lcv+ev_override
432,1,10000,12,template_premium_crossover
432,2,40000,48,template_premium_crossover
432,4,80000,48,template_premium_crossover
432,5,40000,24,template_premium_crossover
432,6,80000,60,template_premium_crossover
432,7,60000,60,template_premium_crossover
432,9,10000,12,template_premium_crossover
432,10,20000,24,template_premium_crossover
432,11,10000,12,template_premium_crossover
432,12,40000,48,template_premium_crossover
432,13,40000,,template_premium_crossover
432,14,60000,,template_premium_crossover
432,15,80000,,template_premium_crossover
432,16,100000,,template_premium_crossover
432,19,80000,60,template_premium_crossover
432,20,60000,,template_premium_crossover
432,21,40000,48,template_premium_crossover
432,23,,36,template_premium_crossover
432,25,,12,template_premium_crossover
432,26,,12,template_premium_crossover
432,28,10000,12,template_premium_crossover
432,29,30000,,template_premium_crossover
432,30,15000,,template_premium_crossover
432,31,,6,template_premium_crossover
432,32,,24,template_premium_crossover
433,1,10000,12,template_suv_premium
433,2,40000,48,template_suv_premium
433,4,80000,48,template_suv_premium
433,5,40000,24,template_suv_premium
433,6,80000,60,template_suv_premium
433,7,60000,60,template_suv_premium
433,9,10000,12,template_suv_premium
433,10,20000,24,template_suv_premium
433,11,10000,12,template_suv_premium
433,12,40000,48,template_suv_premium
433,13,40000,,template_suv_premium
433,14,60000,,template_suv_premium
433,15,80000,,template_suv_premium
433,16,100000,,template_suv_premium
433,19,80000,60,template_suv_premium
433,20,60000,,template_suv_premium
433,21,40000,48,template_suv_premium
433,23,,36,template_suv_premium
433,25,,12,template_suv_premium
433,26,,12,template_suv_premium
433,28,10000,12,template_suv_premium
433,29,30000,,template_suv_premium
433,30,15000,,template_suv_premium
433,31,,6,template_suv_premium
433,32,,24,template_suv_premium
434,1,10000,12,template_premium_crossover
434,2,40000,48,template_premium_crossover
434,4,80000,48,template_premium_crossover
434,5,40000,24,template_premium_crossover
434,6,80000,60,template_premium_crossover
434,7,60000,60,template_premium_crossover
434,9,10000,12,template_premium_crossover
434,10,20000,24,template_premium_crossover
434,11,10000,12,template_premium_crossover
434,12,40000,48,template_premium_crossover
434,13,40000,,template_premium_crossover
434,14,60000,,template_premium_crossover
434,15,80000,,template_premium_crossover
434,16,100000,,template_premium_crossover
434,19,80000,60,template_premium_crossover
434,20,60000,,template_premium_crossover
434,21,40000,48,template_premium_crossover
434,23,,36,template_premium_crossover
434,25,,12,template_premium_crossover
434,26,,12,template_premium_crossover
434,28,10000,12,template_premium_crossover
434,29,30000,,template_premium_crossover
434,30,15000,,template_premium_crossover
434,31,,6,template_premium_crossover
434,32,,24,template_premium_crossover
435,1,10000,12,template_premium_crossover
435,2,40000,48,template_premium_crossover
435,4,80000,48,template_premium_crossover
435,5,40000,24,template_premium_crossover
435,6,80000,60,template_premium_crossover
435,7,60000,60,template_premium_crossover
435,9,10000,12,template_premium_crossover
435,10,20000,24,template_premium_crossover
435,11,10000,12,template_premium_crossover
435,12,40000,48,template_premium_crossover
435,13,40000,,template_premium_crossover
435,14,60000,,template_premium_crossover
435,15,80000,,template_premium_crossover
435,16,100000,,template_premium_crossover
435,19,80000,60,template_premium_crossover
435,20,60000,,template_premium_crossover
435,21,40000,48,template_premium_crossover
435,23,,36,template_premium_crossover
435,25,,12,template_premium_crossover
435,26,,12,template_premium_crossover
435,28,10000,12,template_premium_crossover
435,29,30000,,template_premium_crossover
435,30,15000,,template_premium_crossover
435,31,,6,template_premium_crossover
435,32,,24,template_premium_crossover
436,1,10000,12,template_premium_passenger
436,2,40000,48,template_premium_passenger
436,4,80000,48,template_premium_passenger
436,5,40000,24,template_premium_passenger
436,6,80000,60,template_premium_passenger
436,7,80000,60,template_premium_passenger
436,9,10000,12,template_premium_passenger
436,10,20000,24,template_premium_passenger
436,11,10000,12,template_premium_passenger
436,12,40000,48,template_premium_passenger
436,13,40000,,template_premium_passenger
436,14,60000,,template_premium_passenger
436,15,80000,,template_premium_passenger
436,16,100000,,template_premium_passenger
436,19,80000,60,template_premium_passenger
436,20,60000,,template_premium_passenger
436,21,40000,48,template_premium_passenger
436,23,,36,template_premium_passenger
436,25,,12,template_premium_passenger
436,26,,12,template_premium_passenger
436,28,10000,12,template_premium_passenger
436,29,40000,,template_premium_passenger
436,30,15000,,template_premium_passenger
436,31,,6,template_premium_passenger
436,32,,24,template_premium_passenger
437,1,10000,12,template_premium_crossover
437,2,40000,48,template_premium_crossover
437,4,80000,48,template_premium_crossover
437,5,40000,24,template_premium_crossover
437,6,80000,60,template_premium_crossover
437,7,60000,60,template_premium_crossover
437,9,10000,12,template_premium_crossover
437,10,20000,24,template_premium_crossover
437,11,10000,12,template_premium_crossover
437,12,40000,48,template_premium_crossover
437,13,40000,,template_premium_crossover
437,14,60000,,template_premium_crossover
437,15,80000,,template_premium_crossover
437,16,100000,,template_premium_crossover
437,19,80000,60,template_premium_crossover
437,20,60000,,template_premium_crossover
437,21,40000,48,template_premium_crossover
437,23,,36,template_premium_crossover
437,25,,12,template_premium_crossover
437,26,,12,template_premium_crossover
437,28,10000,12,template_premium_crossover
437,29,30000,,template_premium_crossover
437,30,15000,,template_premium_crossover
437,31,,6,template_premium_crossover
437,32,,24,template_premium_crossover
438,1,10000,12,template_premium_passenger
438,2,40000,48,template_premium_passenger
438,4,80000,48,template_premium_passenger
438,5,40000,24,template_premium_passenger
438,6,80000,60,template_premium_passenger
438,7,80000,60,template_premium_passenger
438,9,10000,12,template_premium_passenger
438,10,20000,24,template_premium_passenger
438,11,10000,12,template_premium_passenger
438,12,40000,48,template_premium_passenger
438,13,40000,,template_premium_passenger
438,14,60000,,template_premium_passenger
438,15,80000,,template_premium_passenger
438,16,100000,,template_premium_passenger
438,19,80000,60,template_premium_passenger
438,20,60000,,template_premium_passenger
438,21,40000,48,template_premium_passenger
438,23,,36,template_premium_passenger
438,25,,12,template_premium_passenger
438,26,,12,template_premium_passenger
438,28,10000,12,template_premium_passenger
438,29,40000,,template_premium_passenger
438,30,15000,,template_premium_passenger
438,31,,6,template_premium_passenger
438,32,,24,template_premium_passenger
439,1,10000,12,template_premium_passenger
439,2,40000,48,template_premium_passenger
439,4,80000,48,template_premium_passenger
439,5,40000,24,template_premium_passenger
439,6,80000,60,template_premium_passenger
439,7,80000,60,template_premium_passenger
439,9,10000,12,template_premium_passenger
439,10,20000,24,template_premium_passenger
439,11,10000,12,template_premium_passenger
439,12,40000,48,template_premium_passenger
439,13,40000,,template_premium_passenger
439,14,60000,,template_premium_passenger
439,15,80000,,template_premium_passenger
439,16,100000,,template_premium_passenger
439,19,80000,60,template_premium_passenger
439,20,60000,,template_premium_passenger
439,21,40000,48,template_premium_passenger
439,23,,36,template_premium_passenger
439,25,,12,template_premium_passenger
439,26,,12,template_premium_passenger
439,28,10000,12,template_premium_passenger
439,29,40000,,template_premium_passenger
439,30,15000,,template_premium_passenger
439,31,,6,template_premium_passenger
439,32,,24,template_premium_passenger
440,1,10000,12,template_premium_passenger
440,2,40000,48,template_premium_passenger
440,4,80000,48,template_premium_passenger
440,5,40000,24,template_premium_passenger
440,6,80000,60,template_premium_passenger
440,7,80000,60,template_premium_passenger
440,9,10000,12,template_premium_passenger
440,10,20000,24,template_premium_passenger
440,11,10000,12,template_premium_passenger
440,12,40000,48,template_premium_passenger
440,13,40000,,template_premium_passenger
440,14,60000,,template_premium_passenger
440,15,80000,,template_premium_passenger
440,16,100000,,template_premium_passenger
440,19,80000,60,template_premium_passenger
440,20,60000,,template_premium_passenger
440,21,40000,48,template_premium_passenger
440,23,,36,template_premium_passenger
440,25,,12,template_premium_passenger
440,26,,12,template_premium_passenger
440,28,10000,12,template_premium_passenger
440,29,40000,,template_premium_passenger
440,30,15000,,template_premium_passenger
440,31,,6,template_premium_passenger
440,32,,24,template_premium_passenger
441,1,10000,12,template_premium_passenger
441,2,40000,48,template_premium_passenger
441,4,80000,48,template_premium_passenger
441,5,40000,24,template_premium_passenger
441,6,80000,60,template_premium_passenger
441,7,80000,60,template_premium_passenger
441,9,10000,12,template_premium_passenger
441,10,20000,24,template_premium_passenger
441,11,10000,12,template_premium_passenger
441,12,40000,48,template_premium_passenger
441,13,40000,,template_premium_passenger
441,14,60000,,template_premium_passenger
441,15,80000,,template_premium_passenger
441,16,100000,,template_premium_passenger
441,19,80000,60,template_premium_passenger
441,20,60000,,template_premium_passenger
441,21,40000,48,template_premium_passenger
441,23,,36,template_premium_passenger
441,25,,12,template_premium_passenger
441,26,,12,template_premium_passenger
441,28,10000,12,template_premium_passenger
441,29,40000,,template_premium_passenger
441,30,15000,,template_premium_passenger
441,31,,6,template_premium_passenger
441,32,,24,template_premium_passenger
442,1,10000,12,template_suv_premium
442,2,40000,48,template_suv_premium
442,4,80000,48,template_suv_premium
442,5,40000,24,template_suv_premium
442,6,80000,60,template_suv_premium
442,7,60000,60,template_suv_premium
442,9,10000,12,template_suv_premium
442,10,20000,24,template_suv_premium
442,11,10000,12,template_suv_premium
442,12,40000,48,template_suv_premium
442,13,40000,,template_suv_premium
442,14,60000,,template_suv_premium
442,15,80000,,template_suv_premium
442,16,100000,,template_suv_premium
442,19,80000,60,template_suv_premium
442,20,60000,,template_suv_premium
442,21,40000,48,template_suv_premium
442,23,,36,template_suv_premium
442,25,,12,template_suv_premium
442,26,,12,template_suv_premium
442,28,10000,12,template_suv_premium
442,29,30000,,template_suv_premium
442,30,15000,,template_suv_premium
442,31,,6,template_suv_premium
442,32,,24,template_suv_premium
443,1,10000,12,template_premium_passenger
443,2,40000,48,template_premium_passenger
443,4,80000,48,template_premium_passenger
443,5,40000,24,template_premium_passenger
443,6,80000,60,template_premium_passenger
443,7,80000,60,template_premium_passenger
443,9,10000,12,template_premium_passenger
443,10,20000,24,template_premium_passenger
443,11,10000,12,template_premium_passenger
443,12,40000,48,template_premium_passenger
443,13,40000,,template_premium_passenger
443,14,60000,,template_premium_passenger
443,15,80000,,template_premium_passenger
443,16,100000,,template_premium_passenger
443,19,80000,60,template_premium_passenger
443,20,60000,,template_premium_passenger
443,21,40000,48,template_premium_passenger
443,23,,36,template_premium_passenger
443,25,,12,template_premium_passenger
443,26,,12,template_premium_passenger
443,28,10000,12,template_premium_passenger
443,29,40000,,template_premium_passenger
443,30,15000,,template_premium_passenger
443,31,,6,template_premium_passenger
443,32,,24,template_premium_passenger
444,1,10000,12,template_premium_passenger
444,2,40000,48,template_premium_passenger
444,4,80000,48,template_premium_passenger
444,5,40000,24,template_premium_passenger
444,6,80000,60,template_premium_passenger
444,7,80000,60,template_premium_passenger
444,9,10000,12,template_premium_passenger
444,10,20000,24,template_premium_passenger
444,11,10000,12,template_premium_passenger
444,12,40000,48,template_premium_passenger
444,13,40000,,template_premium_passenger
444,14,60000,,template_premium_passenger
444,15,80000,,template_premium_passenger
444,16,100000,,template_premium_passenger
444,19,80000,60,template_premium_passenger
444,20,60000,,template_premium_passenger
444,21,40000,48,template_premium_passenger
444,23,,36,template_premium_passenger
444,25,,12,template_premium_passenger
444,26,,12,template_premium_passenger
444,28,10000,12,template_premium_passenger
444,29,40000,,template_premium_passenger
444,30,15000,,template_premium_passenger
444,31,,6,template_premium_passenger
444,32,,24,template_premium_passenger
445,1,10000,12,template_premium_passenger
445,2,40000,48,template_premium_passenger
445,4,80000,48,template_premium_passenger
445,5,40000,24,template_premium_passenger
445,6,80000,60,template_premium_passenger
445,7,80000,60,template_premium_passenger
445,9,10000,12,template_premium_passenger
445,10,20000,24,template_premium_passenger
445,11,10000,12,template_premium_passenger
445,12,40000,48,template_premium_passenger
445,13,40000,,template_premium_passenger
445,14,60000,,template_premium_passenger
445,15,80000,,template_premium_passenger
445,16,100000,,template_premium_passenger
445,19,80000,60,template_premium_passenger
445,20,60000,,template_premium_passenger
445,21,40000,48,template_premium_passenger
445,23,,36,template_premium_passenger
445,25,,12,template_premium_passenger
445,26,,12,template_premium_passenger
445,28,10000,12,template_premium_passenger
445,29,40000,,template_premium_passenger
445,30,15000,,template_premium_passenger
445,31,,6,template_premium_passenger
445,32,,24,template_premium_passenger
446,1,10000,12,template_premium_passenger
446,2,40000,48,template_premium_passenger
446,4,80000,48,template_premium_passenger
446,5,40000,24,template_premium_passenger
446,6,80000,60,template_premium_passenger
446,7,80000,60,template_premium_passenger
446,9,10000,12,template_premium_passenger
446,10,20000,24,template_premium_passenger
446,11,10000,12,template_premium_passenger
446,12,40000,48,template_premium_passenger
446,13,40000,,template_premium_passenger
446,14,60000,,template_premium_passenger
446,15,80000,,template_premium_passenger
446,16,100000,,template_premium_passenger
446,19,80000,60,template_premium_passenger
446,20,60000,,template_premium_passenger
446,21,40000,48,template_premium_passenger
446,23,,36,template_premium_passenger
446,25,,12,template_premium_passenger
446,26,,12,template_premium_passenger
446,28,10000,12,template_premium_passenger
446,29,40000,,template_premium_passenger
446,30,15000,,template_premium_passenger
446,31,,6,template_premium_passenger
446,32,,24,template_premium_passenger
447,1,10000,12,template_premium_passenger
447,2,40000,48,template_premium_passenger
447,4,80000,48,template_premium_passenger
447,5,40000,24,template_premium_passenger
447,6,80000,60,template_premium_passenger
447,7,80000,60,template_premium_passenger
447,9,10000,12,template_premium_passenger
447,10,20000,24,template_premium_passenger
447,11,10000,12,template_premium_passenger
447,12,40000,48,template_premium_passenger
447,13,40000,,template_premium_passenger
447,14,60000,,template_premium_passenger
447,15,80000,,template_premium_passenger
447,16,100000,,template_premium_passenger
447,19,80000,60,template_premium_passenger
447,20,60000,,template_premium_passenger
447,21,40000,48,template_premium_passenger
447,23,,36,template_premium_passenger
447,25,,12,template_premium_passenger
447,26,,12,template_premium_passenger
447,28,10000,12,template_premium_passenger
447,29,40000,,template_premium_passenger
447,30,15000,,template_premium_passenger
447,31,,6,template_premium_passenger
447,32,,24,template_premium_passenger
448,1,10000,12,template_premium_crossover
448,2,40000,48,template_premium_crossover
448,4,80000,48,template_premium_crossover
448,5,40000,24,template_premium_crossover
448,6,80000,60,template_premium_crossover
448,7,60000,60,template_premium_crossover
448,9,10000,12,template_premium_crossover
448,10,20000,24,template_premium_crossover
448,11,10000,12,template_premium_crossover
448,12,40000,48,template_premium_crossover
448,13,40000,,template_premium_crossover
448,14,60000,,template_premium_crossover
448,15,80000,,template_premium_crossover
448,16,100000,,template_premium_crossover
448,19,80000,60,template_premium_crossover
448,20,60000,,template_premium_crossover
448,21,40000,48,template_premium_crossover
448,23,,36,template_premium_crossover
448,25,,12,template_premium_crossover
448,26,,12,template_premium_crossover
448,28,10000,12,template_premium_crossover
448,29,30000,,template_premium_crossover
448,30,15000,,template_premium_crossover
448,31,,6,template_premium_crossover
448,32,,24,template_premium_crossover
449,1,10000,12,template_premium_passenger
449,2,40000,48,template_premium_passenger
449,4,80000,48,template_premium_passenger
449,5,40000,24,template_premium_passenger
449,6,80000,60,template_premium_passenger
449,7,80000,60,template_premium_passenger
449,9,10000,12,template_premium_passenger
449,10,20000,24,template_premium_passenger
449,11,10000,12,template_premium_passenger
449,12,40000,48,template_premium_passenger
449,13,40000,,template_premium_passenger
449,14,60000,,template_premium_passenger
449,15,80000,,template_premium_passenger
449,16,100000,,template_premium_passenger
449,19,80000,60,template_premium_passenger
449,20,60000,,template_premium_passenger
449,21,40000,48,template_premium_passenger
449,23,,36,template_premium_passenger
449,25,,12,template_premium_passenger
449,26,,12,template_premium_passenger
449,28,10000,12,template_premium_passenger
449,29,40000,,template_premium_passenger
449,30,15000,,template_premium_passenger
449,31,,6,template_premium_passenger
449,32,,24,template_premium_passenger
450,1,10000,12,template_premium_passenger
450,2,40000,48,template_premium_passenger
450,4,80000,48,template_premium_passenger
450,5,40000,24,template_premium_passenger
450,6,80000,60,template_premium_passenger
450,7,80000,60,template_premium_passenger
450,9,10000,12,template_premium_passenger
450,10,20000,24,template_premium_passenger
450,11,10000,12,template_premium_passenger
450,12,40000,48,template_premium_passenger
450,13,40000,,template_premium_passenger
450,14,60000,,template_premium_passenger
450,15,80000,,template_premium_passenger
450,16,100000,,template_premium_passenger
450,19,80000,60,template_premium_passenger
450,20,60000,,template_premium_passenger
450,21,40000,48,template_premium_passenger
450,23,,36,template_premium_passenger
450,25,,12,template_premium_passenger
450,26,,12,template_premium_passenger
450,28,10000,12,template_premium_passenger
450,29,40000,,template_premium_passenger
450,30,15000,,template_premium_passenger
450,31,,6,template_premium_passenger
450,32,,24,template_premium_passenger
451,1,10000,12,template_premium_passenger
451,2,40000,48,template_premium_passenger
451,4,80000,48,template_premium_passenger
451,5,40000,24,template_premium_passenger
451,6,80000,60,template_premium_passenger
451,7,80000,60,template_premium_passenger
451,9,10000,12,template_premium_passenger
451,10,20000,24,template_premium_passenger
451,11,10000,12,template_premium_passenger
451,12,40000,48,template_premium_passenger
451,13,40000,,template_premium_passenger
451,14,60000,,template_premium_passenger
451,15,80000,,template_premium_passenger
451,16,100000,,template_premium_passenger
451,19,80000,60,template_premium_passenger
451,20,60000,,template_premium_passenger
451,21,40000,48,template_premium_passenger
451,23,,36,template_premium_passenger
451,25,,12,template_premium_passenger
451,26,,12,template_premium_passenger
451,28,10000,12,template_premium_passenger
451,29,40000,,template_premium_passenger
451,30,15000,,template_premium_passenger
451,31,,6,template_premium_passenger
451,32,,24,template_premium_passenger
452,1,10000,12,template_premium_passenger
452,2,40000,48,template_premium_passenger
452,4,80000,48,template_premium_passenger
452,5,40000,24,template_premium_passenger
452,6,80000,60,template_premium_passenger
452,7,80000,60,template_premium_passenger
452,9,10000,12,template_premium_passenger
452,10,20000,24,template_premium_passenger
452,11,10000,12,template_premium_passenger
452,12,40000,48,template_premium_passenger
452,13,40000,,template_premium_passenger
452,14,60000,,template_premium_passenger
452,15,80000,,template_premium_passenger
452,16,100000,,template_premium_passenger
452,19,80000,60,template_premium_passenger
452,20,60000,,template_premium_passenger
452,21,40000,48,template_premium_passenger
452,23,,36,template_premium_passenger
452,25,,12,template_premium_passenger
452,26,,12,template_premium_passenger
452,28,10000,12,template_premium_passenger
452,29,40000,,template_premium_passenger
452,30,15000,,template_premium_passenger
452,31,,6,template_premium_passenger
452,32,,24,template_premium_passenger
453,1,10000,12,template_premium_passenger
453,2,40000,48,template_premium_passenger
453,4,80000,48,template_premium_passenger
453,5,40000,24,template_premium_passenger
453,6,80000,60,template_premium_passenger
453,7,80000,60,template_premium_passenger
453,9,10000,12,template_premium_passenger
453,10,20000,24,template_premium_passenger
453,11,10000,12,template_premium_passenger
453,12,40000,48,template_premium_passenger
453,13,40000,,template_premium_passenger
453,14,60000,,template_premium_passenger
453,15,80000,,template_premium_passenger
453,16,100000,,template_premium_passenger
453,19,80000,60,template_premium_passenger
453,20,60000,,template_premium_passenger
453,21,40000,48,template_premium_passenger
453,23,,36,template_premium_passenger
453,25,,12,template_premium_passenger
453,26,,12,template_premium_passenger
453,28,10000,12,template_premium_passenger
453,29,40000,,template_premium_passenger
453,30,15000,,template_premium_passenger
453,31,,6,template_premium_passenger
453,32,,24,template_premium_passenger
454,1,10000,12,template_premium_crossover
454,2,40000,48,template_premium_crossover
454,4,80000,48,template_premium_crossover
454,5,40000,24,template_premium_crossover
454,6,80000,60,template_premium_crossover
454,7,60000,60,template_premium_crossover
454,9,10000,12,template_premium_crossover
454,10,20000,24,template_premium_crossover
454,11,10000,12,template_premium_crossover
454,12,40000,48,template_premium_crossover
454,13,40000,,template_premium_crossover
454,14,60000,,template_premium_crossover
454,15,80000,,template_premium_crossover
454,16,100000,,template_premium_crossover
454,19,80000,60,template_premium_crossover
454,20,60000,,template_premium_crossover
454,21,40000,48,template_premium_crossover
454,23,,36,template_premium_crossover
454,25,,12,template_premium_crossover
454,26,,12,template_premium_crossover
454,28,10000,12,template_premium_crossover
454,29,30000,,template_premium_crossover
454,30,15000,,template_premium_crossover
454,31,,6,template_premium_crossover
454,32,,24,template_premium_crossover
455,1,10000,12,template_premium_passenger
455,2,40000,48,template_premium_passenger
455,4,80000,48,template_premium_passenger
455,5,40000,24,template_premium_passenger
455,6,80000,60,template_premium_passenger
455,7,80000,60,template_premium_passenger
455,9,10000,12,template_premium_passenger
455,10,20000,24,template_premium_passenger
455,11,10000,12,template_premium_passenger
455,12,40000,48,template_premium_passenger
455,13,40000,,template_premium_passenger
455,14,60000,,template_premium_passenger
455,15,80000,,template_premium_passenger
455,16,100000,,template_premium_passenger
455,19,80000,60,template_premium_passenger
455,20,60000,,template_premium_passenger
455,21,40000,48,template_premium_passenger
455,23,,36,template_premium_passenger
455,25,,12,template_premium_passenger
455,26,,12,template_premium_passenger
455,28,10000,12,template_premium_passenger
455,29,40000,,template_premium_passenger
455,30,15000,,template_premium_passenger
455,31,,6,template_premium_passenger
455,32,,24,template_premium_passenger
456,1,10000,12,template_premium_passenger
456,2,40000,48,template_premium_passenger
456,4,80000,48,template_premium_passenger
456,5,40000,24,template_premium_passenger
456,6,80000,60,template_premium_passenger
456,7,80000,60,template_premium_passenger
456,9,10000,12,template_premium_passenger
456,10,20000,24,template_premium_passenger
456,11,10000,12,template_premium_passenger
456,12,40000,48,template_premium_passenger
456,13,40000,,template_premium_passenger
456,14,60000,,template_premium_passenger
456,15,80000,,template_premium_passenger
456,16,100000,,template_premium_passenger
456,19,80000,60,template_premium_passenger
456,20,60000,,template_premium_passenger
456,21,40000,48,template_premium_passenger
456,23,,36,template_premium_passenger
456,25,,12,template_premium_passenger
456,26,,12,template_premium_passenger
456,28,10000,12,template_premium_passenger
456,29,40000,,template_premium_passenger
456,30,15000,,template_premium_passenger
456,31,,6,template_premium_passenger
456,32,,24,template_premium_passenger
457,1,10000,12,template_premium_passenger
457,2,40000,48,template_premium_passenger
457,4,80000,48,template_premium_passenger
457,5,40000,24,template_premium_passenger
457,6,80000,60,template_premium_passenger
457,7,80000,60,template_premium_passenger
457,9,10000,12,template_premium_passenger
457,10,20000,24,template_premium_passenger
457,11,10000,12,template_premium_passenger
457,12,40000,48,template_premium_passenger
457,13,40000,,template_premium_passenger
457,14,60000,,template_premium_passenger
457,15,80000,,template_premium_passenger
457,16,100000,,template_premium_passenger
457,19,80000,60,template_premium_passenger
457,20,60000,,template_premium_passenger
457,21,40000,48,template_premium_passenger
457,23,,36,template_premium_passenger
457,25,,12,template_premium_passenger
457,26,,12,template_premium_passenger
457,28,10000,12,template_premium_passenger
457,29,40000,,template_premium_passenger
457,30,15000,,template_premium_passenger
457,31,,6,template_premium_passenger
457,32,,24,template_premium_passenger
458,1,10000,12,template_premium_passenger
458,2,40000,48,template_premium_passenger
458,4,80000,48,template_premium_passenger
458,5,40000,24,template_premium_passenger
458,6,80000,60,template_premium_passenger
458,7,80000,60,template_premium_passenger
458,9,10000,12,template_premium_passenger
458,10,20000,24,template_premium_passenger
458,11,10000,12,template_premium_passenger
458,12,40000,48,template_premium_passenger
458,13,40000,,template_premium_passenger
458,14,60000,,template_premium_passenger
458,15,80000,,template_premium_passenger
458,16,100000,,template_premium_passenger
458,19,80000,60,template_premium_passenger
458,20,60000,,template_premium_passenger
458,21,40000,48,template_premium_passenger
458,23,,36,template_premium_passenger
458,25,,12,template_premium_passenger
458,26,,12,template_premium_passenger
458,28,10000,12,template_premium_passenger
458,29,40000,,template_premium_passenger
458,30,15000,,template_premium_passenger
458,31,,6,template_premium_passenger
458,32,,24,template_premium_passenger
459,1,10000,12,template_premium_crossover
459,2,40000,48,template_premium_crossover
459,4,80000,48,template_premium_crossover
459,5,40000,24,template_premium_crossover
459,6,80000,60,template_premium_crossover
459,7,60000,60,template_premium_crossover
459,9,10000,12,template_premium_crossover
459,10,20000,24,template_premium_crossover
459,11,10000,12,template_premium_crossover
459,12,40000,48,template_premium_crossover
459,13,40000,,template_premium_crossover
459,14,60000,,template_premium_crossover
459,15,80000,,template_premium_crossover
459,16,100000,,template_premium_crossover
459,19,80000,60,template_premium_crossover
459,20,60000,,template_premium_crossover
459,21,40000,48,template_premium_crossover
459,23,,36,template_premium_crossover
459,25,,12,template_premium_crossover
459,26,,12,template_premium_crossover
459,28,10000,12,template_premium_crossover
459,29,30000,,template_premium_crossover
459,30,15000,,template_premium_crossover
459,31,,6,template_premium_crossover
459,32,,24,template_premium_crossover
460,1,10000,12,template_premium_passenger
460,2,40000,48,template_premium_passenger
460,4,80000,48,template_premium_passenger
460,5,40000,24,template_premium_passenger
460,6,80000,60,template_premium_passenger
460,7,80000,60,template_premium_passenger
460,9,10000,12,template_premium_passenger
460,10,20000,24,template_premium_passenger
460,11,10000,12,template_premium_passenger
460,12,40000,48,template_premium_passenger
460,13,40000,,template_premium_passenger
460,14,60000,,template_premium_passenger
460,15,80000,,template_premium_passenger
460,16,100000,,template_premium_passenger
460,19,80000,60,template_premium_passenger
460,20,60000,,template_premium_passenger
460,21,40000,48,template_premium_passenger
460,23,,36,template_premium_passenger
460,25,,12,template_premium_passenger
460,26,,12,template_premium_passenger
460,28,10000,12,template_premium_passenger
460,29,40000,,template_premium_passenger
460,30,15000,,template_premium_passenger
460,31,,6,template_premium_passenger
460,32,,24,template_premium_passenger
461,1,10000,12,template_premium_passenger
461,2,40000,48,template_premium_passenger
461,4,80000,48,template_premium_passenger
461,5,40000,24,template_premium_passenger
461,6,80000,60,template_premium_passenger
461,7,80000,60,template_premium_passenger
461,9,10000,12,template_premium_passenger
461,10,20000,24,template_premium_passenger
461,11,10000,12,template_premium_passenger
461,12,40000,48,template_premium_passenger
461,13,40000,,template_premium_passenger
461,14,60000,,template_premium_passenger
461,15,80000,,template_premium_passenger
461,16,100000,,template_premium_passenger
461,19,80000,60,template_premium_passenger
461,20,60000,,template_premium_passenger
461,21,40000,48,template_premium_passenger
461,23,,36,template_premium_passenger
461,25,,12,template_premium_passenger
461,26,,12,template_premium_passenger
461,28,10000,12,template_premium_passenger
461,29,40000,,template_premium_passenger
461,30,15000,,template_premium_passenger
461,31,,6,template_premium_passenger
461,32,,24,template_premium_passenger
462,1,10000,12,template_premium_passenger
462,2,40000,48,template_premium_passenger
462,4,80000,48,template_premium_passenger
462,5,40000,24,template_premium_passenger
462,6,80000,60,template_premium_passenger
462,7,80000,60,template_premium_passenger
462,9,10000,12,template_premium_passenger
462,10,20000,24,template_premium_passenger
462,11,10000,12,template_premium_passenger
462,12,40000,48,template_premium_passenger
462,13,40000,,template_premium_passenger
462,14,60000,,template_premium_passenger
462,15,80000,,template_premium_passenger
462,16,100000,,template_premium_passenger
462,19,80000,60,template_premium_passenger
462,20,60000,,template_premium_passenger
462,21,40000,48,template_premium_passenger
462,23,,36,template_premium_passenger
462,25,,12,template_premium_passenger
462,26,,12,template_premium_passenger
462,28,10000,12,template_premium_passenger
462,29,40000,,template_premium_passenger
462,30,15000,,template_premium_passenger
462,31,,6,template_premium_passenger
462,32,,24,template_premium_passenger
463,1,10000,12,template_premium_crossover
463,2,40000,48,template_premium_crossover
463,4,80000,48,template_premium_crossover
463,5,40000,24,template_premium_crossover
463,6,80000,60,template_premium_crossover
463,7,60000,60,template_premium_crossover
463,9,10000,12,template_premium_crossover
463,10,20000,24,template_premium_crossover
463,11,10000,12,template_premium_crossover
463,12,40000,48,template_premium_crossover
463,13,40000,,template_premium_crossover
463,14,60000,,template_premium_crossover
463,15,80000,,template_premium_crossover
463,16,100000,,template_premium_crossover
463,19,80000,60,template_premium_crossover
463,20,60000,,template_premium_crossover
463,21,40000,48,template_premium_crossover
463,23,,36,template_premium_crossover
463,25,,12,template_premium_crossover
463,26,,12,template_premium_crossover
463,28,10000,12,template_premium_crossover
463,29,30000,,template_premium_crossover
463,30,15000,,template_premium_crossover
463,31,,6,template_premium_crossover
463,32,,24,template_premium_crossover
464,1,10000,12,template_premium_crossover
464,2,40000,48,template_premium_crossover
464,4,80000,48,template_premium_crossover
464,5,40000,24,template_premium_crossover
464,6,80000,60,template_premium_crossover
464,7,60000,60,template_premium_crossover
464,9,10000,12,template_premium_crossover
464,10,20000,24,template_premium_crossover
464,11,10000,12,template_premium_crossover
464,12,40000,48,template_premium_crossover
464,13,40000,,template_premium_crossover
464,14,60000,,template_premium_crossover
464,15,80000,,template_premium_crossover
464,16,100000,,template_premium_crossover
464,19,80000,60,template_premium_crossover
464,20,60000,,template_premium_crossover
464,21,40000,48,template_premium_crossover
464,23,,36,template_premium_crossover
464,25,,12,template_premium_crossover
464,26,,12,template_premium_crossover
464,28,10000,12,template_premium_crossover
464,29,30000,,template_premium_crossover
464,30,15000,,template_premium_crossover
464,31,,6,template_premium_crossover
464,32,,24,template_premium_crossover
465,1,10000,12,template_premium_passenger
465,2,40000,48,template_premium_passenger
465,4,80000,48,template_premium_passenger
465,5,40000,24,template_premium_passenger
465,6,80000,60,template_premium_passenger
465,7,80000,60,template_premium_passenger
465,9,10000,12,template_premium_passenger
465,10,20000,24,template_premium_passenger
465,11,10000,12,template_premium_passenger
465,12,40000,48,template_premium_passenger
465,13,40000,,template_premium_passenger
465,14,60000,,template_premium_passenger
465,15,80000,,template_premium_passenger
465,16,100000,,template_premium_passenger
465,19,80000,60,template_premium_passenger
465,20,60000,,template_premium_passenger
465,21,40000,48,template_premium_passenger
465,23,,36,template_premium_passenger
465,25,,12,template_premium_passenger
465,26,,12,template_premium_passenger
465,28,10000,12,template_premium_passenger
465,29,40000,,template_premium_passenger
465,30,15000,,template_premium_passenger
465,31,,6,template_premium_passenger
465,32,,24,template_premium_passenger
466,1,10000,12,template_premium_passenger
466,2,40000,48,template_premium_passenger
466,4,80000,48,template_premium_passenger
466,5,40000,24,template_premium_passenger
466,6,80000,60,template_premium_passenger
466,7,80000,60,template_premium_passenger
466,9,10000,12,template_premium_passenger
466,10,20000,24,template_premium_passenger
466,11,10000,12,template_premium_passenger
466,12,40000,48,template_premium_passenger
466,13,40000,,template_premium_passenger
466,14,60000,,template_premium_passenger
466,15,80000,,template_premium_passenger
466,16,100000,,template_premium_passenger
466,19,80000,60,template_premium_passenger
466,20,60000,,template_premium_passenger
466,21,40000,48,template_premium_passenger
466,23,,36,template_premium_passenger
466,25,,12,template_premium_passenger
466,26,,12,template_premium_passenger
466,28,10000,12,template_premium_passenger
466,29,40000,,template_premium_passenger
466,30,15000,,template_premium_passenger
466,31,,6,template_premium_passenger
466,32,,24,template_premium_passenger
467,1,10000,12,template_premium_passenger
467,2,40000,48,template_premium_passenger
467,4,80000,48,template_premium_passenger
467,5,40000,24,template_premium_passenger
467,6,80000,60,template_premium_passenger
467,7,80000,60,template_premium_passenger
467,9,10000,12,template_premium_passenger
467,10,20000,24,template_premium_passenger
467,11,10000,12,template_premium_passenger
467,12,40000,48,template_premium_passenger
467,13,40000,,template_premium_passenger
467,14,60000,,template_premium_passenger
467,15,80000,,template_premium_passenger
467,16,100000,,template_premium_passenger
467,19,80000,60,template_premium_passenger
467,20,60000,,template_premium_passenger
467,21,40000,48,template_premium_passenger
467,23,,36,template_premium_passenger
467,25,,12,template_premium_passenger
467,26,,12,template_premium_passenger
467,28,10000,12,template_premium_passenger
467,29,40000,,template_premium_passenger
467,30,15000,,template_premium_passenger
467,31,,6,template_premium_passenger
467,32,,24,template_premium_passenger
468,1,10000,12,template_premium_passenger
468,2,40000,48,template_premium_passenger
468,4,80000,48,template_premium_passenger
468,5,40000,24,template_premium_passenger
468,6,80000,60,template_premium_passenger
468,7,80000,60,template_premium_passenger
468,9,10000,12,template_premium_passenger
468,10,20000,24,template_premium_passenger
468,11,10000,12,template_premium_passenger
468,12,40000,48,template_premium_passenger
468,13,40000,,template_premium_passenger
468,14,60000,,template_premium_passenger
468,15,80000,,template_premium_passenger
468,16,100000,,template_premium_passenger
468,19,80000,60,template_premium_passenger
468,20,60000,,template_premium_passenger
468,21,40000,48,template_premium_passenger
468,23,,36,template_premium_passenger
468,25,,12,template_premium_passenger
468,26,,12,template_premium_passenger
468,28,10000,12,template_premium_passenger
468,29,40000,,template_premium_passenger
468,30,15000,,template_premium_passenger
468,31,,6,template_premium_passenger
468,32,,24,template_premium_passenger
469,1,10000,12,template_premium_passenger
469,2,40000,48,template_premium_passenger
469,4,80000,48,template_premium_passenger
469,5,40000,24,template_premium_passenger
469,6,80000,60,template_premium_passenger
469,7,80000,60,template_premium_passenger
469,9,10000,12,template_premium_passenger
469,10,20000,24,template_premium_passenger
469,11,10000,12,template_premium_passenger
469,12,40000,48,template_premium_passenger
469,13,40000,,template_premium_passenger
469,14,60000,,template_premium_passenger
469,15,80000,,template_premium_passenger
469,16,100000,,template_premium_passenger
469,19,80000,60,template_premium_passenger
469,20,60000,,template_premium_passenger
469,21,40000,48,template_premium_passenger
469,23,,36,template_premium_passenger
469,25,,12,template_premium_passenger
469,26,,12,template_premium_passenger
469,28,10000,12,template_premium_passenger
469,29,40000,,template_premium_passenger
469,30,15000,,template_premium_passenger
469,31,,6,template_premium_passenger
469,32,,24,template_premium_passenger
470,1,10000,12,template_premium_passenger
470,2,40000,48,template_premium_passenger
470,4,80000,48,template_premium_passenger
470,5,40000,24,template_premium_passenger
470,6,80000,60,template_premium_passenger
470,7,80000,60,template_premium_passenger
470,9,10000,12,template_premium_passenger
470,10,20000,24,template_premium_passenger
470,11,10000,12,template_premium_passenger
470,12,40000,48,template_premium_passenger
470,13,40000,,template_premium_passenger
470,14,60000,,template_premium_passenger
470,15,80000,,template_premium_passenger
470,16,100000,,template_premium_passenger
470,19,80000,60,template_premium_passenger
470,20,60000,,template_premium_passenger
470,21,40000,48,template_premium_passenger
470,23,,36,template_premium_passenger
470,25,,12,template_premium_passenger
470,26,,12,template_premium_passenger
470,28,10000,12,template_premium_passenger
470,29,40000,,template_premium_passenger
470,30,15000,,template_premium_passenger
470,31,,6,template_premium_passenger
470,32,,24,template_premium_passenger
471,2,40000,48,template_premium_crossover+ev_override
471,4,80000,48,template_premium_crossover+ev_override
471,5,40000,24,template_premium_crossover+ev_override
471,6,80000,60,template_premium_crossover+ev_override
471,7,60000,60,template_premium_crossover+ev_override
471,10,20000,24,template_premium_crossover+ev_override
471,11,10000,12,template_premium_crossover+ev_override
471,13,40000,,template_premium_crossover+ev_override
471,14,60000,,template_premium_crossover+ev_override
471,15,80000,,template_premium_crossover+ev_override
471,16,100000,,template_premium_crossover+ev_override
471,23,,36,template_premium_crossover+ev_override
471,25,,12,template_premium_crossover+ev_override
471,26,,12,template_premium_crossover+ev_override
471,28,10000,12,template_premium_crossover+ev_override
471,29,30000,,template_premium_crossover+ev_override
471,30,15000,,template_premium_crossover+ev_override
471,31,,6,template_premium_crossover+ev_override
471,32,,24,template_premium_crossover+ev_override
472,1,10000,12,template_premium_passenger
472,2,40000,48,template_premium_passenger
472,4,80000,48,template_premium_passenger
472,5,40000,24,template_premium_passenger
472,6,80000,60,template_premium_passenger
472,7,80000,60,template_premium_passenger
472,9,10000,12,template_premium_passenger
472,10,20000,24,template_premium_passenger
472,11,10000,12,template_premium_passenger
472,12,40000,48,template_premium_passenger
472,13,40000,,template_premium_passenger
472,14,60000,,template_premium_passenger
472,15,80000,,template_premium_passenger
472,16,100000,,template_premium_passenger
472,19,80000,60,template_premium_passenger
472,20,60000,,template_premium_passenger
472,21,40000,48,template_premium_passenger
472,23,,36,template_premium_passenger
472,25,,12,template_premium_passenger
472,26,,12,template_premium_passenger
472,28,10000,12,template_premium_passenger
472,29,40000,,template_premium_passenger
472,30,15000,,template_premium_passenger
472,31,,6,template_premium_passenger
472,32,,24,template_premium_passenger
473,1,10000,12,template_premium_crossover
473,2,40000,48,template_premium_crossover
473,4,80000,48,template_premium_crossover
473,5,40000,24,template_premium_crossover
473,6,80000,60,template_premium_crossover
473,7,60000,60,template_premium_crossover
473,9,10000,12,template_premium_crossover
473,10,20000,24,template_premium_crossover
473,11,10000,12,template_premium_crossover
473,12,40000,48,template_premium_crossover
473,13,40000,,template_premium_crossover
473,14,60000,,template_premium_crossover
473,15,80000,,template_premium_crossover
473,16,100000,,template_premium_crossover
473,19,80000,60,template_premium_crossover
473,20,60000,,template_premium_crossover
473,21,40000,48,template_premium_crossover
473,23,,36,template_premium_crossover
473,25,,12,template_premium_crossover
473,26,,12,template_premium_crossover
473,28,10000,12,template_premium_crossover
473,29,30000,,template_premium_crossover
473,30,15000,,template_premium_crossover
473,31,,6,template_premium_crossover
473,32,,24,template_premium_crossover
474,1,10000,12,template_premium_crossover
474,2,40000,48,template_premium_crossover
474,4,80000,48,template_premium_crossover
474,5,40000,24,template_premium_crossover
474,6,80000,60,template_premium_crossover
474,7,60000,60,template_premium_crossover
474,9,10000,12,template_premium_crossover
474,10,20000,24,template_premium_crossover
474,11,10000,12,template_premium_crossover
474,12,40000,48,template_premium_crossover
474,13,40000,,template_premium_crossover
474,14,60000,,template_premium_crossover
474,15,80000,,template_premium_crossover
474,16,100000,,template_premium_crossover
474,19,80000,60,template_premium_crossover
474,20,60000,,template_premium_crossover
474,21,40000,48,template_premium_crossover
474,23,,36,template_premium_crossover
474,25,,12,template_premium_crossover
474,26,,12,template_premium_crossover
474,28,10000,12,template_premium_crossover
474,29,30000,,template_premium_crossover
474,30,15000,,template_premium_crossover
474,31,,6,template_premium_crossover
474,32,,24,template_premium_crossover
475,1,10000,12,template_premium_passenger
475,2,40000,48,template_premium_passenger
475,4,80000,48,template_premium_passenger
475,5,40000,24,template_premium_passenger
475,6,80000,60,template_premium_passenger
475,7,80000,60,template_premium_passenger
475,9,10000,12,template_premium_passenger
475,10,20000,24,template_premium_passenger
475,11,10000,12,template_premium_passenger
475,12,40000,48,template_premium_passenger
475,13,40000,,template_premium_passenger
475,14,60000,,template_premium_passenger
475,15,80000,,template_premium_passenger
475,16,100000,,template_premium_passenger
475,19,80000,60,template_premium_passenger
475,20,60000,,template_premium_passenger
475,21,40000,48,template_premium_passenger
475,23,,36,template_premium_passenger
475,25,,12,template_premium_passenger
475,26,,12,template_premium_passenger
475,28,10000,12,template_premium_passenger
475,29,40000,,template_premium_passenger
475,30,15000,,template_premium_passenger
475,31,,6,template_premium_passenger
475,32,,24,template_premium_passenger
476,1,10000,12,template_premium_crossover
476,2,40000,48,template_premium_crossover
476,4,80000,48,template_premium_crossover
476,5,40000,24,template_premium_crossover
476,6,80000,60,template_premium_crossover
476,7,60000,60,template_premium_crossover
476,9,10000,12,template_premium_crossover
476,10,20000,24,template_premium_crossover
476,11,10000,12,template_premium_crossover
476,12,40000,48,template_premium_crossover
476,13,40000,,template_premium_crossover
476,14,60000,,template_premium_crossover
476,15,80000,,template_premium_crossover
476,16,100000,,template_premium_crossover
476,19,80000,60,template_premium_crossover
476,20,60000,,template_premium_crossover
476,21,40000,48,template_premium_crossover
476,23,,36,template_premium_crossover
476,25,,12,template_premium_crossover
476,26,,12,template_premium_crossover
476,28,10000,12,template_premium_crossover
476,29,30000,,template_premium_crossover
476,30,15000,,template_premium_crossover
476,31,,6,template_premium_crossover
476,32,,24,template_premium_crossover
477,1,10000,12,template_premium_crossover
477,2,40000,48,template_premium_crossover
477,4,80000,48,template_premium_crossover
477,5,40000,24,template_premium_crossover
477,6,80000,60,template_premium_crossover
477,7,60000,60,template_premium_crossover
477,9,10000,12,template_premium_crossover
477,10,20000,24,template_premium_crossover
477,11,10000,12,template_premium_crossover
477,12,40000,48,template_premium_crossover
477,13,40000,,template_premium_crossover
477,14,60000,,template_premium_crossover
477,15,80000,,template_premium_crossover
477,16,100000,,template_premium_crossover
477,19,80000,60,template_premium_crossover
477,20,60000,,template_premium_crossover
477,21,40000,48,template_premium_crossover
477,23,,36,template_premium_crossover
477,25,,12,template_premium_crossover
477,26,,12,template_premium_crossover
477,28,10000,12,template_premium_crossover
477,29,30000,,template_premium_crossover
477,30,15000,,template_premium_crossover
477,31,,6,template_premium_crossover
477,32,,24,template_premium_crossover
478,1,10000,12,template_premium_passenger
478,2,40000,48,template_premium_passenger
478,4,80000,48,template_premium_passenger
478,5,40000,24,template_premium_passenger
478,6,80000,60,template_premium_passenger
478,7,80000,60,template_premium_passenger
478,9,10000,12,template_premium_passenger
478,10,20000,24,template_premium_passenger
478,11,10000,12,template_premium_passenger
478,12,40000,48,template_premium_passenger
478,13,40000,,template_premium_passenger
478,14,60000,,template_premium_passenger
478,15,80000,,template_premium_passenger
478,16,100000,,template_premium_passenger
478,19,80000,60,template_premium_passenger
478,20,60000,,template_premium_passenger
478,21,40000,48,template_premium_passenger
478,23,,36,template_premium_passenger
478,25,,12,template_premium_passenger
478,26,,12,template_premium_passenger
478,28,10000,12,template_premium_passenger
478,29,40000,,template_premium_passenger
478,30,15000,,template_premium_passenger
478,31,,6,template_premium_passenger
478,32,,24,template_premium_passenger
479,1,10000,12,template_premium_passenger
479,2,40000,48,template_premium_passenger
479,4,80000,48,template_premium_passenger
479,5,40000,24,template_premium_passenger
479,6,80000,60,template_premium_passenger
479,7,80000,60,template_premium_passenger
479,9,10000,12,template_premium_passenger
479,10,20000,24,template_premium_passenger
479,11,10000,12,template_premium_passenger
479,12,40000,48,template_premium_passenger
479,13,40000,,template_premium_passenger
479,14,60000,,template_premium_passenger
479,15,80000,,template_premium_passenger
479,16,100000,,template_premium_passenger
479,19,80000,60,template_premium_passenger
479,20,60000,,template_premium_passenger
479,21,40000,48,template_premium_passenger
479,23,,36,template_premium_passenger
479,25,,12,template_premium_passenger
479,26,,12,template_premium_passenger
479,28,10000,12,template_premium_passenger
479,29,40000,,template_premium_passenger
479,30,15000,,template_premium_passenger
479,31,,6,template_premium_passenger
479,32,,24,template_premium_passenger
480,1,10000,12,template_premium_crossover
480,2,40000,48,template_premium_crossover
480,4,80000,48,template_premium_crossover
480,5,40000,24,template_premium_crossover
480,6,80000,60,template_premium_crossover
480,7,60000,60,template_premium_crossover
480,9,10000,12,template_premium_crossover
480,10,20000,24,template_premium_crossover
480,11,10000,12,template_premium_crossover
480,12,40000,48,template_premium_crossover
480,13,40000,,template_premium_crossover
480,14,60000,,template_premium_crossover
480,15,80000,,template_premium_crossover
480,16,100000,,template_premium_crossover
480,19,80000,60,template_premium_crossover
480,20,60000,,template_premium_crossover
480,21,40000,48,template_premium_crossover
480,23,,36,template_premium_crossover
480,25,,12,template_premium_crossover
480,26,,12,template_premium_crossover
480,28,10000,12,template_premium_crossover
480,29,30000,,template_premium_crossover
480,30,15000,,template_premium_crossover
480,31,,6,template_premium_crossover
480,32,,24,template_premium_crossover
